file,chem,pixel,config,day,frange,offset_v,amp_v,c_ext_nf,H_1,ph_1,dc_1,H_2,ph_2,dc_2,H_5,ph_5,dc_5,H_10,ph_10,dc_10,H_20,ph_20,dc_20,H_50,ph_50,dc_50,H_100,ph_100,dc_100,H_1k,ph_1k,dc_1k,H_10k,ph_10k,dc_10k,H_100k,ph_100k,dc_100k,H_500k,ph_500k,dc_500k,c_dev_nf
2025-03-04_unkLi2-L5_LP-2.5pF-noR-config_1daydeg_500-1Hz_250p-1s_0offset_0.5Vpk.txt,unkLi2,L5,LP-2.5pF-noR,1,500-1Hz,0.0,0.5,0.0025,0.18606,-24.29,-0.0659,,,,0.69989,23.06,0.1593,0.79429,17.06,0.0382,0.86715,9.8,0.0039,0.33456,4.6,0.0041,0.90952,2.01,0.0044,,,,,,,,,,,,,
2025-03-04_unkLi2-L5_LP-2.5pF-noR-config_1daydeg_500-1Hz_250p-1s_0offset_1.5Vpk.txt,unkLi2,L5,LP-2.5pF-noR,1,500-1Hz,0.0,1.5,0.0025,0.06251,3.3,0.0415,,,,0.70853,21.89,-0.5191,0.79002,16.85,0.0287,0.86695,9.72,0.0044,1.0506,10.53,0.0045,0.90932,1.92,0.0045,,,,,,,,,,,,,
2025-03-04_unkLi2-L5_LP-2.5pF-noR-config_1daydeg_500-1Hz_250p-1s_0offset_1Vpk.txt,unkLi2,L5,LP-2.5pF-noR,1,500-1Hz,0.0,1.0,0.0025,0.65121,-7.9,-0.4797,,,,0.69505,25.52,0.0884,0.79224,17.02,-0.0542,0.86745,9.73,0.0037,1.1056,-6.68,0.0032,0.90958,1.95,0.0046,,,,,,,,,,,,,
2025-03-04_unkLi2-L5_LP-2.5pF-noR-config_1daydeg_500-1Hz_250p-1s_0offset_2.4Vpk.txt,unkLi2,L5,LP-2.5pF-noR,1,500-1Hz,0.0,2.4,0.0025,0.4744,74.35,0.8092,,,,0.67945,23.28,0.3192,0.78834,16.61,-0.0704,0.8663,9.8,0.0027,0.89245,11.33,0.0045,0.90974,1.91,0.0044,,,,,,,,,,,,,
2025-03-04_unkLi2-L5_LP-2.5pF-noR-config_1daydeg_500-1Hz_250p-1s_0offset_2Vpk.txt,unkLi2,L5,LP-2.5pF-noR,1,500-1Hz,0.0,2.0,0.0025,0.50674,0.83,0.751,,,,0.70164,24.0,-0.425,0.79007,16.76,0.1177,0.86668,9.78,0.0025,0.90667,-4.58,0.0027,0.90966,1.87,0.0034,,,,,,,,,,,,,
2025-03-04_unkLi2-L5_LP-2.5pF-noR-config_1daydeg_5k-1Hz_250p-1s_0offset_0.5Vpk.txt,unkLi2,L5,LP-2.5pF-noR,1,5k-1Hz,0.0,0.5,0.0025,0.39729,82.9,0.1433,,,,,,,,,,0.87114,9.73,0.0038,0.89646,2.99,0.0039,0.90889,2.07,0.0042,0.89844,-0.3,0.0042,,,,,,,,,,0.022
2025-03-04_unkLi2-L5_LP-2.5pF-noR-config_1daydeg_5k-1Hz_250p-1s_0offset_1.5Vpk.txt,unkLi2,L5,LP-2.5pF-noR,1,5k-1Hz,0.0,1.5,0.0025,0.648,36.71,0.7109,,,,,,,,,,0.87084,9.65,0.0035,0.89563,5.97,0.0041,0.90914,2.01,0.0037,0.89889,-0.29,0.0045,,,,,,,,,,0.022
2025-03-04_unkLi2-L5_LP-2.5pF-noR-config_1daydeg_5k-1Hz_250p-1s_0offset_1Vpk.txt,unkLi2,L5,LP-2.5pF-noR,1,5k-1Hz,0.0,1.0,0.0025,0.4001,78.11,0.2877,,,,,,,,,,0.87079,9.46,0.0042,0.91945,4.81,0.0043,0.90926,1.99,0.0049,0.89887,-0.31,0.0047,,,,,,,,,,0.022
2025-03-04_unkLi2-L5_LP-2.5pF-noR-config_1daydeg_5k-1Hz_250p-1s_0offset_2.4Vpk.txt,unkLi2,L5,LP-2.5pF-noR,1,5k-1Hz,0.0,2.4,0.0025,0.35155,76.93,0.5911,,,,,,,,,,0.8711,9.56,0.002,0.90244,4.62,0.0036,0.90902,1.96,0.003,0.89881,-0.3,0.004,,,,,,,,,,0.022
2025-03-04_unkLi2-L5_LP-2.5pF-noR-config_1daydeg_5k-1Hz_250p-1s_0offset_2Vpk.txt,unkLi2,L5,LP-2.5pF-noR,1,5k-1Hz,0.0,2.0,0.0025,0.6698,58.04,0.9732,,,,,,,,,,0.87094,9.6,0.004,0.88906,4.89,0.0038,0.90903,1.98,0.0032,0.89877,-0.3,0.0042,,,,,,,,,,0.022
2025-03-04_unkLi2-R5_LP-2.5pF-noR-config_1daydeg_500-1Hz_250p-1s_0offset_0.5Vpk.txt,unkLi2,R5,LP-2.5pF-noR,1,500-1Hz,0.0,0.5,0.0025,0.24654,-20.56,0.0904,,,,0.67593,25.0,-0.163,0.77377,18.9,-0.0247,0.85738,10.9,0.0039,1.49669,9.5,0.0032,0.90403,2.21,0.0033,,,,,,,,,,,,,
2025-03-04_unkLi2-R5_LP-2.5pF-noR-config_1daydeg_500-1Hz_250p-1s_0offset_1.5Vpk.txt,unkLi2,R5,LP-2.5pF-noR,1,500-1Hz,0.0,1.5,0.0025,0.19839,-32.27,-0.2101,,,,0.64375,24.61,0.3746,0.76712,19.17,0.0941,0.85567,11.11,0.0019,1.05423,11.84,0.0041,0.9038,2.2,0.0019,,,,,,,,,,,,,
2025-03-04_unkLi2-R5_LP-2.5pF-noR-config_1daydeg_500-1Hz_250p-1s_0offset_1Vpk.txt,unkLi2,R5,LP-2.5pF-noR,1,500-1Hz,0.0,1.0,0.0025,0.28912,-19.43,0.2126,,,,0.64848,23.7,-0.3056,0.77114,18.94,-0.0471,0.85707,10.89,0.0031,1.00994,21.52,0.0043,0.90405,2.18,0.0029,,,,,,,,,,,,,
2025-03-04_unkLi2-R5_LP-2.5pF-noR-config_1daydeg_500-1Hz_250p-1s_0offset_2.4Vpk.txt,unkLi2,R5,LP-2.5pF-noR,1,500-1Hz,0.0,2.4,0.0025,0.73985,27.66,-1.3054,,,,0.69031,24.35,0.6628,0.76505,18.82,-0.0539,0.85528,11.12,0.0018,0.77985,7.43,0.004,0.90412,2.16,0.0033,,,,,,,,,,,,,
2025-03-04_unkLi2-R5_LP-2.5pF-noR-config_1daydeg_500-1Hz_250p-1s_0offset_2Vpk.txt,unkLi2,R5,LP-2.5pF-noR,1,500-1Hz,0.0,2.0,0.0025,0.24085,-23.13,0.3521,,,,0.6697,23.55,-0.6878,0.76628,19.06,0.0739,0.8556,11.16,0.0023,0.87359,14.25,0.0057,0.90393,2.17,0.0016,,,,,,,,,,,,,
2025-03-04_unkLi2-R5_LP-2.5pF-noR-config_1daydeg_5k-1Hz_250p-1s_0offset_0.5Vpk.txt,unkLi2,R5,LP-2.5pF-noR,1,5k-1Hz,0.0,0.5,0.0025,0.45868,59.46,-0.1676,,,,,,,,,,0.86118,12.05,0.0024,0.86767,2.4,0.0024,0.90418,2.51,0.0025,0.89346,-0.22,0.0028,,,,,,,,,,0.021
2025-03-04_unkLi2-R5_LP-2.5pF-noR-config_1daydeg_5k-1Hz_250p-1s_0offset_1.5Vpk.txt,unkLi2,R5,LP-2.5pF-noR,1,5k-1Hz,0.0,1.5,0.0025,0.19056,-31.26,-0.2013,,,,,,,,,,0.86203,10.86,0.0036,0.88382,6.71,0.0028,0.90367,2.26,0.0036,0.89426,-0.25,0.0033,,,,,,,,,,0.021
2025-03-04_unkLi2-R5_LP-2.5pF-noR-config_1daydeg_5k-1Hz_250p-1s_0offset_1Vpk.txt,unkLi2,R5,LP-2.5pF-noR,1,5k-1Hz,0.0,1.0,0.0025,0.53583,7.73,0.3964,,,,,,,,,,0.86263,10.54,0.0038,0.90595,4.98,0.0032,0.90424,2.22,0.0037,0.89413,-0.27,0.0034,,,,,,,,,,0.021
2025-03-04_unkLi2-R5_LP-2.5pF-noR-config_1daydeg_5k-1Hz_250p-1s_0offset_2.4Vpk.txt,unkLi2,R5,LP-2.5pF-noR,1,5k-1Hz,0.0,2.4,0.0025,0.39746,75.71,-0.6921,,,,,,,,,,0.8616,10.68,0.0022,0.88859,6.08,0.0027,0.90371,2.2,0.0015,0.89418,-0.26,0.0034,,,,,,,,,,0.021
2025-03-04_unkLi2-R5_LP-2.5pF-noR-config_1daydeg_5k-1Hz_250p-1s_0offset_2Vpk.txt,unkLi2,R5,LP-2.5pF-noR,1,5k-1Hz,0.0,2.0,0.0025,0.52908,58.94,-0.7734,,,,,,,,,,0.86191,10.72,0.0039,0.90042,6.29,0.0029,0.9036,2.22,0.0038,0.89409,-0.25,0.0034,,,,,,,,,,0.021
2025-03-04_unkLi2-R6_LP-2.5pF-noR-config_1daydeg_500-1Hz_250p-1s_0offset_0.5Vpk.txt,unkLi2,R6,LP-2.5pF-noR,1,500-1Hz,0.0,0.5,0.0025,0.71685,43.8,-0.2628,,,,0.73156,21.02,0.1654,0.79382,15.52,0.0061,0.86544,9.18,0.0029,0.79073,-33.86,0.0026,0.90771,1.82,0.0038,,,,,,,,,,,,,
2025-03-04_unkLi2-R6_LP-2.5pF-noR-config_1daydeg_500-1Hz_250p-1s_0offset_1.5Vpk.txt,unkLi2,R6,LP-2.5pF-noR,1,500-1Hz,0.0,1.5,0.0025,0.7789,16.75,0.861,,,,0.69581,21.68,-0.0445,0.79127,15.3,-0.0117,0.8648,9.2,0.0035,1.03759,-3.35,0.0007,0.90823,1.8,0.0053,,,,,,,,,,,,,
2025-03-04_unkLi2-R6_LP-2.5pF-noR-config_1daydeg_500-1Hz_250p-1s_0offset_1Vpk.txt,unkLi2,R6,LP-2.5pF-noR,1,500-1Hz,0.0,1.0,0.0025,0.81921,23.83,-0.6021,,,,0.6862,20.77,0.1208,0.794,15.17,0.0631,0.86597,9.04,0.0035,0.66537,-6.54,0.0031,0.90842,1.78,0.0038,,,,,,,,,,,,,
2025-03-04_unkLi2-R6_LP-2.5pF-noR-config_1daydeg_500-1Hz_250p-1s_0offset_2.4Vpk.txt,unkLi2,R6,LP-2.5pF-noR,1,500-1Hz,0.0,2.4,0.0025,0.8084,19.04,1.4261,,,,0.70993,22.01,-0.2952,0.7922,15.0,0.0637,0.86561,9.21,0.0034,0.86334,10.73,0.0061,0.90839,1.78,0.0049,,,,,,,,,,,,,
2025-03-04_unkLi2-R6_LP-2.5pF-noR-config_1daydeg_500-1Hz_250p-1s_0offset_2Vpk.txt,unkLi2,R6,LP-2.5pF-noR,1,500-1Hz,0.0,2.0,0.0025,0.60487,-8.4,0.8922,,,,0.70131,22.82,-0.3132,0.79185,15.24,-0.0653,0.86525,9.25,0.0029,0.88916,-4.78,0.0005,0.90815,1.79,0.0077,,,,,,,,,,,,,
2025-03-04_unkLi2-R6_LP-2.5pF-noR-config_1daydeg_5k-1Hz_250p-1s_0offset_0.5Vpk.txt,unkLi2,R6,LP-2.5pF-noR,1,5k-1Hz,0.0,0.5,0.0025,0.74377,33.65,-0.2732,,,,,,,,,,0.87042,8.61,0.0034,0.93619,4.5,0.0031,0.90867,1.8,0.0026,0.89605,-0.39,0.0033,,,,,,,,,,0.022
2025-03-04_unkLi2-R6_LP-2.5pF-noR-config_1daydeg_5k-1Hz_250p-1s_0offset_1.5Vpk.txt,unkLi2,R6,LP-2.5pF-noR,1,5k-1Hz,0.0,1.5,0.0025,0.16463,82.72,-0.1613,,,,,,,,,,0.87,8.84,0.0042,0.89014,4.19,0.0048,0.90813,1.82,0.0039,0.89614,-0.36,0.0035,,,,,,,,,,0.022
2025-03-04_unkLi2-R6_LP-2.5pF-noR-config_1daydeg_5k-1Hz_250p-1s_0offset_1Vpk.txt,unkLi2,R6,LP-2.5pF-noR,1,5k-1Hz,0.0,1.0,0.0025,0.73328,2.53,-0.5397,,,,,,,,,,0.8706,8.77,0.0039,0.916,4.22,0.0032,0.90814,1.83,0.0044,0.89614,-0.38,0.0035,,,,,,,,,,0.022
2025-03-04_unkLi2-R6_LP-2.5pF-noR-config_1daydeg_5k-1Hz_250p-1s_0offset_2.4Vpk.txt,unkLi2,R6,LP-2.5pF-noR,1,5k-1Hz,0.0,2.4,0.0025,0.88544,11.81,-1.5637,,,,,,,,,,0.87054,8.61,0.0036,0.89044,4.67,0.0035,0.90825,1.77,0.0056,0.89604,-0.37,0.0034,,,,,,,,,,0.022
2025-03-04_unkLi2-R6_LP-2.5pF-noR-config_1daydeg_5k-1Hz_250p-1s_0offset_2Vpk.txt,unkLi2,R6,LP-2.5pF-noR,1,5k-1Hz,0.0,2.0,0.0025,0.26395,-30.21,0.3836,,,,,,,,,,0.8707,8.72,0.002,0.90676,4.75,0.0033,0.90806,1.81,0.0037,0.89598,-0.37,0.0036,,,,,,,,,,0.022
2025-03-05_unkK2-L5_LP-2.5pF-noR-config_2daydeg_500-1Hz_250p-1s_0offset_0.5Vpk.txt,unkK2,L5,LP-2.5pF-noR,2,500-1Hz,0.0,0.5,0.0025,0.65907,17.56,-0.2423,,,,0.71851,25.67,0.0023,0.83379,16.53,-0.0278,0.90076,9.05,0.0013,1.34078,2.0,0.0018,0.93217,1.69,0.0017,,,,,,,,,,,,,
2025-03-05_unkK2-L5_LP-2.5pF-noR-config_2daydeg_500-1Hz_250p-1s_0offset_1.5Vpk.txt,unkK2,L5,LP-2.5pF-noR,2,500-1Hz,0.0,1.5,0.0025,0.62276,2.71,0.6616,,,,0.73428,22.59,-0.5164,0.83349,16.56,-0.0905,0.90084,9.08,-0.0008,0.81134,3.21,0.0028,0.93099,1.71,0.0022,,,,,,,,,,,,,
2025-03-05_unkK2-L5_LP-2.5pF-noR-config_2daydeg_500-1Hz_250p-1s_0offset_1Vpk.txt,unkK2,L5,LP-2.5pF-noR,2,500-1Hz,0.0,1.0,0.0025,0.24425,-25.82,-0.1778,,,,0.75564,25.11,0.2719,0.8342,16.58,0.0651,0.90109,9.07,0.0017,1.08146,7.85,0.0007,0.93095,1.71,0.0017,,,,,,,,,,,,,
2025-03-05_unkK2-L5_LP-2.5pF-noR-config_2daydeg_500-1Hz_250p-1s_0offset_2.4Vpk.txt,unkK2,L5,LP-2.5pF-noR,2,500-1Hz,0.0,2.4,0.0025,0.7022,7.49,1.2403,,,,0.76026,21.3,-0.9494,0.83191,16.21,-0.0472,0.9007,9.03,0.0019,0.86616,6.12,0.0019,0.93103,1.69,0.0015,,,,,,,,,,,,,
2025-03-05_unkK2-L5_LP-2.5pF-noR-config_2daydeg_500-1Hz_250p-1s_0offset_2Vpk.txt,unkK2,L5,LP-2.5pF-noR,2,500-1Hz,0.0,2.0,0.0025,0.59552,58.91,-0.8704,,,,0.72437,25.35,0.1165,0.83321,16.59,0.1111,0.90086,9.12,0.0017,0.98445,7.82,0.0018,0.93056,1.69,-0.0012,,,,,,,,,,,,,
2025-03-05_unkK2-L5_LP-2.5pF-noR-config_2daydeg_5k-1Hz_250p-1s_0offset_0.5Vpk.txt,unkK2,L5,LP-2.5pF-noR,2,5k-1Hz,0.0,0.5,0.0025,0.23982,81.61,-0.0832,,,,,,,,,,0.90555,7.85,0.0008,0.90429,3.54,0.0011,0.93243,1.62,0.0008,0.92006,-0.44,0.0009,,,,,,,,,,0.029
2025-03-05_unkK2-L5_LP-2.5pF-noR-config_2daydeg_5k-1Hz_250p-1s_0offset_1.5Vpk.txt,unkK2,L5,LP-2.5pF-noR,2,5k-1Hz,0.0,1.5,0.0025,0.2112,86.66,-0.2181,,,,,,,,,,0.90584,8.23,0.0009,0.91661,4.37,0.0015,0.93118,1.6,0.0019,0.91931,-0.41,0.0015,,,,,,,,,,0.028
2025-03-05_unkK2-L5_LP-2.5pF-noR-config_2daydeg_5k-1Hz_250p-1s_0offset_1Vpk.txt,unkK2,L5,LP-2.5pF-noR,2,5k-1Hz,0.0,1.0,0.0025,0.4116,76.37,0.297,,,,,,,,,,0.9058,8.06,0.0018,0.9237,4.86,0.0014,0.9311,1.6,0.0013,0.91971,-0.44,0.0008,,,,,,,,,,0.029
2025-03-05_unkK2-L5_LP-2.5pF-noR-config_2daydeg_5k-1Hz_250p-1s_0offset_2.4Vpk.txt,unkK2,L5,LP-2.5pF-noR,2,5k-1Hz,0.0,2.4,0.0025,0.73,31.9,1.2872,,,,,,,,,,0.90577,8.25,0.0018,0.93082,4.75,0.0015,0.93092,1.64,0.0012,0.91924,-0.41,0.0017,,,,,,,,,,0.028
2025-03-05_unkK2-L5_LP-2.5pF-noR-config_2daydeg_5k-1Hz_250p-1s_0offset_2Vpk.txt,unkK2,L5,LP-2.5pF-noR,2,5k-1Hz,0.0,2.0,0.0025,0.69791,11.26,-1.0167,,,,,,,,,,0.90595,8.22,0.0016,0.92872,4.62,0.0017,0.93083,1.63,0.0017,0.91935,-0.41,0.0016,,,,,,,,,,0.028
2025-03-05_unkK2-R5_LP-2.5pF-noR-config_2daydeg_500-1Hz_250p-1s_0offset_0.5Vpk.txt,unkK2,R5,LP-2.5pF-noR,2,500-1Hz,0.0,0.5,0.0025,0.09132,66.27,-0.0224,,,,0.73774,19.56,-0.1899,0.83002,15.44,0.0381,0.89905,8.67,0.0026,1.23109,18.93,0.0029,0.93141,1.7,0.0027,,,,,,,,,,,,,
2025-03-05_unkK2-R5_LP-2.5pF-noR-config_2daydeg_500-1Hz_250p-1s_0offset_1.5Vpk.txt,unkK2,R5,LP-2.5pF-noR,2,500-1Hz,0.0,1.5,0.0025,0.7456,36.55,-0.8201,,,,0.7172,24.09,0.0595,0.82876,15.52,-0.0443,0.89868,8.75,0.0021,0.99894,-1.96,0.0023,0.93089,1.66,0.0018,,,,,,,,,,,,,
2025-03-05_unkK2-R5_LP-2.5pF-noR-config_2daydeg_500-1Hz_250p-1s_0offset_1Vpk.txt,unkK2,R5,LP-2.5pF-noR,2,500-1Hz,0.0,1.0,0.0025,0.41375,75.47,0.2979,,,,0.70524,22.23,0.1284,0.82954,15.52,-0.0168,0.89875,8.7,0.0032,0.75785,-0.36,0.0025,0.93147,1.66,0.0027,,,,,,,,,,,,,
2025-03-05_unkK2-R5_LP-2.5pF-noR-config_2daydeg_500-1Hz_250p-1s_0offset_2.4Vpk.txt,unkK2,R5,LP-2.5pF-noR,2,500-1Hz,0.0,2.4,0.0025,0.65881,-21.62,-1.1645,,,,0.7606,21.94,0.699,0.82838,15.22,0.1224,0.89834,8.66,0.004,0.96417,7.44,0.0027,0.93158,1.63,0.0026,,,,,,,,,,,,,
2025-03-05_unkK2-R5_LP-2.5pF-noR-config_2daydeg_500-1Hz_250p-1s_0offset_2Vpk.txt,unkK2,R5,LP-2.5pF-noR,2,500-1Hz,0.0,2.0,0.0025,0.76408,10.46,1.1015,,,,0.73054,22.61,-0.2465,0.82858,15.48,0.1606,0.89857,8.76,0.0002,0.92961,-1.86,0.0026,0.93075,1.65,-0.0037,,,,,,,,,,,,,
2025-03-05_unkK2-R5_LP-2.5pF-noR-config_2daydeg_5k-1Hz_250p-1s_0offset_0.5Vpk.txt,unkK2,R5,LP-2.5pF-noR,2,5k-1Hz,0.0,0.5,0.0025,0.57203,-20.87,-0.2106,,,,,,,,,,0.90397,7.57,0.002,0.89954,3.87,0.0018,0.93216,1.58,-0.0027,0.92053,-0.45,0.0011,,,,,,,,,,0.029
2025-03-05_unkK2-R5_LP-2.5pF-noR-config_2daydeg_5k-1Hz_250p-1s_0offset_1.5Vpk.txt,unkK2,R5,LP-2.5pF-noR,2,5k-1Hz,0.0,1.5,0.0025,0.68151,51.15,0.7452,,,,,,,,,,0.904,7.9,0.0021,0.91599,4.45,0.0027,0.93152,1.55,0.0029,0.91963,-0.42,0.0025,,,,,,,,,,0.029
2025-03-05_unkK2-R5_LP-2.5pF-noR-config_2daydeg_5k-1Hz_250p-1s_0offset_1Vpk.txt,unkK2,R5,LP-2.5pF-noR,2,5k-1Hz,0.0,1.0,0.0025,0.74838,7.29,0.5511,,,,,,,,,,0.90422,7.84,0.0017,0.9293,4.37,0.0021,0.93122,1.57,0.001,0.91984,-0.44,0.0027,,,,,,,,,,0.029
2025-03-05_unkK2-R5_LP-2.5pF-noR-config_2daydeg_5k-1Hz_250p-1s_0offset_2.4Vpk.txt,unkK2,R5,LP-2.5pF-noR,2,5k-1Hz,0.0,2.4,0.0025,0.26299,79.57,-0.439,,,,,,,,,,0.90402,7.94,0.0036,0.92193,4.61,0.0027,0.93118,1.57,0.0032,0.91961,-0.42,0.0027,,,,,,,,,,0.029
2025-03-05_unkK2-R5_LP-2.5pF-noR-config_2daydeg_5k-1Hz_250p-1s_0offset_2Vpk.txt,unkK2,R5,LP-2.5pF-noR,2,5k-1Hz,0.0,2.0,0.0025,0.13658,73.0,0.1626,,,,,,,,,,0.90423,7.92,0.0034,0.9273,4.67,0.0034,0.93134,1.59,0.0021,0.91968,-0.42,0.0025,,,,,,,,,,0.029
2025-03-05_unkK2-R6_LP-2.5pF-noR-config_2daydeg_500-1Hz_250p-1s_0offset_0.5Vpk.txt,unkK2,R6,LP-2.5pF-noR,2,500-1Hz,0.0,0.5,0.0025,0.36861,-28.21,0.1356,,,,0.7489,20.53,-0.1635,0.82903,15.12,0.0219,0.89792,8.58,0.0024,1.28458,6.69,0.0024,0.93235,1.64,-0.0052,,,,,,,,,,,,,
2025-03-05_unkK2-R6_LP-2.5pF-noR-config_2daydeg_500-1Hz_250p-1s_0offset_1.5Vpk.txt,unkK2,R6,LP-2.5pF-noR,2,500-1Hz,0.0,1.5,0.0025,0.70839,-1.59,-0.7836,,,,0.73377,22.73,0.2096,0.8279,15.29,0.0603,0.89809,8.65,0.0029,0.81112,4.68,0.0024,0.93105,1.65,0.0022,,,,,,,,,,,,,
2025-03-05_unkK2-R6_LP-2.5pF-noR-config_2daydeg_500-1Hz_250p-1s_0offset_1Vpk.txt,unkK2,R6,LP-2.5pF-noR,2,500-1Hz,0.0,1.0,0.0025,0.77428,9.05,0.5693,,,,0.70367,21.22,0.1674,0.82732,15.22,-0.0224,0.89813,8.62,0.0026,1.04789,10.85,0.0051,0.93164,1.59,0.0028,,,,,,,,,,,,,
2025-03-05_unkK2-R6_LP-2.5pF-noR-config_2daydeg_500-1Hz_250p-1s_0offset_2.4Vpk.txt,unkK2,R6,LP-2.5pF-noR,2,500-1Hz,0.0,2.4,0.0025,0.21347,78.17,-0.345,,,,0.71167,19.02,-0.6274,0.82758,14.88,-0.1581,0.89787,8.55,0.0034,0.95451,-0.41,0.0024,0.93132,1.61,0.0028,,,,,,,,,,,,,
2025-03-05_unkK2-R6_LP-2.5pF-noR-config_2daydeg_500-1Hz_250p-1s_0offset_2Vpk.txt,unkK2,R6,LP-2.5pF-noR,2,500-1Hz,0.0,2.0,0.0025,0.09233,55.06,-0.0724,,,,0.74583,17.98,-0.8139,0.82727,15.07,-0.0612,0.89782,8.6,0.0015,0.88047,-1.24,0.0025,0.93092,1.63,-0.0045,,,,,,,,,,,,,
2025-03-05_unkK2-R6_LP-2.5pF-noR-config_2daydeg_5k-1Hz_250p-1s_0offset_0.5Vpk.txt,unkK2,R6,LP-2.5pF-noR,2,5k-1Hz,0.0,0.5,0.0025,0.30388,-35.26,-0.1109,,,,,,,,,,0.90384,7.55,0.0019,0.91691,5.42,0.0018,0.93295,1.46,0.0018,0.92061,-0.45,0.0018,,,,,,,,,,0.029
2025-03-05_unkK2-R6_LP-2.5pF-noR-config_2daydeg_5k-1Hz_250p-1s_0offset_1.5Vpk.txt,unkK2,R6,LP-2.5pF-noR,2,5k-1Hz,0.0,1.5,0.0025,0.52866,65.92,-0.5749,,,,,,,,,,0.9037,7.8,0.0027,0.9163,3.83,0.0022,0.9319,1.55,0.0036,0.91987,-0.42,0.0027,,,,,,,,,,0.029
2025-03-05_unkK2-R6_LP-2.5pF-noR-config_2daydeg_5k-1Hz_250p-1s_0offset_1Vpk.txt,unkK2,R6,LP-2.5pF-noR,2,5k-1Hz,0.0,1.0,0.0025,0.73142,42.6,-0.5372,,,,,,,,,,0.90379,7.82,0.0017,0.93822,4.47,0.0016,0.93216,1.55,0.002,0.91975,-0.44,0.0022,,,,,,,,,,0.029
2025-03-05_unkK2-R6_LP-2.5pF-noR-config_2daydeg_5k-1Hz_250p-1s_0offset_2.4Vpk.txt,unkK2,R6,LP-2.5pF-noR,2,5k-1Hz,0.0,2.4,0.0025,0.11367,-24.11,0.1677,,,,,,,,,,0.90364,7.86,0.0008,0.91996,4.11,0.0014,0.93154,1.56,0.002,0.91967,-0.42,0.0016,,,,,,,,,,0.029
2025-03-05_unkK2-R6_LP-2.5pF-noR-config_2daydeg_5k-1Hz_250p-1s_0offset_2Vpk.txt,unkK2,R6,LP-2.5pF-noR,2,5k-1Hz,0.0,2.0,0.0025,0.69756,49.47,-1.0208,,,,,,,,,,0.90355,7.84,0.0024,0.92961,4.26,0.0021,0.93171,1.56,0.0029,0.91972,-0.42,0.0033,,,,,,,,,,0.029
2025-03-05_unkNa2-L5_LP-2.5pF-noR-config_2daydeg_500-1Hz_250p-1s_0offset_0.5Vpk.txt,unkNa2,L5,LP-2.5pF-noR,2,500-1Hz,0.0,0.5,0.0025,0.49779,10.64,0.1834,,,,0.72549,27.68,-0.1555,0.81607,19.11,-0.0163,0.88998,10.41,0.002,1.28468,19.13,0.0021,0.92492,2.0,0.0018,,,,,,,,,,,,,
2025-03-05_unkNa2-L5_LP-2.5pF-noR-config_2daydeg_500-1Hz_250p-1s_0offset_1.5Vpk.txt,unkNa2,L5,LP-2.5pF-noR,2,500-1Hz,0.0,1.5,0.0025,0.1086,97.52,-0.1023,,,,0.7251,28.46,-0.4932,0.81768,19.79,0.0688,0.89114,10.73,0.0006,0.83454,12.85,0.0051,0.92369,2.04,0.0011,,,,,,,,,,,,,
2025-03-05_unkNa2-L5_LP-2.5pF-noR-config_2daydeg_500-1Hz_250p-1s_0offset_1Vpk.txt,unkNa2,L5,LP-2.5pF-noR,2,500-1Hz,0.0,1.0,0.0025,0.57817,40.54,-0.4249,,,,0.71333,31.46,0.149,0.817,19.61,-0.0201,0.8914,10.65,0.0011,0.83385,-9.99,0.0021,0.92425,1.99,0.0051,,,,,,,,,,,,,
2025-03-05_unkNa2-L5_LP-2.5pF-noR-config_2daydeg_500-1Hz_250p-1s_0offset_2.4Vpk.txt,unkNa2,L5,LP-2.5pF-noR,2,500-1Hz,0.0,2.4,0.0025,0.40569,83.71,-0.7076,,,,0.7056,26.15,-0.7677,0.81634,19.56,-0.0901,0.89047,10.71,0.0007,1.00944,5.97,0.0017,0.92288,2.03,0.0019,,,,,,,,,,,,,
2025-03-05_unkNa2-L5_LP-2.5pF-noR-config_2daydeg_500-1Hz_250p-1s_0offset_2Vpk.txt,unkNa2,L5,LP-2.5pF-noR,2,500-1Hz,0.0,2.0,0.0025,0.18375,99.32,-0.2539,,,,0.70246,26.76,-0.6762,0.81663,19.67,-0.0155,0.89076,10.73,0.0032,0.81357,7.37,0.0018,0.92289,2.04,0.0019,,,,,,,,,,,,,
2025-03-05_unkNa2-L5_LP-2.5pF-noR-config_2daydeg_5k-1Hz_250p-1s_0offset_0.5Vpk.txt,unkNa2,L5,LP-2.5pF-noR,2,5k-1Hz,0.0,0.5,0.0025,0.47076,76.5,0.172,,,,,,,,,,0.89571,9.81,0.002,0.93097,5.26,0.0019,0.92417,2.02,0.0019,0.9124,-0.34,0.0054,,,,,,,,,,0.026
2025-03-05_unkNa2-L5_LP-2.5pF-noR-config_2daydeg_5k-1Hz_250p-1s_0offset_1.5Vpk.txt,unkNa2,L5,LP-2.5pF-noR,2,5k-1Hz,0.0,1.5,0.0025,0.5794,46.15,-0.638,,,,,,,,,,0.89582,9.86,0.0027,0.92327,4.92,0.0008,0.92317,2.0,0.0031,0.91232,-0.31,0.0012,,,,,,,,,,0.026
2025-03-05_unkNa2-L5_LP-2.5pF-noR-config_2daydeg_5k-1Hz_250p-1s_0offset_1Vpk.txt,unkNa2,L5,LP-2.5pF-noR,2,5k-1Hz,0.0,1.0,0.0025,0.56155,33.7,0.4128,,,,,,,,,,0.89588,9.86,0.0015,0.90256,5.57,0.0018,0.92269,2.02,0.0016,0.91223,-0.33,0.0019,,,,,,,,,,0.026
2025-03-05_unkNa2-L5_LP-2.5pF-noR-config_2daydeg_5k-1Hz_250p-1s_0offset_2.4Vpk.txt,unkNa2,L5,LP-2.5pF-noR,2,5k-1Hz,0.0,2.4,0.0025,0.40769,-1.23,0.7223,,,,,,,,,,0.8956,9.81,0.0006,0.9183,5.51,0.0016,0.9232,1.97,0.0017,0.91254,-0.31,0.0018,,,,,,,,,,0.026
2025-03-05_unkNa2-L5_LP-2.5pF-noR-config_2daydeg_5k-1Hz_250p-1s_0offset_2Vpk.txt,unkNa2,L5,LP-2.5pF-noR,2,5k-1Hz,0.0,2.0,0.0025,0.54079,64.76,-0.7925,,,,,,,,,,0.89565,9.78,0.0022,0.92163,4.98,0.0017,0.92306,2.0,0.0013,0.91247,-0.31,0.0017,,,,,,,,,,0.026
2025-03-05_unkNa2-R5_LP-2.5pF-noR-config_2daydeg_500-1Hz_250p-1s_0offset_0.5Vpk.txt,unkNa2,R5,LP-2.5pF-noR,2,500-1Hz,0.0,0.5,0.0025,0.58627,12.6,0.2161,,,,0.70941,26.14,0.0149,0.82267,17.08,-0.0097,0.89124,9.47,0.0055,1.137,-18.02,0.0007,0.92572,1.76,0.0007,,,,,,,,,,,,,
2025-03-05_unkNa2-R5_LP-2.5pF-noR-config_2daydeg_500-1Hz_250p-1s_0offset_1.5Vpk.txt,unkNa2,R5,LP-2.5pF-noR,2,500-1Hz,0.0,1.5,0.0025,0.23605,-16.45,-0.2578,,,,0.74173,25.85,0.5058,0.82126,18.04,-0.0609,0.89012,9.97,0.001,0.7736,6.73,0.0011,0.92343,1.9,0.0013,,,,,,,,,,,,,
2025-03-05_unkNa2-R5_LP-2.5pF-noR-config_2daydeg_500-1Hz_250p-1s_0offset_1Vpk.txt,unkNa2,R5,LP-2.5pF-noR,2,500-1Hz,0.0,1.0,0.0025,0.61346,55.06,0.4505,,,,0.73034,27.5,-0.2121,0.82171,18.08,0.0787,0.89049,9.96,0.0022,1.05927,-6.28,-0.0001,0.92471,1.91,0.0006,,,,,,,,,,,,,
2025-03-05_unkNa2-R5_LP-2.5pF-noR-config_2daydeg_500-1Hz_250p-1s_0offset_2.4Vpk.txt,unkNa2,R5,LP-2.5pF-noR,2,500-1Hz,0.0,2.4,0.0025,0.25082,89.11,-0.4198,,,,0.72313,24.49,-0.8348,0.8188,17.96,0.2472,0.88983,10.01,0.0004,0.98854,0.46,0.0009,0.92359,1.91,0.0016,,,,,,,,,,,,,
2025-03-05_unkNa2-R5_LP-2.5pF-noR-config_2daydeg_500-1Hz_250p-1s_0offset_2Vpk.txt,unkNa2,R5,LP-2.5pF-noR,2,500-1Hz,0.0,2.0,0.0025,0.60699,16.66,-0.893,,,,0.73938,27.31,0.5031,0.82047,18.1,0.137,0.88996,10.03,0.0011,0.83564,9.14,0.001,0.92341,1.91,0.0015,,,,,,,,,,,,,
2025-03-05_unkNa2-R5_LP-2.5pF-noR-config_2daydeg_5k-1Hz_250p-1s_0offset_0.5Vpk.txt,unkNa2,R5,LP-2.5pF-noR,2,5k-1Hz,0.0,0.5,0.0025,0.59011,57.69,0.2164,,,,,,,,,,0.8953,9.23,0.0008,0.95234,5.6,0.0012,0.92419,1.95,0.001,0.91267,-0.36,0.0014,,,,,,,,,,0.026
2025-03-05_unkNa2-R5_LP-2.5pF-noR-config_2daydeg_5k-1Hz_250p-1s_0offset_1.5Vpk.txt,unkNa2,R5,LP-2.5pF-noR,2,5k-1Hz,0.0,1.5,0.0025,0.61977,37.35,-0.6843,,,,,,,,,,0.89531,9.26,0.0012,0.90941,5.28,0.001,0.92364,1.86,0.0016,0.91286,-0.33,0.0011,,,,,,,,,,0.026
2025-03-05_unkNa2-R5_LP-2.5pF-noR-config_2daydeg_5k-1Hz_250p-1s_0offset_1Vpk.txt,unkNa2,R5,LP-2.5pF-noR,2,5k-1Hz,0.0,1.0,0.0025,0.15033,100.63,0.1007,,,,,,,,,,0.89506,9.31,0.001,0.90271,4.71,0.0013,0.92328,1.93,0.001,0.91265,-0.35,0.0013,,,,,,,,,,0.026
2025-03-05_unkNa2-R5_LP-2.5pF-noR-config_2daydeg_5k-1Hz_250p-1s_0offset_2.4Vpk.txt,unkNa2,R5,LP-2.5pF-noR,2,5k-1Hz,0.0,2.4,0.0025,0.43655,79.31,-0.7591,,,,,,,,,,0.89518,9.29,0.0036,0.91125,4.74,0.0009,0.92325,1.89,0.0046,0.91282,-0.33,0.0014,,,,,,,,,,0.026
2025-03-05_unkNa2-R5_LP-2.5pF-noR-config_2daydeg_5k-1Hz_250p-1s_0offset_2Vpk.txt,unkNa2,R5,LP-2.5pF-noR,2,5k-1Hz,0.0,2.0,0.0025,0.05838,24.49,0.0275,,,,,,,,,,0.89512,9.16,0.0005,0.92105,4.59,0.0014,0.92329,1.87,0.0013,0.91297,-0.33,0.0011,,,,,,,,,,0.026
2025-03-05_unkNa2-R6_LP-2.5pF-noR-config_2daydeg_500-1Hz_250p-1s_0offset_0.5Vpk.txt,unkNa2,R6,LP-2.5pF-noR,2,500-1Hz,0.0,0.5,0.0025,0.45737,19.93,-0.1683,,,,0.73161,30.56,0.1638,0.821,20.34,0.0149,0.89333,10.79,0.0021,1.03058,31.31,0.0021,0.92527,1.97,0.0016,,,,,,,,,,,,,
2025-03-05_unkNa2-R6_LP-2.5pF-noR-config_2daydeg_500-1Hz_250p-1s_0offset_1.5Vpk.txt,unkNa2,R6,LP-2.5pF-noR,2,500-1Hz,0.0,1.5,0.0025,0.27829,-9.06,-0.3069,,,,0.70467,29.02,0.5261,0.82126,20.66,0.0948,0.89289,10.93,0.0017,1.01612,11.52,0.002,0.92326,2.06,0.0021,,,,,,,,,,,,,
2025-03-05_unkNa2-R6_LP-2.5pF-noR-config_2daydeg_500-1Hz_250p-1s_0offset_1Vpk.txt,unkNa2,R6,LP-2.5pF-noR,2,500-1Hz,0.0,1.0,0.0025,0.43522,78.91,0.3174,,,,0.69055,32.6,0.0091,0.82101,20.62,0.0139,0.89323,10.92,0.005,0.93619,-10.17,0.0014,0.92452,2.05,0.0043,,,,,,,,,,,,,
2025-03-05_unkNa2-R6_LP-2.5pF-noR-config_2daydeg_500-1Hz_250p-1s_0offset_2.4Vpk.txt,unkNa2,R6,LP-2.5pF-noR,2,500-1Hz,0.0,2.4,0.0025,0.56921,4.16,-1.0046,,,,0.71755,29.03,0.8663,0.81997,20.67,0.0546,0.89287,10.99,0.014,0.98996,0.52,0.0025,0.92327,2.07,0.0018,,,,,,,,,,,,,
2025-03-05_unkNa2-R6_LP-2.5pF-noR-config_2daydeg_500-1Hz_250p-1s_0offset_2Vpk.txt,unkNa2,R6,LP-2.5pF-noR,2,500-1Hz,0.0,2.0,0.0025,0.46841,72.23,0.6816,,,,0.68815,31.25,0.2229,0.8205,20.7,0.0403,0.89289,10.99,0.0026,0.80613,3.6,0.002,0.92336,2.05,0.0023,,,,,,,,,,,,,
2025-03-05_unkNa2-R6_LP-2.5pF-noR-config_2daydeg_5k-1Hz_250p-1s_0offset_0.5Vpk.txt,unkNa2,R6,LP-2.5pF-noR,2,5k-1Hz,0.0,0.5,0.0025,0.37954,10.84,0.1399,,,,,,,,,,0.89749,10.01,0.002,0.89985,6.54,0.0018,0.92421,1.95,0.0018,0.91291,-0.33,0.0024,,,,,,,,,,0.026
2025-03-05_unkNa2-R6_LP-2.5pF-noR-config_2daydeg_5k-1Hz_250p-1s_0offset_1.5Vpk.txt,unkNa2,R6,LP-2.5pF-noR,2,5k-1Hz,0.0,1.5,0.0025,0.458,76.1,0.5011,,,,,,,,,,0.8977,10.02,0.0013,0.91816,5.55,0.0019,0.92308,2.02,0.0019,0.91306,-0.3,0.002,,,,,,,,,,0.026
2025-03-05_unkNa2-R6_LP-2.5pF-noR-config_2daydeg_5k-1Hz_250p-1s_0offset_1Vpk.txt,unkNa2,R6,LP-2.5pF-noR,2,5k-1Hz,0.0,1.0,0.0025,0.28588,0.54,0.2106,,,,,,,,,,0.89799,10.06,0.0019,0.90858,4.79,0.0016,0.92362,1.98,0.0018,0.91272,-0.32,0.0011,,,,,,,,,,0.026
2025-03-05_unkNa2-R6_LP-2.5pF-noR-config_2daydeg_5k-1Hz_250p-1s_0offset_2.4Vpk.txt,unkNa2,R6,LP-2.5pF-noR,2,5k-1Hz,0.0,2.4,0.0025,0.35596,79.56,0.6122,,,,,,,,,,0.89789,10.09,-0.0002,0.91583,4.97,0.005,0.92322,2.03,0.0107,0.91307,-0.29,-0.0027,,,,,,,,,,0.026
2025-03-05_unkNa2-R6_LP-2.5pF-noR-config_2daydeg_5k-1Hz_250p-1s_0offset_2Vpk.txt,unkNa2,R6,LP-2.5pF-noR,2,5k-1Hz,0.0,2.0,0.0025,0.2093,-9.94,0.3062,,,,,,,,,,0.89766,10.03,-0.0067,0.91762,5.9,0.0034,0.92368,2.03,0.0012,0.91308,-0.3,0.0019,,,,,,,,,,0.026
2025-03-06_unkK2-L5_LP-0.286nF-noR-config_3daydeg_500k-5kHz_100p-1s_0offset_0.5Vpk.txt,unkK2,L5,LP-0.286nF-noR,3,500k-5kHz,0.0,0.5,0.286,,,,,,,,,,,,,,,,,,,,,,,,,0.83041,-1.05,0.0017,0.80938,-2.61,0.0017,0.80039,-8.72,0.0049,
2025-03-06_unkK2-L5_LP-0.5nF-noR-config_3daydeg_500k-5kHz_100p-1s_0offset_0.5Vpk.txt,unkK2,L5,LP-0.5nF-noR,3,500k-5kHz,0.0,0.5,0.5,,,,,,,,,,,,,,,,,,,,,,,,,0.79425,-1.23,0.0019,0.77074,-3.04,-0.0014,0.75845,-10.1,0.0082,
2025-03-06_unkK2-L5_LP-0.667nF-noR-config_3daydeg_500k-5kHz_100p-1s_0offset_0.5Vpk.txt,unkK2,L5,LP-0.667nF-noR,3,500k-5kHz,0.0,0.5,0.667,,,,,,,,,,,,,,,,,,,,,,,,,0.76014,-1.44,0.0016,0.73383,-3.5,0.002,0.72053,-11.66,0.0084,
2025-03-06_unkK2-L5_LP-1.3nF-noR-config_3daydeg_500k-5kHz_100p-1s_0offset_0.5Vpk.txt,unkK2,L5,LP-1.3nF-noR,3,500k-5kHz,0.0,0.5,1.3,,,,,,,,,,,,,,,,,,,,,,,,,0.63737,-2.2,0.0024,0.60329,-5.14,0.003,0.58049,-16.8,0.0138,
2025-03-06_unkK2-L5_LP-1.66nF-noR-config_3daydeg_500k-5kHz_100p-1s_0offset_0.5Vpk.txt,unkK2,L5,LP-1.66nF-noR,3,500k-5kHz,0.0,0.5,1.66,,,,,,,,,,,,,,,,,,,,,,,,,0.59454,-2.42,0.0022,0.5596,-5.59,0.0031,0.53513,-18.22,0.0131,
2025-03-06_unkK2-L5_LP-1nF-noR-config_3daydeg_500k-5kHz_100p-1s_0offset_0.5Vpk.txt,unkK2,L5,LP-1nF-noR,3,500k-5kHz,0.0,0.5,1.0,,,,,,,,,,,,,,,,,,,,,,,,,0.7065,-1.78,0.0015,0.67612,-4.22,-0.0037,0.65832,-13.89,0.008,
2025-03-06_unkK2-L5_LP-2.5pF-noR-config_3daydeg_500k-1kHz_500p-1s_0offset_0.5Vpk.txt,unkK2,L5,LP-2.5pF-noR,3,500k-1kHz,0.0,0.5,0.0025,,,,,,,,,,,,,,,,,,,,,,0.91923,-0.45,0.0014,0.90785,-0.53,0.0014,0.89689,-1.46,0.0012,0.89379,-5.22,-0.0103,0.028
2025-03-06_unkK2-L5_LP-2.5pF-noR-config_3daydeg_500k-5kHz_100p-1s_0offset_0.5Vpk.txt,unkK2,L5,LP-2.5pF-noR,3,500k-5kHz,0.0,0.5,0.0025,,,,,,,,,,,,,,,,,,,,,,,,,0.90827,-0.53,0.0016,0.89732,-1.46,0.0016,0.89453,-5.23,0.0094,
2025-03-06_unkK2-L5_LP-2nF-noR-config_3daydeg_500k-5kHz_100p-1s_0offset_0.5Vpk.txt,unkK2,L5,LP-2nF-noR,3,500k-5kHz,0.0,0.5,2.0,,,,,,,,,,,,,,,,,,,,,,,,,0.56214,-2.64,0.002,0.52605,-6.11,0.0021,0.49702,-19.24,0.0031,
2025-03-06_unkK2-L5_LP-2nF-noR-config_3daydeg_500k-5kHz_100p-1s_0offset_1Vpk.txt,unkK2,L5,LP-2nF-noR,3,500k-5kHz,0.0,1.0,2.0,,,,,,,,,,,,,,,,,,,,,,,,,0.54328,-2.73,0.0019,0.5072,-6.26,0.002,0.48984,-19.98,0.0054,
2025-03-06_unkK2-L5_LP-2nF-noR-config_3daydeg_5k-100Hz_99p-1s_0offset_0.5Vpk.txt,unkK2,L5,LP-2nF-noR,3,5k-100Hz,0.0,0.5,2.0,,,,,,,,,,,,,,,,,,,0.62624,-0.95,0.0017,0.59265,-2.16,0.0021,,,,,,,,,,2.91
2025-03-06_unkK2-L5_LP-2nF-noR-config_3daydeg_5k-500Hz_91p-1s_0offset_0.5Vpk.txt,unkK2,L5,LP-2nF-noR,3,5k-500Hz,0.0,0.5,2.0,,,,,,,,,,,,,,,,,,,,,,0.59243,-2.17,0.0022,,,,,,,,,,2.907
2025-03-06_unkK2-L5_LP-4nF-noR-config_3daydeg_200-1Hz_200p-1s_0offset_0.5Vpk.txt,unkK2,L5,LP-4nF-noR,3,200-1Hz,0.0,0.5,4.0,0.22719,78.4,-0.0799,0.43539,-11.71,-0.1691,0.48562,7.73,0.0962,0.5051,3.36,-0.0061,0.49944,0.23,0.0016,0.3249,18.97,0.0019,0.4758,-2.29,0.0023,,,,,,,,,,,,,
2025-03-06_unkK2-L5_LP-4nF-noR-config_3daydeg_200-1Hz_200p-1s_0offset_1.5Vpk.txt,unkK2,L5,LP-4nF-noR,3,200-1Hz,0.0,1.5,4.0,0.43433,63.53,-0.4727,0.33128,-12.65,-0.352,0.48616,6.94,0.3135,0.50617,3.06,-0.0235,0.49995,0.03,0.0019,0.55628,-2.77,0.002,0.476,-2.3,0.0012,,,,,,,,,,,,,
2025-03-06_unkK2-L5_LP-4nF-noR-config_3daydeg_200-1Hz_200p-1s_0offset_1Vpk.txt,unkK2,L5,LP-4nF-noR,3,200-1Hz,0.0,1.0,4.0,0.5661,47.45,0.4141,0.21395,27.26,-0.0149,0.47982,10.03,-0.0573,0.50556,3.25,0.0058,0.49986,0.12,0.0021,0.39842,-9.45,0.0022,0.47624,-2.24,0.0023,,,,,,,,,,,,,
2025-03-06_unkK2-L5_LP-4nF-noR-config_3daydeg_200-1Hz_200p-1s_0offset_2.4Vpk.txt,unkK2,L5,LP-4nF-noR,3,200-1Hz,0.0,2.4,4.0,0.54066,52.7,-0.9447,0.29626,-13.39,-0.4516,0.49096,6.45,0.3233,0.51349,1.91,0.0751,0.50552,-0.74,0.0015,0.50087,-7.08,0.0022,0.47926,-2.62,0.0022,,,,,,,,,,,,,
2025-03-06_unkK2-L5_LP-4nF-noR-config_3daydeg_200-1Hz_200p-1s_0offset_2Vpk.txt,unkK2,L5,LP-4nF-noR,3,200-1Hz,0.0,2.0,4.0,0.48637,-21.97,0.7176,0.64188,28.19,-0.9814,0.48385,8.94,-0.119,0.50903,2.5,0.03,0.50218,-0.33,0.0046,0.44318,-5.54,0.0035,0.47692,-2.44,0.0034,,,,,,,,,,,,,
2025-03-06_unkK2-L5_LP-4nF-noR-config_3daydeg_500k-1Hz_400p-1s_0offset_0.5Vpk.txt,unkK2,L5,LP-4nF-noR,3,500k-1Hz,0.0,0.5,4.0,0.22719,78.4,-0.0799,0.43539,-11.71,-0.1691,0.48562,7.73,0.0962,0.5051,3.36,-0.0061,0.49944,0.23,0.0016,0.3249,18.97,0.0019,0.4758,-2.29,0.0023,0.44509,-2.93,-0.0004,0.42275,-3.52,0.0021,0.38662,-7.82,0.0022,0.35482,-24.07,0.0115,3.208
2025-03-06_unkK2-L5_LP-4nF-noR-config_3daydeg_500k-1Hz_400p-1s_0offset_1.5Vpk.txt,unkK2,L5,LP-4nF-noR,3,500k-1Hz,0.0,1.5,4.0,0.43433,63.53,-0.4727,0.33128,-12.65,-0.352,0.48616,6.94,0.3135,0.50617,3.06,-0.0235,0.49995,0.03,0.0019,0.55628,-2.77,0.002,0.476,-2.3,0.0012,0.44279,-2.95,0.0008,0.41176,-3.55,0.0022,0.37611,-8.17,-0.0027,0.34392,-25.54,0.0115,3.179
2025-03-06_unkK2-L5_LP-4nF-noR-config_3daydeg_500k-1Hz_400p-1s_0offset_1Vpk.txt,unkK2,L5,LP-4nF-noR,3,500k-1Hz,0.0,1.0,4.0,0.5661,47.45,0.4141,0.21395,27.26,-0.0149,0.47982,10.03,-0.0573,0.50556,3.25,0.0058,0.49986,0.12,0.0021,0.39842,-9.45,0.0022,0.47624,-2.24,0.0023,0.44335,-2.94,0.0024,0.41094,-3.59,0.0027,0.37507,-7.86,0.0021,0.35042,-24.7,0.0108,3.186
2025-03-06_unkK2-L5_LP-4nF-noR-config_3daydeg_500k-1Hz_400p-1s_0offset_2.4Vpk.txt,unkK2,L5,LP-4nF-noR,3,500k-1Hz,0.0,2.4,4.0,0.54066,52.7,-0.9447,0.29626,-13.39,-0.4516,0.49096,6.45,0.3233,0.51349,1.91,0.0751,0.50552,-0.74,0.0015,0.50087,-7.08,0.0022,0.47926,-2.62,0.0022,0.44232,-3.01,0.007,0.41603,-3.51,0.0018,0.38069,-8.21,0.002,0.34771,-25.88,0.0076,3.173
2025-03-06_unkK2-L5_LP-4nF-noR-config_3daydeg_500k-1Hz_400p-1s_0offset_2Vpk.txt,unkK2,L5,LP-4nF-noR,3,500k-1Hz,0.0,2.0,4.0,0.48637,-21.97,0.7176,0.64188,28.19,-0.9814,0.48385,8.94,-0.119,0.50903,2.5,0.03,0.50218,-0.33,0.0046,0.44318,-5.54,0.0035,0.47692,-2.44,0.0034,0.44262,-2.98,0.0033,0.41592,-3.5,0.001,0.38062,-8.21,0.0007,0.34747,-25.83,-0.0112,3.176
2025-03-06_unkK2-L5_LP-4nF-noR-config_3daydeg_500k-5kHz_100p-1s_0offset_0.5Vpk.txt,unkK2,L5,LP-4nF-noR,3,500k-5kHz,0.0,0.5,4.0,,,,,,,,,,,,,,,,,,,,,,,,,0.42275,-3.52,0.0021,0.38662,-7.82,0.0022,0.35482,-24.07,0.0115,
2025-03-06_unkK2-L5_LP-4nF-noR-config_3daydeg_500k-5kHz_100p-1s_0offset_1.5Vpk.txt,unkK2,L5,LP-4nF-noR,3,500k-5kHz,0.0,1.5,4.0,,,,,,,,,,,,,,,,,,,,,,,,,0.41176,-3.55,0.0022,0.37611,-8.17,-0.0027,0.34392,-25.54,0.0115,
2025-03-06_unkK2-L5_LP-4nF-noR-config_3daydeg_500k-5kHz_100p-1s_0offset_1Vpk.txt,unkK2,L5,LP-4nF-noR,3,500k-5kHz,0.0,1.0,4.0,,,,,,,,,,,,,,,,,,,,,,,,,0.41094,-3.59,0.0027,0.37507,-7.86,0.0021,0.35042,-24.7,0.0108,
2025-03-06_unkK2-L5_LP-4nF-noR-config_3daydeg_500k-5kHz_100p-1s_0offset_2.4Vpk.txt,unkK2,L5,LP-4nF-noR,3,500k-5kHz,0.0,2.4,4.0,,,,,,,,,,,,,,,,,,,,,,,,,0.41603,-3.51,0.0018,0.38069,-8.21,0.002,0.34771,-25.88,0.0076,
2025-03-06_unkK2-L5_LP-4nF-noR-config_3daydeg_500k-5kHz_100p-1s_0offset_2Vpk.txt,unkK2,L5,LP-4nF-noR,3,500k-5kHz,0.0,2.0,4.0,,,,,,,,,,,,,,,,,,,,,,,,,0.41592,-3.5,0.001,0.38062,-8.21,0.0007,0.34747,-25.83,-0.0112,
2025-03-06_unkK2-L5_LP-4nF-noR-config_3daydeg_5k-200Hz_97p-1s_0offset_0.5Vpk.txt,unkK2,L5,LP-4nF-noR,3,5k-200Hz,0.0,0.5,4.0,,,,,,,,,,,,,,,,,,,,,,0.44509,-2.93,-0.0004,,,,,,,,,,3.208
2025-03-06_unkK2-L5_LP-4nF-noR-config_3daydeg_5k-200Hz_97p-1s_0offset_1.5Vpk.txt,unkK2,L5,LP-4nF-noR,3,5k-200Hz,0.0,1.5,4.0,,,,,,,,,,,,,,,,,,,,,,0.44279,-2.95,0.0008,,,,,,,,,,3.179
2025-03-06_unkK2-L5_LP-4nF-noR-config_3daydeg_5k-200Hz_97p-1s_0offset_1Vpk.txt,unkK2,L5,LP-4nF-noR,3,5k-200Hz,0.0,1.0,4.0,,,,,,,,,,,,,,,,,,,,,,0.44335,-2.94,0.0024,,,,,,,,,,3.186
2025-03-06_unkK2-L5_LP-4nF-noR-config_3daydeg_5k-200Hz_97p-1s_0offset_2.4Vpk.txt,unkK2,L5,LP-4nF-noR,3,5k-200Hz,0.0,2.4,4.0,,,,,,,,,,,,,,,,,,,,,,0.44232,-3.01,0.007,,,,,,,,,,3.173
2025-03-06_unkK2-L5_LP-4nF-noR-config_3daydeg_5k-200Hz_97p-1s_0offset_2Vpk.txt,unkK2,L5,LP-4nF-noR,3,5k-200Hz,0.0,2.0,4.0,,,,,,,,,,,,,,,,,,,,,,0.44262,-2.98,0.0033,,,,,,,,,,3.176
2025-03-06_unkK2-R5_LP-1.3nF-noR-config_3daydeg_500k-5kHz_100p-1s_0offset_0.5Vpk.txt,unkK2,R5,LP-1.3nF-noR,3,500k-5kHz,0.0,0.5,1.3,,,,,,,,,,,,,,,,,,,,,,,,,0.63845,-2.18,-0.0047,0.6045,-5.14,0.0043,0.58173,-16.79,0.0198,
2025-03-06_unkK2-R5_LP-2.5pF-noR-config_3daydeg_500k-1kHz_500p-1s_0offset_0.5Vpk.txt,unkK2,R5,LP-2.5pF-noR,3,500k-1kHz,0.0,0.5,0.0025,,,,,,,,,,,,,,,,,,,,,,0.92012,-0.45,0.0018,0.90862,-0.52,0.0018,0.89795,-1.46,0.0017,0.89445,-5.22,0.0157,0.029
2025-03-06_unkK2-R5_LP-2.5pF-noR-config_3daydeg_500k-5kHz_100p-1s_0offset_0.5Vpk.txt,unkK2,R5,LP-2.5pF-noR,3,500k-5kHz,0.0,0.5,0.0025,,,,,,,,,,,,,,,,,,,,,,,,,0.90824,-0.53,0.0021,0.89733,-1.46,0.0022,0.89454,-5.23,0.0128,
2025-03-06_unkK2-R5_LP-2nF-noR-config_3daydeg_500k-5kHz_100p-1s_0offset_0.5Vpk.txt,unkK2,R5,LP-2nF-noR,3,500k-5kHz,0.0,0.5,2.0,,,,,,,,,,,,,,,,,,,,,,,,,0.56279,-2.62,0.0034,0.52684,-6.08,0.0036,0.49909,-19.16,0.0252,
2025-03-06_unkK2-R5_LP-2nF-noR-config_3daydeg_5k-500Hz_91p-1s_0offset_0.5Vpk.txt,unkK2,R5,LP-2nF-noR,3,5k-500Hz,0.0,0.5,2.0,,,,,,,,,,,,,,,,,,,,,,0.59335,-2.17,0.0045,,,,,,,,,,2.918
2025-03-06_unkK2-R5_LP-4nF-noR-config_3daydeg_200-1Hz_200p-1s_0offset_0.5Vpk.txt,unkK2,R5,LP-4nF-noR,3,200-1Hz,0.0,0.5,4.0,0.50629,-21.47,-0.1865,0.62428,31.95,0.2359,0.51389,7.45,-0.0769,0.51139,2.03,-0.0017,0.5035,-0.61,0.0031,0.70367,3.64,0.0032,0.47808,-2.43,0.0035,,,,,,,,,,,,,
2025-03-06_unkK2-R5_LP-4nF-noR-config_3daydeg_200-1Hz_200p-1s_0offset_1.5Vpk.txt,unkK2,R5,LP-4nF-noR,3,200-1Hz,0.0,1.5,4.0,0.33458,70.28,-0.3585,0.43539,-15.96,-0.4981,0.51488,8.88,0.1777,0.51205,1.76,0.0236,0.50373,-0.77,0.0022,0.41989,-5.72,0.0032,0.47754,-2.56,0.0035,,,,,,,,,,,,,
2025-03-06_unkK2-R5_LP-4nF-noR-config_3daydeg_200-1Hz_200p-1s_0offset_1Vpk.txt,unkK2,R5,LP-4nF-noR,3,200-1Hz,0.0,1.0,4.0,0.153,72.76,0.1,0.55391,-9.95,0.4384,0.49083,8.0,0.0415,0.51019,2.23,0.0235,0.50314,-0.63,0.0032,0.59743,-0.75,0.0033,0.47714,-2.47,0.0034,,,,,,,,,,,,,
2025-03-06_unkK2-R5_LP-4nF-noR-config_3daydeg_200-1Hz_200p-1s_0offset_2.4Vpk.txt,unkK2,R5,LP-4nF-noR,3,200-1Hz,0.0,2.4,4.0,0.15721,68.18,-0.2428,0.5888,-14.65,-1.1166,0.52644,3.25,0.645,0.51891,0.82,-0.047,0.50859,-1.4,0.003,0.46103,1.38,0.0034,0.48022,-2.84,0.0033,,,,,,,,,,,,,
2025-03-06_unkK2-R5_LP-4nF-noR-config_3daydeg_200-1Hz_200p-1s_0offset_2Vpk.txt,unkK2,R5,LP-4nF-noR,3,200-1Hz,0.0,2.0,4.0,0.76173,11.27,1.1202,0.41434,42.87,-0.527,0.52847,5.08,-0.4419,0.51708,1.02,-0.0116,0.50724,-1.26,0.0037,0.48986,-8.83,0.0034,0.47891,-2.72,0.0036,,,,,,,,,,,,,
2025-03-06_unkK2-R5_LP-4nF-noR-config_3daydeg_500k-1Hz_400p-1s_0offset_0.5Vpk.txt,unkK2,R5,LP-4nF-noR,3,500k-1Hz,0.0,0.5,4.0,0.50629,-21.47,-0.1865,0.62428,31.95,0.2359,0.51389,7.45,-0.0769,0.51139,2.03,-0.0017,0.5035,-0.61,0.0031,0.70367,3.64,0.0032,0.47808,-2.43,0.0035,0.4454,-2.94,-0.002,0.41257,-3.53,0.0041,0.377,-7.87,0.0045,0.35179,-24.82,0.0293,3.212
2025-03-06_unkK2-R5_LP-4nF-noR-config_3daydeg_500k-1Hz_400p-1s_0offset_1.5Vpk.txt,unkK2,R5,LP-4nF-noR,3,500k-1Hz,0.0,1.5,4.0,0.33458,70.28,-0.3585,0.43539,-15.96,-0.4981,0.51488,8.88,0.1777,0.51205,1.76,0.0236,0.50373,-0.77,0.0022,0.41989,-5.72,0.0032,0.47754,-2.56,0.0035,0.44368,-2.98,0.0024,0.41296,-3.51,0.0035,0.3775,-8.18,0.0035,0.34521,-25.6,0.0202,3.19
2025-03-06_unkK2-R5_LP-4nF-noR-config_3daydeg_500k-1Hz_400p-1s_0offset_1Vpk.txt,unkK2,R5,LP-4nF-noR,3,500k-1Hz,0.0,1.0,4.0,0.153,72.76,0.1,0.55391,-9.95,0.4384,0.49083,8.0,0.0415,0.51019,2.23,0.0235,0.50314,-0.63,0.0032,0.59743,-0.75,0.0033,0.47714,-2.47,0.0034,0.44402,-2.96,0.0032,0.41193,-3.55,0.0021,0.37632,-7.87,0.0056,0.35137,-24.74,0.0211,3.195
2025-03-06_unkK2-R5_LP-4nF-noR-config_3daydeg_500k-1Hz_400p-1s_0offset_2.4Vpk.txt,unkK2,R5,LP-4nF-noR,3,500k-1Hz,0.0,2.4,4.0,0.15721,68.18,-0.2428,0.5888,-14.65,-1.1166,0.52644,3.25,0.645,0.51891,0.82,-0.047,0.50859,-1.4,0.003,0.46103,1.38,0.0034,0.48022,-2.84,0.0033,0.44313,-3.06,0.0085,0.41653,-3.49,0.0032,0.38156,-8.21,0.0025,0.34865,-25.89,0.0173,3.183
2025-03-06_unkK2-R5_LP-4nF-noR-config_3daydeg_500k-1Hz_400p-1s_0offset_2Vpk.txt,unkK2,R5,LP-4nF-noR,3,500k-1Hz,0.0,2.0,4.0,0.76173,11.27,1.1202,0.41434,42.87,-0.527,0.52847,5.08,-0.4419,0.51708,1.02,-0.0116,0.50724,-1.26,0.0037,0.48986,-8.83,0.0034,0.47891,-2.72,0.0036,0.44308,-3.02,0.0031,0.41672,-3.47,0.0024,0.38176,-8.21,0.0028,0.34872,-25.87,0.0066,3.182
2025-03-06_unkK2-R5_LP-4nF-noR-config_3daydeg_500k-5kHz_100p-1s_0offset_0.5Vpk.txt,unkK2,R5,LP-4nF-noR,3,500k-5kHz,0.0,0.5,4.0,,,,,,,,,,,,,,,,,,,,,,,,,0.41257,-3.53,0.0041,0.377,-7.87,0.0045,0.35179,-24.82,0.0293,
2025-03-06_unkK2-R5_LP-4nF-noR-config_3daydeg_500k-5kHz_100p-1s_0offset_1.5Vpk.txt,unkK2,R5,LP-4nF-noR,3,500k-5kHz,0.0,1.5,4.0,,,,,,,,,,,,,,,,,,,,,,,,,0.41296,-3.51,0.0035,0.3775,-8.18,0.0035,0.34521,-25.6,0.0202,
2025-03-06_unkK2-R5_LP-4nF-noR-config_3daydeg_500k-5kHz_100p-1s_0offset_1Vpk.txt,unkK2,R5,LP-4nF-noR,3,500k-5kHz,0.0,1.0,4.0,,,,,,,,,,,,,,,,,,,,,,,,,0.41193,-3.55,0.0021,0.37632,-7.87,0.0056,0.35137,-24.74,0.0211,
2025-03-06_unkK2-R5_LP-4nF-noR-config_3daydeg_500k-5kHz_100p-1s_0offset_2.4Vpk.txt,unkK2,R5,LP-4nF-noR,3,500k-5kHz,0.0,2.4,4.0,,,,,,,,,,,,,,,,,,,,,,,,,0.41653,-3.49,0.0032,0.38156,-8.21,0.0025,0.34865,-25.89,0.0173,
2025-03-06_unkK2-R5_LP-4nF-noR-config_3daydeg_500k-5kHz_100p-1s_0offset_2Vpk.txt,unkK2,R5,LP-4nF-noR,3,500k-5kHz,0.0,2.0,4.0,,,,,,,,,,,,,,,,,,,,,,,,,0.41672,-3.47,0.0024,0.38176,-8.21,0.0028,0.34872,-25.87,0.0066,
2025-03-06_unkK2-R5_LP-4nF-noR-config_3daydeg_5k-200Hz_97p-1s_0offset_0.5Vpk.txt,unkK2,R5,LP-4nF-noR,3,5k-200Hz,0.0,0.5,4.0,,,,,,,,,,,,,,,,,,,,,,0.4454,-2.94,-0.002,,,,,,,,,,3.212
2025-03-06_unkK2-R5_LP-4nF-noR-config_3daydeg_5k-200Hz_97p-1s_0offset_1.5Vpk.txt,unkK2,R5,LP-4nF-noR,3,5k-200Hz,0.0,1.5,4.0,,,,,,,,,,,,,,,,,,,,,,0.44368,-2.98,0.0024,,,,,,,,,,3.19
2025-03-06_unkK2-R5_LP-4nF-noR-config_3daydeg_5k-200Hz_97p-1s_0offset_1Vpk.txt,unkK2,R5,LP-4nF-noR,3,5k-200Hz,0.0,1.0,4.0,,,,,,,,,,,,,,,,,,,,,,0.44402,-2.96,0.0032,,,,,,,,,,3.195
2025-03-06_unkK2-R5_LP-4nF-noR-config_3daydeg_5k-200Hz_97p-1s_0offset_2.4Vpk.txt,unkK2,R5,LP-4nF-noR,3,5k-200Hz,0.0,2.4,4.0,,,,,,,,,,,,,,,,,,,,,,0.44313,-3.06,0.0085,,,,,,,,,,3.183
2025-03-06_unkK2-R5_LP-4nF-noR-config_3daydeg_5k-200Hz_97p-1s_0offset_2Vpk.txt,unkK2,R5,LP-4nF-noR,3,5k-200Hz,0.0,2.0,4.0,,,,,,,,,,,,,,,,,,,,,,0.44308,-3.02,0.0031,,,,,,,,,,3.182
2025-03-06_unkK2-R6_LP-1.3nF-noR-config_3daydeg_500k-5kHz_100p-1s_0offset_0.5Vpk.txt,unkK2,R6,LP-1.3nF-noR,3,500k-5kHz,0.0,0.5,1.3,,,,,,,,,,,,,,,,,,,,,,,,,0.63939,-2.15,0.003,0.60597,-5.04,0.0011,0.58427,-16.42,0.0278,
2025-03-06_unkK2-R6_LP-2nF-noR-config_3daydeg_500k-5kHz_100p-1s_0offset_0.5Vpk.txt,unkK2,R6,LP-2nF-noR,3,500k-5kHz,0.0,0.5,2.0,,,,,,,,,,,,,,,,,,,,,,,,,0.56302,-2.59,0.0035,0.52746,-5.97,0.0041,0.50083,-18.9,0.0288,
2025-03-06_unkK2-R6_LP-4nF-noR-config_3daydeg_200-1Hz_200p-1s_0offset_0.5Vpk.txt,unkK2,R6,LP-4nF-noR,3,200-1Hz,0.0,0.5,4.0,0.36771,67.32,0.1322,0.41585,-18.66,0.1578,0.49651,5.06,-0.0956,0.51395,1.55,-0.0063,0.50465,-0.9,0.0036,0.51603,-27.76,0.0029,0.47741,-2.56,0.0033,,,,,,,,,,,,,
2025-03-06_unkK2-R6_LP-4nF-noR-config_3daydeg_200-1Hz_200p-1s_0offset_1.5Vpk.txt,unkK2,R6,LP-4nF-noR,3,200-1Hz,0.0,1.5,4.0,0.40237,64.3,-0.435,0.36105,-19.62,-0.3937,0.49055,5.69,0.1874,0.51514,1.29,-0.0143,0.50559,-1.1,0.0032,0.52491,4.92,0.0004,0.47837,-2.65,0.0057,,,,,,,,,,,,,
2025-03-06_unkK2-R6_LP-4nF-noR-config_3daydeg_200-1Hz_200p-1s_0offset_1Vpk.txt,unkK2,R6,LP-4nF-noR,3,200-1Hz,0.0,1.0,4.0,0.72303,21.18,0.5311,0.33974,43.0,-0.1881,0.49248,6.75,-0.0891,0.5136,1.53,0.0108,0.50457,-0.9,0.0041,0.41398,8.15,0.0032,0.47744,-2.57,0.0016,,,,,,,,,,,,,
2025-03-06_unkK2-R6_LP-4nF-noR-config_3daydeg_200-1Hz_200p-1s_0offset_2.4Vpk.txt,unkK2,R6,LP-4nF-noR,3,200-1Hz,0.0,2.4,4.0,0.78122,13.86,1.3781,0.26459,31.96,-0.2365,0.52149,5.15,0.2022,0.52185,0.4,0.0446,0.51015,-1.73,0.0028,0.45317,-5.44,0.0026,0.48053,-2.92,0.0035,,,,,,,,,,,,,
2025-03-06_unkK2-R6_LP-4nF-noR-config_3daydeg_200-1Hz_200p-1s_0offset_2Vpk.txt,unkK2,R6,LP-4nF-noR,3,200-1Hz,0.0,2.0,4.0,0.38992,-39.84,0.5732,0.73119,18.35,-1.1262,0.51391,5.46,-0.0302,0.5226,0.35,0.0499,0.51061,-1.7,0.0032,0.4457,0.44,0.0034,0.48078,-2.91,0.0039,,,,,,,,,,,,,
2025-03-06_unkK2-R6_LP-4nF-noR-config_3daydeg_500k-1Hz_400p-1s_0offset_0.5Vpk.txt,unkK2,R6,LP-4nF-noR,3,500k-1Hz,0.0,0.5,4.0,0.36771,67.32,0.1322,0.41585,-18.66,0.1578,0.49651,5.06,-0.0956,0.51395,1.55,-0.0063,0.50465,-0.9,0.0036,0.51603,-27.76,0.0029,0.47741,-2.56,0.0033,0.4456,-2.94,0.0033,0.41326,-3.49,0.0032,0.37809,-7.72,0.0028,0.35469,-24.31,0.0161,3.215
2025-03-06_unkK2-R6_LP-4nF-noR-config_3daydeg_500k-1Hz_400p-1s_0offset_1.5Vpk.txt,unkK2,R6,LP-4nF-noR,3,500k-1Hz,0.0,1.5,4.0,0.40237,64.3,-0.435,0.36105,-19.62,-0.3937,0.49055,5.69,0.1874,0.51514,1.29,-0.0143,0.50559,-1.1,0.0032,0.52491,4.92,0.0004,0.47837,-2.65,0.0057,0.44409,-2.96,0.0032,0.41397,-3.47,0.0033,0.37894,-8.03,0.003,0.34803,-25.12,0.0186,3.195
2025-03-06_unkK2-R6_LP-4nF-noR-config_3daydeg_500k-1Hz_400p-1s_0offset_1Vpk.txt,unkK2,R6,LP-4nF-noR,3,500k-1Hz,0.0,1.0,4.0,0.72303,21.18,0.5311,0.33974,43.0,-0.1881,0.49248,6.75,-0.0891,0.5136,1.53,0.0108,0.50457,-0.9,0.0041,0.41398,8.15,0.0032,0.47744,-2.57,0.0016,0.44446,-2.95,0.0036,0.41281,-3.51,0.0031,0.37755,-7.76,0.0064,0.34735,-23.74,0.0182,3.2
2025-03-06_unkK2-R6_LP-4nF-noR-config_3daydeg_500k-1Hz_400p-1s_0offset_2.4Vpk.txt,unkK2,R6,LP-4nF-noR,3,500k-1Hz,0.0,2.4,4.0,0.78122,13.86,1.3781,0.26459,31.96,-0.2365,0.52149,5.15,0.2022,0.52185,0.4,0.0446,0.51015,-1.73,0.0028,0.45317,-5.44,0.0026,0.48053,-2.92,0.0035,0.44394,-3.04,0.0025,0.41699,-3.45,-0.0066,0.38246,-8.06,0.0037,0.35116,-25.4,0.0161,3.193
2025-03-06_unkK2-R6_LP-4nF-noR-config_3daydeg_500k-1Hz_400p-1s_0offset_2Vpk.txt,unkK2,R6,LP-4nF-noR,3,500k-1Hz,0.0,2.0,4.0,0.38992,-39.84,0.5732,0.73119,18.35,-1.1262,0.51391,5.46,-0.0302,0.5226,0.35,0.0499,0.51061,-1.7,0.0032,0.4457,0.44,0.0034,0.48078,-2.91,0.0039,0.44378,-3.0,-0.0034,0.41776,-3.42,0.0025,0.38317,-8.06,0.0022,0.35143,-25.4,0.0054,3.191
2025-03-06_unkK2-R6_LP-4nF-noR-config_3daydeg_500k-5kHz_100p-1s_0offset_0.5Vpk.txt,unkK2,R6,LP-4nF-noR,3,500k-5kHz,0.0,0.5,4.0,,,,,,,,,,,,,,,,,,,,,,,,,0.41326,-3.49,0.0032,0.37809,-7.72,0.0028,0.35469,-24.31,0.0161,
2025-03-06_unkK2-R6_LP-4nF-noR-config_3daydeg_500k-5kHz_100p-1s_0offset_1.5Vpk.txt,unkK2,R6,LP-4nF-noR,3,500k-5kHz,0.0,1.5,4.0,,,,,,,,,,,,,,,,,,,,,,,,,0.41397,-3.47,0.0033,0.37894,-8.03,0.003,0.34803,-25.12,0.0186,
2025-03-06_unkK2-R6_LP-4nF-noR-config_3daydeg_500k-5kHz_100p-1s_0offset_1Vpk.txt,unkK2,R6,LP-4nF-noR,3,500k-5kHz,0.0,1.0,4.0,,,,,,,,,,,,,,,,,,,,,,,,,0.41281,-3.51,0.0031,0.37755,-7.76,0.0064,0.34735,-23.74,0.0182,
2025-03-06_unkK2-R6_LP-4nF-noR-config_3daydeg_500k-5kHz_100p-1s_0offset_2.4Vpk.txt,unkK2,R6,LP-4nF-noR,3,500k-5kHz,0.0,2.4,4.0,,,,,,,,,,,,,,,,,,,,,,,,,0.41699,-3.45,-0.0066,0.38246,-8.06,0.0037,0.35116,-25.4,0.0161,
2025-03-06_unkK2-R6_LP-4nF-noR-config_3daydeg_500k-5kHz_100p-1s_0offset_2Vpk.txt,unkK2,R6,LP-4nF-noR,3,500k-5kHz,0.0,2.0,4.0,,,,,,,,,,,,,,,,,,,,,,,,,0.41776,-3.42,0.0025,0.38317,-8.06,0.0022,0.35143,-25.4,0.0054,
2025-03-06_unkK2-R6_LP-4nF-noR-config_3daydeg_5k-200Hz_97p-1s_0offset_0.5Vpk.txt,unkK2,R6,LP-4nF-noR,3,5k-200Hz,0.0,0.5,4.0,,,,,,,,,,,,,,,,,,,,,,0.4456,-2.94,0.0033,,,,,,,,,,3.215
2025-03-06_unkK2-R6_LP-4nF-noR-config_3daydeg_5k-200Hz_97p-1s_0offset_1.5Vpk.txt,unkK2,R6,LP-4nF-noR,3,5k-200Hz,0.0,1.5,4.0,,,,,,,,,,,,,,,,,,,,,,0.44409,-2.96,0.0032,,,,,,,,,,3.195
2025-03-06_unkK2-R6_LP-4nF-noR-config_3daydeg_5k-200Hz_97p-1s_0offset_1Vpk.txt,unkK2,R6,LP-4nF-noR,3,5k-200Hz,0.0,1.0,4.0,,,,,,,,,,,,,,,,,,,,,,0.44446,-2.95,0.0036,,,,,,,,,,3.2
2025-03-06_unkK2-R6_LP-4nF-noR-config_3daydeg_5k-200Hz_97p-1s_0offset_2.4Vpk.txt,unkK2,R6,LP-4nF-noR,3,5k-200Hz,0.0,2.4,4.0,,,,,,,,,,,,,,,,,,,,,,0.44394,-3.04,0.0025,,,,,,,,,,3.193
2025-03-06_unkK2-R6_LP-4nF-noR-config_3daydeg_5k-200Hz_97p-1s_0offset_2Vpk.txt,unkK2,R6,LP-4nF-noR,3,5k-200Hz,0.0,2.0,4.0,,,,,,,,,,,,,,,,,,,,,,0.44378,-3.0,-0.0034,,,,,,,,,,3.191
2025-03-06_unkNa2-L6_LP-4nF-noR-config_3daydeg_500k-5kHz_100p-1s_0offset_0.5Vpk.txt,unkNa2,L6,LP-4nF-noR,3,500k-5kHz,0.0,0.5,4.0,,,,,,,,,,,,,,,,,,,,,,,,,0.40006,-2.61,0.0064,0.37515,-7.29,0.007,0.34548,-24.87,0.0056,
2025-03-06_unkNa2-L6_LP-4nF-noR-config_3daydeg_500k-5kHz_100p-1s_0offset_1.5Vpk.txt,unkNa2,L6,LP-4nF-noR,3,500k-5kHz,0.0,1.5,4.0,,,,,,,,,,,,,,,,,,,,,,,,,0.39995,-2.58,0.0342,0.3754,-7.56,0.0345,0.34487,-26.24,0.035,
2025-03-06_unkNa2-L6_LP-4nF-noR-config_3daydeg_500k-5kHz_100p-1s_0offset_1Vpk.txt,unkNa2,L6,LP-4nF-noR,3,500k-5kHz,0.0,1.0,4.0,,,,,,,,,,,,,,,,,,,,,,,,,0.39965,-2.62,0.0161,0.37479,-7.29,0.0179,0.34509,-24.91,0.0167,
2025-03-06_unkNa2-L6_LP-4nF-noR-config_3daydeg_500k-5kHz_100p-1s_0offset_2.4Vpk.txt,unkNa2,L6,LP-4nF-noR,3,500k-5kHz,0.0,2.4,4.0,,,,,,,,,,,,,,,,,,,,,,,,,0.40144,-4.75,-0.2707,0.37503,-7.64,-0.1546,0.34442,-26.24,0.1045,
2025-03-06_unkNa2-L6_LP-4nF-noR-config_3daydeg_500k-5kHz_100p-1s_0offset_2Vpk.txt,unkNa2,L6,LP-4nF-noR,3,500k-5kHz,0.0,2.0,4.0,,,,,,,,,,,,,,,,,,,,,,,,,0.39971,-2.6,0.0752,0.37512,-7.56,0.0761,0.3446,-26.24,0.0596,
2025-03-06_unkNa2-L6_LP-4nF-noR-config_3daydeg_5k-200Hz_97p-1s_0offset_0.5Vpk.txt,unkNa2,L6,LP-4nF-noR,3,5k-200Hz,0.0,0.5,4.0,,,,,,,,,,,,,,,,,,,,,,0.44615,-12.51,-0.0021,,,,,,,,,,3.222
2025-03-06_unkNa2-L6_LP-4nF-noR-config_3daydeg_5k-200Hz_97p-1s_0offset_1.5Vpk.txt,unkNa2,L6,LP-4nF-noR,3,5k-200Hz,0.0,1.5,4.0,,,,,,,,,,,,,,,,,,,,,,0.45904,-14.75,-0.0558,,,,,,,,,,3.394
2025-03-06_unkNa2-L6_LP-4nF-noR-config_3daydeg_5k-200Hz_97p-1s_0offset_1Vpk.txt,unkNa2,L6,LP-4nF-noR,3,5k-200Hz,0.0,1.0,4.0,,,,,,,,,,,,,,,,,,,,,,0.44506,-12.29,-0.0232,,,,,,,,,,3.208
2025-03-06_unkNa2-L6_LP-4nF-noR-config_3daydeg_5k-200Hz_97p-1s_0offset_2.4Vpk.txt,unkNa2,L6,LP-4nF-noR,3,5k-200Hz,0.0,2.4,4.0,,,,,,,,,,,,,,,,,,,,,,0.4336,-10.68,-0.1574,,,,,,,,,,3.062
2025-03-06_unkNa2-L6_LP-4nF-noR-config_3daydeg_5k-200Hz_97p-1s_0offset_2Vpk.txt,unkNa2,L6,LP-4nF-noR,3,5k-200Hz,0.0,2.0,4.0,,,,,,,,,,,,,,,,,,,,,,0.46961,-16.48,-0.1334,,,,,,,,,,
2025-03-06_unkNa2-R5_LP-4nF-noR-config_3daydeg_500k-5kHz_100p-1s_0offset_0.5Vpk.txt,unkNa2,R5,LP-4nF-noR,3,500k-5kHz,0.0,0.5,4.0,,,,,,,,,,,,,,,,,,,,,,,,,0.40162,-2.73,0.001,0.37568,-7.28,0.0009,0.34684,-24.51,-0.0004,
2025-03-06_unkNa2-R5_LP-4nF-noR-config_3daydeg_500k-5kHz_100p-1s_0offset_1.5Vpk.txt,unkNa2,R5,LP-4nF-noR,3,500k-5kHz,0.0,1.5,4.0,,,,,,,,,,,,,,,,,,,,,,,,,0.40102,-2.7,0.0018,0.37533,-7.55,0.002,0.34561,-25.85,0.0027,
2025-03-06_unkNa2-R5_LP-4nF-noR-config_3daydeg_500k-5kHz_100p-1s_0offset_1Vpk.txt,unkNa2,R5,LP-4nF-noR,3,500k-5kHz,0.0,1.0,4.0,,,,,,,,,,,,,,,,,,,,,,,,,0.40075,-2.74,0.0013,0.37471,-7.28,0.0014,0.34568,-24.49,-0.0004,
2025-03-06_unkNa2-R5_LP-4nF-noR-config_3daydeg_500k-5kHz_100p-1s_0offset_2.4Vpk.txt,unkNa2,R5,LP-4nF-noR,3,500k-5kHz,0.0,2.4,4.0,,,,,,,,,,,,,,,,,,,,,,,,,0.40044,-2.73,0.0021,0.37467,-7.55,0.0025,0.34477,-25.85,0.0024,
2025-03-06_unkNa2-R5_LP-4nF-noR-config_3daydeg_500k-5kHz_100p-1s_0offset_2Vpk.txt,unkNa2,R5,LP-4nF-noR,3,500k-5kHz,0.0,2.0,4.0,,,,,,,,,,,,,,,,,,,,,,,,,0.4006,-2.72,0.0021,0.37491,-7.55,0.0024,0.34506,-25.85,0.0024,
2025-03-06_unkNa2-R5_LP-4nF-noR-config_3daydeg_5k-200Hz_97p-1s_0offset_0.5Vpk.txt,unkNa2,R5,LP-4nF-noR,3,5k-200Hz,0.0,0.5,4.0,,,,,,,,,,,,,,,,,,,,,,0.42207,-2.34,0.0025,,,,,,,,,,2.921
2025-03-06_unkNa2-R5_LP-4nF-noR-config_3daydeg_5k-200Hz_97p-1s_0offset_1.5Vpk.txt,unkNa2,R5,LP-4nF-noR,3,5k-200Hz,0.0,1.5,4.0,,,,,,,,,,,,,,,,,,,,,,0.42207,-2.37,0.0025,,,,,,,,,,2.921
2025-03-06_unkNa2-R5_LP-4nF-noR-config_3daydeg_5k-200Hz_97p-1s_0offset_1Vpk.txt,unkNa2,R5,LP-4nF-noR,3,5k-200Hz,0.0,1.0,4.0,,,,,,,,,,,,,,,,,,,,,,0.42194,-2.37,0.0028,,,,,,,,,,2.92
2025-03-06_unkNa2-R5_LP-4nF-noR-config_3daydeg_5k-200Hz_97p-1s_0offset_2.4Vpk.txt,unkNa2,R5,LP-4nF-noR,3,5k-200Hz,0.0,2.4,4.0,,,,,,,,,,,,,,,,,,,,,,0.42173,-2.42,0.0016,,,,,,,,,,2.917
2025-03-06_unkNa2-R5_LP-4nF-noR-config_3daydeg_5k-200Hz_97p-1s_0offset_2Vpk.txt,unkNa2,R5,LP-4nF-noR,3,5k-200Hz,0.0,2.0,4.0,,,,,,,,,,,,,,,,,,,,,,0.42189,-2.4,0.0022,,,,,,,,,,2.919
2025-03-06_unkNa2-R6_LP-4nF-noR-config_3daydeg_500k-5kHz_100p-1s_0offset_0.5Vpk.txt,unkNa2,R6,LP-4nF-noR,3,500k-5kHz,0.0,0.5,4.0,,,,,,,,,,,,,,,,,,,,,,,,,0.40356,-2.62,0.0015,0.37847,-7.33,0.0016,0.34837,-25.09,0.001,
2025-03-06_unkNa2-R6_LP-4nF-noR-config_3daydeg_500k-5kHz_100p-1s_0offset_1.5Vpk.txt,unkNa2,R6,LP-4nF-noR,3,500k-5kHz,0.0,1.5,4.0,,,,,,,,,,,,,,,,,,,,,,,,,0.40326,-2.59,0.0021,0.37849,-7.6,0.0024,0.34749,-26.46,0.0056,
2025-03-06_unkNa2-R6_LP-4nF-noR-config_3daydeg_500k-5kHz_100p-1s_0offset_1Vpk.txt,unkNa2,R6,LP-4nF-noR,3,500k-5kHz,0.0,1.0,4.0,,,,,,,,,,,,,,,,,,,,,,,,,0.40295,-2.63,0.0048,0.37777,-7.34,0.0021,0.3476,-25.08,0.0026,
2025-03-06_unkNa2-R6_LP-4nF-noR-config_3daydeg_500k-5kHz_100p-1s_0offset_2.4Vpk.txt,unkNa2,R6,LP-4nF-noR,3,500k-5kHz,0.0,2.4,4.0,,,,,,,,,,,,,,,,,,,,,,,,,0.40279,-2.61,0.0019,0.37793,-7.61,0.0025,0.34696,-26.47,0.006,
2025-03-06_unkNa2-R6_LP-4nF-noR-config_3daydeg_500k-5kHz_100p-1s_0offset_2Vpk.txt,unkNa2,R6,LP-4nF-noR,3,500k-5kHz,0.0,2.0,4.0,,,,,,,,,,,,,,,,,,,,,,,,,0.40292,-2.6,0.0022,0.37813,-7.6,0.0026,0.34717,-26.44,-0.0191,
2025-03-06_unkNa2-R6_LP-4nF-noR-config_3daydeg_5k-200Hz_97p-1s_0offset_0.5Vpk.txt,unkNa2,R6,LP-4nF-noR,3,5k-200Hz,0.0,0.5,4.0,,,,,,,,,,,,,,,,,,,,,,0.42295,-2.18,0.0027,,,,,,,,,,2.932
2025-03-06_unkNa2-R6_LP-4nF-noR-config_3daydeg_5k-200Hz_97p-1s_0offset_1.5Vpk.txt,unkNa2,R6,LP-4nF-noR,3,5k-200Hz,0.0,1.5,4.0,,,,,,,,,,,,,,,,,,,,,,0.42307,-2.17,0.0111,,,,,,,,,,2.933
2025-03-06_unkNa2-R6_LP-4nF-noR-config_3daydeg_5k-200Hz_97p-1s_0offset_1Vpk.txt,unkNa2,R6,LP-4nF-noR,3,5k-200Hz,0.0,1.0,4.0,,,,,,,,,,,,,,,,,,,,,,0.42299,-2.17,0.0026,,,,,,,,,,2.932
2025-03-06_unkNa2-R6_LP-4nF-noR-config_3daydeg_5k-200Hz_97p-1s_0offset_2.4Vpk.txt,unkNa2,R6,LP-4nF-noR,3,5k-200Hz,0.0,2.4,4.0,,,,,,,,,,,,,,,,,,,,,,0.42278,-2.22,0.002,,,,,,,,,,2.93
2025-03-06_unkNa2-R6_LP-4nF-noR-config_3daydeg_5k-200Hz_97p-1s_0offset_2Vpk.txt,unkNa2,R6,LP-4nF-noR,3,5k-200Hz,0.0,2.0,4.0,,,,,,,,,,,,,,,,,,,,,,0.42283,-2.19,0.0023,,,,,,,,,,2.93
2025-03-07_unkK2-L5_LP-4nF-noR-config_4daydeg_200-1Hz_200p-1s_-1.4offset_1.4Vpk.txt,unkK2,L5,LP-4nF-noR,4,200-1Hz,-1.4,1.4,4.0,0.34927,-133.22,-0.362,0.96561,100.29,-1.0404,1.61409,-14.63,-2.5271,0.98876,-4.89,-1.9486,0.93485,-7.97,-1.926,0.8665,-11.71,-1.9387,0.8162,-17.17,-1.9481,,,,,,,,,,,,,
2025-03-07_unkK2-L5_LP-4nF-noR-config_4daydeg_200-1Hz_200p-1s_1.4offset_1.4Vpk.txt,unkK2,L5,LP-4nF-noR,4,200-1Hz,1.4,1.4,4.0,0.96611,-112.1,1.0023,1.25724,88.65,1.371,1.73928,7.88,2.6017,1.0108,-2.77,1.9709,0.93881,-7.58,1.9292,0.92285,-13.04,1.9456,0.83408,-16.47,1.959,,,,,,,,,,,,,
2025-03-07_unkK2-L5_LP-4nF-noR-config_4daydeg_500k-1Hz_400p-1s_-1.4offset_1.4Vpk.txt,unkK2,L5,LP-4nF-noR,4,500k-1Hz,-1.4,1.4,4.0,0.34927,-133.22,-0.362,0.96561,100.29,-1.0404,1.61409,-14.63,-2.5271,0.98876,-4.89,-1.9486,0.93485,-7.97,-1.926,0.8665,-11.71,-1.9387,0.8162,-17.17,-1.9481,0.51304,-17.43,-1.9699,0.45821,-15.91,-1.9728,0.38163,-10.16,-1.9729,0.34675,-26.57,-1.9744,
2025-03-07_unkK2-L5_LP-4nF-noR-config_4daydeg_500k-1Hz_400p-1s_1.4offset_1.4Vpk.txt,unkK2,L5,LP-4nF-noR,4,500k-1Hz,1.4,1.4,4.0,0.96611,-112.1,1.0023,1.25724,88.65,1.371,1.73928,7.88,2.6017,1.0108,-2.77,1.9709,0.93881,-7.58,1.9292,0.92285,-13.04,1.9456,0.83408,-16.47,1.959,0.58206,-21.21,1.9746,0.45287,-15.68,1.9704,0.37788,-10.13,1.9688,0.34209,-26.4,1.9752,
2025-03-07_unkK2-L5_LP-4nF-noR-config_4daydeg_500k-5kHz_100p-1s_-1.4offset_1.4Vpk.txt,unkK2,L5,LP-4nF-noR,4,500k-5kHz,-1.4,1.4,4.0,,,,,,,,,,,,,,,,,,,,,,,,,0.45821,-15.91,-1.9728,0.38163,-10.16,-1.9729,0.34675,-26.57,-1.9744,
2025-03-07_unkK2-L5_LP-4nF-noR-config_4daydeg_500k-5kHz_100p-1s_1.4offset_1.4Vpk.txt,unkK2,L5,LP-4nF-noR,4,500k-5kHz,1.4,1.4,4.0,,,,,,,,,,,,,,,,,,,,,,,,,0.45287,-15.68,1.9704,0.37788,-10.13,1.9688,0.34209,-26.4,1.9752,
2025-03-07_unkK2-L5_LP-4nF-noR-config_4daydeg_5k-200Hz_97p-1s_-1.4offset_1.4Vpk.txt,unkK2,L5,LP-4nF-noR,4,5k-200Hz,-1.4,1.4,4.0,,,,,,,,,,,,,,,,,,,,,,0.51304,-17.43,-1.9699,,,,,,,,,,
2025-03-07_unkK2-L5_LP-4nF-noR-config_4daydeg_5k-200Hz_97p-1s_1.4offset_1.4Vpk.txt,unkK2,L5,LP-4nF-noR,4,5k-200Hz,1.4,1.4,4.0,,,,,,,,,,,,,,,,,,,,,,0.58206,-21.21,1.9746,,,,,,,,,,
2025-03-07_unkK2-R5_LP-4nF-noR-config_4daydeg_200-1Hz_200p-1s_-1.4offset_1.4Vpk.txt,unkK2,R5,LP-4nF-noR,4,200-1Hz,-1.4,1.4,4.0,0.34094,40.45,0.3285,0.32407,45.08,-0.156,0.88887,-0.76,-0.9361,0.66729,-8.29,-0.4185,0.62778,-9.96,-0.4393,0.50878,-6.99,-0.4319,0.51792,-8.31,-0.409,,,,,,,,,,,,,
2025-03-07_unkK2-R5_LP-4nF-noR-config_4daydeg_200-1Hz_200p-1s_1.4offset_1.4Vpk.txt,unkK2,R5,LP-4nF-noR,4,200-1Hz,1.4,1.4,4.0,1.62289,69.36,1.6641,1.61461,-44.39,1.8605,0.494,40.77,0.841,0.66734,-9.82,1.2025,0.604,-7.35,1.1885,0.6005,-7.77,1.186,0.50793,-6.94,1.1768,,,,,,,,,,,,,
2025-03-07_unkK2-R5_LP-4nF-noR-config_4daydeg_500k-1Hz_400p-1s_-1.4offset_1.4Vpk.txt,unkK2,R5,LP-4nF-noR,4,500k-1Hz,-1.4,1.4,4.0,0.34094,40.45,0.3285,0.32407,45.08,-0.156,0.88887,-0.76,-0.9361,0.66729,-8.29,-0.4185,0.62778,-9.96,-0.4393,0.50878,-6.99,-0.4319,0.51792,-8.31,-0.409,0.45204,-4.51,-0.437,0.41753,-3.95,-0.485,0.38049,-8.38,-0.4936,0.34732,-25.94,-0.7953,3.3
2025-03-07_unkK2-R5_LP-4nF-noR-config_4daydeg_500k-1Hz_400p-1s_1.4offset_1.4Vpk.txt,unkK2,R5,LP-4nF-noR,4,500k-1Hz,1.4,1.4,4.0,1.62289,69.36,1.6641,1.61461,-44.39,1.8605,0.494,40.77,0.841,0.66734,-9.82,1.2025,0.604,-7.35,1.1885,0.6005,-7.77,1.186,0.50793,-6.94,1.1768,0.44853,-4.13,1.2256,0.41391,-3.73,1.1991,0.37752,-8.31,1.1875,0.34441,-25.78,0.4998,3.253
2025-03-07_unkK2-R5_LP-4nF-noR-config_4daydeg_500k-5kHz_100p-1s_-1.4offset_1.4Vpk.txt,unkK2,R5,LP-4nF-noR,4,500k-5kHz,-1.4,1.4,4.0,,,,,,,,,,,,,,,,,,,,,,,,,0.41753,-3.95,-0.485,0.38049,-8.38,-0.4936,0.34732,-25.94,-0.7953,
2025-03-07_unkK2-R5_LP-4nF-noR-config_4daydeg_500k-5kHz_100p-1s_1.4offset_1.4Vpk.txt,unkK2,R5,LP-4nF-noR,4,500k-5kHz,1.4,1.4,4.0,,,,,,,,,,,,,,,,,,,,,,,,,0.41391,-3.73,1.1991,0.37752,-8.31,1.1875,0.34441,-25.78,0.4998,
2025-03-07_unkK2-R5_LP-4nF-noR-config_4daydeg_5k-200Hz_97p-1s_-1.4offset_1.4Vpk.txt,unkK2,R5,LP-4nF-noR,4,5k-200Hz,-1.4,1.4,4.0,,,,,,,,,,,,,,,,,,,,,,0.45204,-4.51,-0.437,,,,,,,,,,3.3
2025-03-07_unkK2-R5_LP-4nF-noR-config_4daydeg_5k-200Hz_97p-1s_1.4offset_1.4Vpk.txt,unkK2,R5,LP-4nF-noR,4,5k-200Hz,1.4,1.4,4.0,,,,,,,,,,,,,,,,,,,,,,0.44853,-4.13,1.2256,,,,,,,,,,3.253
2025-03-07_unkK2-R6_LP-4nF-noR-config_4daydeg_200-1Hz_200p-1s_-1.4offset_1.4Vpk.txt,unkK2,R6,LP-4nF-noR,4,200-1Hz,-1.4,1.4,4.0,0.3092,-26.91,0.317,1.30579,19.47,-1.4433,0.70211,-15.37,-0.4074,0.68125,-6.54,-0.4579,0.62042,-9.92,-0.4097,0.60951,-10.59,-0.3899,0.51682,-8.27,-0.4024,,,,,,,,,,,,,
2025-03-07_unkK2-R6_LP-4nF-noR-config_4daydeg_200-1Hz_200p-1s_1.4offset_1.4Vpk.txt,unkK2,R6,LP-4nF-noR,4,200-1Hz,1.4,1.4,4.0,0.09744,-8.39,-0.0889,1.24312,67.94,1.3417,1.06538,-9.54,1.5991,0.68483,-1.03,1.1966,0.60082,-7.44,1.1612,0.5857,-11.98,1.1597,0.5064,-6.75,1.1501,,,,,,,,,,,,,
2025-03-07_unkK2-R6_LP-4nF-noR-config_4daydeg_500k-1Hz_400p-1s_-1.4offset_1.4Vpk.txt,unkK2,R6,LP-4nF-noR,4,500k-1Hz,-1.4,1.4,4.0,0.3092,-26.91,0.317,1.30579,19.47,-1.4433,0.70211,-15.37,-0.4074,0.68125,-6.54,-0.4579,0.62042,-9.92,-0.4097,0.60951,-10.59,-0.3899,0.51682,-8.27,-0.4024,0.45207,-4.44,-0.424,0.41721,-3.86,-0.4436,0.38062,-8.27,-0.4612,0.34803,-25.63,-0.8113,3.3
2025-03-07_unkK2-R6_LP-4nF-noR-config_4daydeg_500k-1Hz_400p-1s_1.4offset_1.4Vpk.txt,unkK2,R6,LP-4nF-noR,4,500k-1Hz,1.4,1.4,4.0,0.09744,-8.39,-0.0889,1.24312,67.94,1.3417,1.06538,-9.54,1.5991,0.68483,-1.03,1.1966,0.60082,-7.44,1.1612,0.5857,-11.98,1.1597,0.5064,-6.75,1.1501,0.44868,-4.03,1.1876,0.41474,-3.67,1.1549,0.37891,-8.19,1.1431,0.34676,-25.43,0.5024,3.255
2025-03-07_unkK2-R6_LP-4nF-noR-config_4daydeg_500k-5kHz_100p-1s_-1.4offset_1.4Vpk.txt,unkK2,R6,LP-4nF-noR,4,500k-5kHz,-1.4,1.4,4.0,,,,,,,,,,,,,,,,,,,,,,,,,0.41721,-3.86,-0.4436,0.38062,-8.27,-0.4612,0.34803,-25.63,-0.8113,
2025-03-07_unkK2-R6_LP-4nF-noR-config_4daydeg_500k-5kHz_100p-1s_1.4offset_1.4Vpk.txt,unkK2,R6,LP-4nF-noR,4,500k-5kHz,1.4,1.4,4.0,,,,,,,,,,,,,,,,,,,,,,,,,0.41474,-3.67,1.1549,0.37891,-8.19,1.1431,0.34676,-25.43,0.5024,
2025-03-07_unkK2-R6_LP-4nF-noR-config_4daydeg_5k-200Hz_97p-1s_-1.4offset_1.4Vpk.txt,unkK2,R6,LP-4nF-noR,4,5k-200Hz,-1.4,1.4,4.0,,,,,,,,,,,,,,,,,,,,,,0.45207,-4.44,-0.424,,,,,,,,,,3.3
2025-03-07_unkK2-R6_LP-4nF-noR-config_4daydeg_5k-200Hz_97p-1s_1.4offset_1.4Vpk.txt,unkK2,R6,LP-4nF-noR,4,5k-200Hz,1.4,1.4,4.0,,,,,,,,,,,,,,,,,,,,,,0.44868,-4.03,1.1876,,,,,,,,,,3.255
2025-03-07_unkLi2-R4_LP-4nF-noR-config_4daydeg_200-1Hz_200p-1s_-1.4offset_1.4Vpk.txt,unkLi2,R4,LP-4nF-noR,4,200-1Hz,-1.4,1.4,4.0,1.80274,-61.77,-1.8672,0.06755,-127.03,-0.1166,0.38205,31.75,-0.9204,0.64934,-11.3,-1.3229,0.52469,-14.44,-1.2741,0.46087,-2.32,-1.2592,0.40871,-10.37,-1.1385,,,,,,,,,,,,,
2025-03-07_unkLi2-R4_LP-4nF-noR-config_4daydeg_200-1Hz_200p-1s_0offset_0.5Vpk.txt,unkLi2,R4,LP-4nF-noR,4,200-1Hz,0.0,0.5,4.0,0.56048,51.01,-0.2042,0.22978,6.99,-0.029,0.50943,4.37,0.1188,0.48332,-1.03,-0.0066,0.46308,-4.51,0.0025,0.58783,15.63,0.0021,0.40028,-6.88,0.0022,,,,,,,,,,,,,
2025-03-07_unkLi2-R4_LP-4nF-noR-config_4daydeg_200-1Hz_200p-1s_0offset_1.5Vpk.txt,unkLi2,R4,LP-4nF-noR,4,200-1Hz,0.0,1.5,4.0,0.70988,14.91,0.7856,0.36287,43.01,-0.3305,0.48767,2.29,-0.225,0.46905,-1.81,0.0331,0.43831,-4.44,0.0022,0.37669,-17.3,0.0023,0.38989,-5.44,0.0028,,,,,,,,,,,,,
2025-03-07_unkLi2-R4_LP-4nF-noR-config_4daydeg_200-1Hz_200p-1s_0offset_1Vpk.txt,unkLi2,R4,LP-4nF-noR,4,200-1Hz,0.0,1.0,4.0,0.35334,73.27,0.2471,0.47843,-13.53,0.3773,0.49066,1.65,-0.25,0.46629,-1.25,0.0045,0.44298,-4.14,0.0023,0.53781,-0.22,0.0024,0.39267,-5.87,0.0026,,,,,,,,,,,,,
2025-03-07_unkLi2-R4_LP-4nF-noR-config_4daydeg_200-1Hz_200p-1s_0offset_2.4Vpk.txt,unkLi2,R4,LP-4nF-noR,4,200-1Hz,0.0,2.4,4.0,0.13316,-25.88,-0.1628,0.61365,-5.5,1.1797,0.53617,0.99,-0.5468,0.48739,-3.06,-0.104,0.44669,-5.44,-0.0005,0.45678,-9.55,0.0019,0.38951,-5.52,0.0022,,,,,,,,,,,,,
2025-03-07_unkLi2-R4_LP-4nF-noR-config_4daydeg_200-1Hz_200p-1s_0offset_2Vpk.txt,unkLi2,R4,LP-4nF-noR,4,200-1Hz,0.0,2.0,4.0,0.54815,54.46,-0.798,0.4714,-25.63,-0.6932,0.51393,2.28,0.5184,0.47685,-2.48,0.0006,0.44099,-4.96,0.0011,0.33994,-5.85,0.0012,0.3887,-5.33,0.0026,,,,,,,,,,,,,
2025-03-07_unkLi2-R4_LP-4nF-noR-config_4daydeg_200-1Hz_200p-1s_1.4offset_1.4Vpk.txt,unkLi2,R4,LP-4nF-noR,4,200-1Hz,1.4,1.4,4.0,1.42033,72.58,1.4535,1.84965,-32.58,1.9211,1.08893,-22.85,1.6779,0.61536,-12.22,1.2984,0.48867,-12.72,1.2113,0.38623,1.27,1.1819,0.39792,-9.42,1.3541,,,,,,,,,,,,,
2025-03-07_unkLi2-R4_LP-4nF-noR-config_4daydeg_500k-1Hz_400p-1s_-1.4offset_1.4Vpk.txt,unkLi2,R4,LP-4nF-noR,4,500k-1Hz,-1.4,1.4,4.0,1.80274,-61.77,-1.8672,0.06755,-127.03,-0.1166,0.38205,31.75,-0.9204,0.64934,-11.3,-1.3229,0.52469,-14.44,-1.2741,0.46087,-2.32,-1.2592,0.40871,-10.37,-1.1385,0.35376,-4.01,-1.1754,0.34114,-2.32,-0.8724,0.32902,-6.0,-0.8873,0.31355,-23.53,-0.6895,2.19
2025-03-07_unkLi2-R4_LP-4nF-noR-config_4daydeg_500k-1Hz_400p-1s_0offset_0.5Vpk.txt,unkLi2,R4,LP-4nF-noR,4,500k-1Hz,0.0,0.5,4.0,0.56048,51.01,-0.2042,0.22978,6.99,-0.029,0.50943,4.37,0.1188,0.48332,-1.03,-0.0066,0.46308,-4.51,0.0025,0.58783,15.63,0.0021,0.40028,-6.88,0.0022,0.35331,-3.02,0.0032,0.33938,-1.86,0.0029,0.32784,-5.63,0.0031,0.31311,-22.05,0.0162,2.185
2025-03-07_unkLi2-R4_LP-4nF-noR-config_4daydeg_500k-1Hz_400p-1s_0offset_1.5Vpk.txt,unkLi2,R4,LP-4nF-noR,4,500k-1Hz,0.0,1.5,4.0,0.70988,14.91,0.7856,0.36287,43.01,-0.3305,0.48767,2.29,-0.225,0.46905,-1.81,0.0331,0.43831,-4.44,0.0022,0.37669,-17.3,0.0023,0.38989,-5.44,0.0028,0.35315,-3.01,0.0026,0.3399,-1.82,0.0028,0.32884,-5.91,0.003,0.31304,-23.45,0.0077,2.184
2025-03-07_unkLi2-R4_LP-4nF-noR-config_4daydeg_500k-1Hz_400p-1s_0offset_1Vpk.txt,unkLi2,R4,LP-4nF-noR,4,500k-1Hz,0.0,1.0,4.0,0.35334,73.27,0.2471,0.47843,-13.53,0.3773,0.49066,1.65,-0.25,0.46629,-1.25,0.0045,0.44298,-4.14,0.0023,0.53781,-0.22,0.0024,0.39267,-5.87,0.0026,0.35325,-3.02,0.0029,0.33929,-1.87,0.0027,0.32778,-5.65,0.003,0.31258,-22.13,0.0052,2.185
2025-03-07_unkLi2-R4_LP-4nF-noR-config_4daydeg_500k-1Hz_400p-1s_0offset_2.4Vpk.txt,unkLi2,R4,LP-4nF-noR,4,500k-1Hz,0.0,2.4,4.0,0.13316,-25.88,-0.1628,0.61365,-5.5,1.1797,0.53617,0.99,-0.5468,0.48739,-3.06,-0.104,0.44669,-5.44,-0.0005,0.45678,-9.55,0.0019,0.38951,-5.52,0.0022,0.35312,-3.04,0.0022,0.33978,-1.83,0.0016,0.32875,-5.91,0.0032,0.31301,-23.44,0.0112,2.184
2025-03-07_unkLi2-R4_LP-4nF-noR-config_4daydeg_500k-1Hz_400p-1s_0offset_2Vpk.txt,unkLi2,R4,LP-4nF-noR,4,500k-1Hz,0.0,2.0,4.0,0.54815,54.46,-0.798,0.4714,-25.63,-0.6932,0.51393,2.28,0.5184,0.47685,-2.48,0.0006,0.44099,-4.96,0.0011,0.33994,-5.85,0.0012,0.3887,-5.33,0.0026,0.35302,-3.02,0.0025,0.33983,-1.83,0.0029,0.32879,-5.91,0.0031,0.31301,-23.47,0.0092,2.183
2025-03-07_unkLi2-R4_LP-4nF-noR-config_4daydeg_500k-1Hz_400p-1s_1.4offset_1.4Vpk.txt,unkLi2,R4,LP-4nF-noR,4,500k-1Hz,1.4,1.4,4.0,1.42033,72.58,1.4535,1.84965,-32.58,1.9211,1.08893,-22.85,1.6779,0.61536,-12.22,1.2984,0.48867,-12.72,1.2113,0.38623,1.27,1.1819,0.39792,-9.42,1.3541,0.35203,-2.83,0.9183,0.33927,-1.76,1.0853,0.32837,-5.9,1.0768,0.31298,-23.48,1.04,2.173
2025-03-07_unkLi2-R4_LP-4nF-noR-config_4daydeg_500k-5kHz_100p-1s_-1.4offset_1.4Vpk.txt,unkLi2,R4,LP-4nF-noR,4,500k-5kHz,-1.4,1.4,4.0,,,,,,,,,,,,,,,,,,,,,,,,,0.34114,-2.32,-0.8724,0.32902,-6.0,-0.8873,0.31355,-23.53,-0.6895,
2025-03-07_unkLi2-R4_LP-4nF-noR-config_4daydeg_500k-5kHz_100p-1s_0offset_0.5Vpk.txt,unkLi2,R4,LP-4nF-noR,4,500k-5kHz,0.0,0.5,4.0,,,,,,,,,,,,,,,,,,,,,,,,,0.33938,-1.86,0.0029,0.32784,-5.63,0.0031,0.31311,-22.05,0.0162,
2025-03-07_unkLi2-R4_LP-4nF-noR-config_4daydeg_500k-5kHz_100p-1s_0offset_1.5Vpk.txt,unkLi2,R4,LP-4nF-noR,4,500k-5kHz,0.0,1.5,4.0,,,,,,,,,,,,,,,,,,,,,,,,,0.3399,-1.82,0.0028,0.32884,-5.91,0.003,0.31304,-23.45,0.0077,
2025-03-07_unkLi2-R4_LP-4nF-noR-config_4daydeg_500k-5kHz_100p-1s_0offset_1Vpk.txt,unkLi2,R4,LP-4nF-noR,4,500k-5kHz,0.0,1.0,4.0,,,,,,,,,,,,,,,,,,,,,,,,,0.33929,-1.87,0.0027,0.32778,-5.65,0.003,0.31258,-22.13,0.0052,
2025-03-07_unkLi2-R4_LP-4nF-noR-config_4daydeg_500k-5kHz_100p-1s_0offset_2.4Vpk.txt,unkLi2,R4,LP-4nF-noR,4,500k-5kHz,0.0,2.4,4.0,,,,,,,,,,,,,,,,,,,,,,,,,0.33978,-1.83,0.0016,0.32875,-5.91,0.0032,0.31301,-23.44,0.0112,
2025-03-07_unkLi2-R4_LP-4nF-noR-config_4daydeg_500k-5kHz_100p-1s_0offset_2Vpk.txt,unkLi2,R4,LP-4nF-noR,4,500k-5kHz,0.0,2.0,4.0,,,,,,,,,,,,,,,,,,,,,,,,,0.33983,-1.83,0.0029,0.32879,-5.91,0.0031,0.31301,-23.47,0.0092,
2025-03-07_unkLi2-R4_LP-4nF-noR-config_4daydeg_500k-5kHz_100p-1s_1.4offset_1.4Vpk.txt,unkLi2,R4,LP-4nF-noR,4,500k-5kHz,1.4,1.4,4.0,,,,,,,,,,,,,,,,,,,,,,,,,0.33927,-1.76,1.0853,0.32837,-5.9,1.0768,0.31298,-23.48,1.04,
2025-03-07_unkLi2-R4_LP-4nF-noR-config_4daydeg_5k-200Hz_97p-1s_-1.4offset_1.4Vpk.txt,unkLi2,R4,LP-4nF-noR,4,5k-200Hz,-1.4,1.4,4.0,,,,,,,,,,,,,,,,,,,,,,0.35376,-4.01,-1.1754,,,,,,,,,,2.19
2025-03-07_unkLi2-R4_LP-4nF-noR-config_4daydeg_5k-200Hz_97p-1s_0offset_0.5Vpk.txt,unkLi2,R4,LP-4nF-noR,4,5k-200Hz,0.0,0.5,4.0,,,,,,,,,,,,,,,,,,,,,,0.35331,-3.02,0.0032,,,,,,,,,,2.185
2025-03-07_unkLi2-R4_LP-4nF-noR-config_4daydeg_5k-200Hz_97p-1s_0offset_1.5Vpk.txt,unkLi2,R4,LP-4nF-noR,4,5k-200Hz,0.0,1.5,4.0,,,,,,,,,,,,,,,,,,,,,,0.35315,-3.01,0.0026,,,,,,,,,,2.184
2025-03-07_unkLi2-R4_LP-4nF-noR-config_4daydeg_5k-200Hz_97p-1s_0offset_1Vpk.txt,unkLi2,R4,LP-4nF-noR,4,5k-200Hz,0.0,1.0,4.0,,,,,,,,,,,,,,,,,,,,,,0.35325,-3.02,0.0029,,,,,,,,,,2.185
2025-03-07_unkLi2-R4_LP-4nF-noR-config_4daydeg_5k-200Hz_97p-1s_0offset_2.4Vpk.txt,unkLi2,R4,LP-4nF-noR,4,5k-200Hz,0.0,2.4,4.0,,,,,,,,,,,,,,,,,,,,,,0.35312,-3.04,0.0022,,,,,,,,,,2.184
2025-03-07_unkLi2-R4_LP-4nF-noR-config_4daydeg_5k-200Hz_97p-1s_0offset_2Vpk.txt,unkLi2,R4,LP-4nF-noR,4,5k-200Hz,0.0,2.0,4.0,,,,,,,,,,,,,,,,,,,,,,0.35302,-3.02,0.0025,,,,,,,,,,2.183
2025-03-07_unkLi2-R4_LP-4nF-noR-config_4daydeg_5k-200Hz_97p-1s_1.4offset_1.4Vpk.txt,unkLi2,R4,LP-4nF-noR,4,5k-200Hz,1.4,1.4,4.0,,,,,,,,,,,,,,,,,,,,,,0.35203,-2.83,0.9183,,,,,,,,,,2.173
2025-03-07_unkLi2-R5_LP-4nF-noR-config_4daydeg_200-1Hz_200p-1s_-1.4offset_1.4Vpk.txt,unkLi2,R5,LP-4nF-noR,4,200-1Hz,-1.4,1.4,4.0,0.21483,68.88,-0.1841,1.32593,-6.51,-1.4782,0.74203,-8.69,-0.2905,0.71656,-8.29,-0.2,0.66496,-11.43,-0.2012,0.61693,-19.13,-0.1964,0.51278,-14.35,-0.2073,,,,,,,,,,,,,
2025-03-07_unkLi2-R5_LP-4nF-noR-config_4daydeg_200-1Hz_200p-1s_0offset_0.5Vpk.txt,unkLi2,R5,LP-4nF-noR,4,200-1Hz,0.0,0.5,4.0,0.59952,47.02,0.2193,0.22394,-0.15,0.0522,0.47199,7.21,-0.0718,0.4932,0.92,0.0119,0.47698,-3.33,0.0005,0.66787,-15.62,0.0009,0.41171,-6.28,0.0015,,,,,,,,,,,,,
2025-03-07_unkLi2-R5_LP-4nF-noR-config_4daydeg_200-1Hz_200p-1s_0offset_1.5Vpk.txt,unkLi2,R5,LP-4nF-noR,4,200-1Hz,0.0,1.5,4.0,0.68946,-22.92,-0.7619,0.71414,31.11,0.81,0.50955,3.28,-0.3664,0.47858,-0.57,0.0313,0.45185,-3.59,0.0022,0.50039,-0.68,0.0027,0.40382,-5.08,0.0027,,,,,,,,,,,,,
2025-03-07_unkLi2-R5_LP-4nF-noR-config_4daydeg_200-1Hz_200p-1s_0offset_1Vpk.txt,unkLi2,R5,LP-4nF-noR,4,200-1Hz,0.0,1.0,4.0,0.68764,18.79,0.5066,0.45979,43.96,-0.3401,0.4692,4.88,-0.1594,0.47457,0.12,0.0182,0.45527,-3.23,0.0024,0.29684,-2.88,0.0023,0.40768,-5.46,0.0024,,,,,,,,,,,,,
2025-03-07_unkLi2-R5_LP-4nF-noR-config_4daydeg_200-1Hz_200p-1s_0offset_2.4Vpk.txt,unkLi2,R5,LP-4nF-noR,4,200-1Hz,0.0,2.4,4.0,0.79042,21.77,1.4006,0.40166,44.27,-0.6446,0.53699,5.81,0.0382,0.49886,-1.98,0.0659,0.46073,-4.76,0.0009,0.47535,-4.07,0.0024,0.40338,-5.24,0.0023,,,,,,,,,,,,,
2025-03-07_unkLi2-R5_LP-4nF-noR-config_4daydeg_200-1Hz_200p-1s_0offset_2Vpk.txt,unkLi2,R5,LP-4nF-noR,4,200-1Hz,0.0,2.0,4.0,0.60217,-36.88,-0.8865,0.76759,16.93,1.1998,0.52823,0.4,-0.5549,0.49059,-1.58,-0.0473,0.45696,-4.33,0.0018,0.46121,1.22,0.0025,0.40319,-5.11,0.0026,,,,,,,,,,,,,
2025-03-07_unkLi2-R5_LP-4nF-noR-config_4daydeg_200-1Hz_200p-1s_1.4offset_1.4Vpk.txt,unkLi2,R5,LP-4nF-noR,4,200-1Hz,1.4,1.4,4.0,0.22853,7.87,-0.2305,1.00531,59.07,1.0903,0.43032,-22.91,0.453,0.46285,-2.33,0.6083,0.45425,-4.32,0.642,0.33775,-10.16,0.6266,0.39533,-4.33,0.5749,,,,,,,,,,,,,
2025-03-07_unkLi2-R5_LP-4nF-noR-config_4daydeg_500k-1Hz_400p-1s_-1.4offset_1.4Vpk.txt,unkLi2,R5,LP-4nF-noR,4,500k-1Hz,-1.4,1.4,4.0,0.21483,68.88,-0.1841,1.32593,-6.51,-1.4782,0.74203,-8.69,-0.2905,0.71656,-8.29,-0.2,0.66496,-11.43,-0.2012,0.61693,-19.13,-0.1964,0.51278,-14.35,-0.2073,0.39428,-6.69,-0.2969,0.3628,-2.92,-0.343,0.34523,-6.33,-0.3737,0.32764,-23.35,-0.7267,2.604
2025-03-07_unkLi2-R5_LP-4nF-noR-config_4daydeg_500k-1Hz_400p-1s_0offset_0.5Vpk.txt,unkLi2,R5,LP-4nF-noR,4,500k-1Hz,0.0,0.5,4.0,0.59952,47.02,0.2193,0.22394,-0.15,0.0522,0.47199,7.21,-0.0718,0.4932,0.92,0.0119,0.47698,-3.33,0.0005,0.66787,-15.62,0.0009,0.41171,-6.28,0.0015,0.36757,-2.84,0.0041,0.35343,-1.81,0.0031,0.34185,-5.56,0.0032,0.32765,-21.86,0.0045,2.325
2025-03-07_unkLi2-R5_LP-4nF-noR-config_4daydeg_500k-1Hz_400p-1s_0offset_1.5Vpk.txt,unkLi2,R5,LP-4nF-noR,4,500k-1Hz,0.0,1.5,4.0,0.68946,-22.92,-0.7619,0.71414,31.11,0.81,0.50955,3.28,-0.3664,0.47858,-0.57,0.0313,0.45185,-3.59,0.0022,0.50039,-0.68,0.0027,0.40382,-5.08,0.0027,0.36724,-2.83,0.0032,0.3539,-1.78,0.0031,0.34259,-5.84,0.0029,0.3272,-23.3,0.0043,2.322
2025-03-07_unkLi2-R5_LP-4nF-noR-config_4daydeg_500k-1Hz_400p-1s_0offset_1Vpk.txt,unkLi2,R5,LP-4nF-noR,4,500k-1Hz,0.0,1.0,4.0,0.68764,18.79,0.5066,0.45979,43.96,-0.3401,0.4692,4.88,-0.1594,0.47457,0.12,0.0182,0.45527,-3.23,0.0024,0.29684,-2.88,0.0023,0.40768,-5.46,0.0024,0.3674,-2.87,0.0031,0.3533,-1.82,0.0028,0.34168,-5.58,0.0029,0.32687,-22.01,-0.0012,2.323
2025-03-07_unkLi2-R5_LP-4nF-noR-config_4daydeg_500k-1Hz_400p-1s_0offset_2.4Vpk.txt,unkLi2,R5,LP-4nF-noR,4,500k-1Hz,0.0,2.4,4.0,0.79042,21.77,1.4006,0.40166,44.27,-0.6446,0.53699,5.81,0.0382,0.49886,-1.98,0.0659,0.46073,-4.76,0.0009,0.47535,-4.07,0.0024,0.40338,-5.24,0.0023,0.36712,-2.85,0.0028,0.35384,-1.78,0.003,0.34255,-5.84,0.0036,0.32715,-23.27,0.0084,2.32
2025-03-07_unkLi2-R5_LP-4nF-noR-config_4daydeg_500k-1Hz_400p-1s_0offset_2Vpk.txt,unkLi2,R5,LP-4nF-noR,4,500k-1Hz,0.0,2.0,4.0,0.60217,-36.88,-0.8865,0.76759,16.93,1.1998,0.52823,0.4,-0.5549,0.49059,-1.58,-0.0473,0.45696,-4.33,0.0018,0.46121,1.22,0.0025,0.40319,-5.11,0.0026,0.36707,-2.84,0.0027,0.35388,-1.78,0.0031,0.34259,-5.85,0.0035,0.32712,-23.31,0.0063,2.32
2025-03-07_unkLi2-R5_LP-4nF-noR-config_4daydeg_500k-1Hz_400p-1s_1.4offset_1.4Vpk.txt,unkLi2,R5,LP-4nF-noR,4,500k-1Hz,1.4,1.4,4.0,0.22853,7.87,-0.2305,1.00531,59.07,1.0903,0.43032,-22.91,0.453,0.46285,-2.33,0.6083,0.45425,-4.32,0.642,0.33775,-10.16,0.6266,0.39533,-4.33,0.5749,0.36589,-2.47,0.7281,0.3535,-1.69,0.6519,0.34231,-5.84,0.6192,0.3271,-23.32,0.2532,2.308
2025-03-07_unkLi2-R5_LP-4nF-noR-config_4daydeg_500k-5kHz_100p-1s_-1.4offset_1.4Vpk.txt,unkLi2,R5,LP-4nF-noR,4,500k-5kHz,-1.4,1.4,4.0,,,,,,,,,,,,,,,,,,,,,,,,,0.3628,-2.92,-0.343,0.34523,-6.33,-0.3737,0.32764,-23.35,-0.7267,
2025-03-07_unkLi2-R5_LP-4nF-noR-config_4daydeg_500k-5kHz_100p-1s_0offset_0.5Vpk.txt,unkLi2,R5,LP-4nF-noR,4,500k-5kHz,0.0,0.5,4.0,,,,,,,,,,,,,,,,,,,,,,,,,0.35343,-1.81,0.0031,0.34185,-5.56,0.0032,0.32765,-21.86,0.0045,
2025-03-07_unkLi2-R5_LP-4nF-noR-config_4daydeg_500k-5kHz_100p-1s_0offset_1.5Vpk.txt,unkLi2,R5,LP-4nF-noR,4,500k-5kHz,0.0,1.5,4.0,,,,,,,,,,,,,,,,,,,,,,,,,0.3539,-1.78,0.0031,0.34259,-5.84,0.0029,0.3272,-23.3,0.0043,
2025-03-07_unkLi2-R5_LP-4nF-noR-config_4daydeg_500k-5kHz_100p-1s_0offset_1Vpk.txt,unkLi2,R5,LP-4nF-noR,4,500k-5kHz,0.0,1.0,4.0,,,,,,,,,,,,,,,,,,,,,,,,,0.3533,-1.82,0.0028,0.34168,-5.58,0.0029,0.32687,-22.01,-0.0012,
2025-03-07_unkLi2-R5_LP-4nF-noR-config_4daydeg_500k-5kHz_100p-1s_0offset_2.4Vpk.txt,unkLi2,R5,LP-4nF-noR,4,500k-5kHz,0.0,2.4,4.0,,,,,,,,,,,,,,,,,,,,,,,,,0.35384,-1.78,0.003,0.34255,-5.84,0.0036,0.32715,-23.27,0.0084,
2025-03-07_unkLi2-R5_LP-4nF-noR-config_4daydeg_500k-5kHz_100p-1s_0offset_2Vpk.txt,unkLi2,R5,LP-4nF-noR,4,500k-5kHz,0.0,2.0,4.0,,,,,,,,,,,,,,,,,,,,,,,,,0.35388,-1.78,0.0031,0.34259,-5.85,0.0035,0.32712,-23.31,0.0063,
2025-03-07_unkLi2-R5_LP-4nF-noR-config_4daydeg_500k-5kHz_100p-1s_1.4offset_1.4Vpk.txt,unkLi2,R5,LP-4nF-noR,4,500k-5kHz,1.4,1.4,4.0,,,,,,,,,,,,,,,,,,,,,,,,,0.3535,-1.69,0.6519,0.34231,-5.84,0.6192,0.3271,-23.32,0.2532,
2025-03-07_unkLi2-R5_LP-4nF-noR-config_4daydeg_5k-200Hz_97p-1s_-1.4offset_1.4Vpk.txt,unkLi2,R5,LP-4nF-noR,4,5k-200Hz,-1.4,1.4,4.0,,,,,,,,,,,,,,,,,,,,,,0.39428,-6.69,-0.2969,,,,,,,,,,2.604
2025-03-07_unkLi2-R5_LP-4nF-noR-config_4daydeg_5k-200Hz_97p-1s_0offset_0.5Vpk.txt,unkLi2,R5,LP-4nF-noR,4,5k-200Hz,0.0,0.5,4.0,,,,,,,,,,,,,,,,,,,,,,0.36757,-2.84,0.0041,,,,,,,,,,2.325
2025-03-07_unkLi2-R5_LP-4nF-noR-config_4daydeg_5k-200Hz_97p-1s_0offset_1.5Vpk.txt,unkLi2,R5,LP-4nF-noR,4,5k-200Hz,0.0,1.5,4.0,,,,,,,,,,,,,,,,,,,,,,0.36724,-2.83,0.0032,,,,,,,,,,2.322
2025-03-07_unkLi2-R5_LP-4nF-noR-config_4daydeg_5k-200Hz_97p-1s_0offset_1Vpk.txt,unkLi2,R5,LP-4nF-noR,4,5k-200Hz,0.0,1.0,4.0,,,,,,,,,,,,,,,,,,,,,,0.3674,-2.87,0.0031,,,,,,,,,,2.323
2025-03-07_unkLi2-R5_LP-4nF-noR-config_4daydeg_5k-200Hz_97p-1s_0offset_2.4Vpk.txt,unkLi2,R5,LP-4nF-noR,4,5k-200Hz,0.0,2.4,4.0,,,,,,,,,,,,,,,,,,,,,,0.36712,-2.85,0.0028,,,,,,,,,,2.32
2025-03-07_unkLi2-R5_LP-4nF-noR-config_4daydeg_5k-200Hz_97p-1s_0offset_2Vpk.txt,unkLi2,R5,LP-4nF-noR,4,5k-200Hz,0.0,2.0,4.0,,,,,,,,,,,,,,,,,,,,,,0.36707,-2.84,0.0027,,,,,,,,,,2.32
2025-03-07_unkLi2-R5_LP-4nF-noR-config_4daydeg_5k-200Hz_97p-1s_1.4offset_1.4Vpk.txt,unkLi2,R5,LP-4nF-noR,4,5k-200Hz,1.4,1.4,4.0,,,,,,,,,,,,,,,,,,,,,,0.36589,-2.47,0.7281,,,,,,,,,,2.308
2025-03-07_unkLi2-R6_LP-4nF-noR-config_4daydeg_200-1Hz_200p-1s_-1.4offset_1.4Vpk.txt,unkLi2,R6,LP-4nF-noR,4,200-1Hz,-1.4,1.4,4.0,0.52163,-31.75,0.5368,1.24903,17.45,-1.3614,0.69836,-6.46,0.115,0.69995,-6.16,-0.1791,0.66597,-8.84,-0.2102,0.60124,-5.04,-0.2121,0.55163,-11.87,-0.2217,,,,,,,,,,,,,
2025-03-07_unkLi2-R6_LP-4nF-noR-config_4daydeg_200-1Hz_200p-1s_0offset_0.5Vpk.txt,unkLi2,R6,LP-4nF-noR,4,200-1Hz,0.0,0.5,4.0,0.19444,-38.16,0.0695,0.7309,7.98,-0.2888,0.55329,3.66,0.1373,0.53194,-0.82,0.0088,0.51068,-4.66,0.0024,0.23331,-11.29,0.0027,0.43516,-8.02,0.0025,,,,,,,,,,,,,
2025-03-07_unkLi2-R6_LP-4nF-noR-config_4daydeg_200-1Hz_200p-1s_0offset_1.5Vpk.txt,unkLi2,R6,LP-4nF-noR,4,200-1Hz,0.0,1.5,4.0,0.54672,59.6,-0.5944,0.39455,-18.1,-0.3796,0.56013,2.2,0.4257,0.5238,-2.42,0.0238,0.4901,-5.28,0.0029,0.5136,-0.62,0.0033,0.42547,-6.66,0.0034,,,,,,,,,,,,,
2025-03-07_unkLi2-R6_LP-4nF-noR-config_4daydeg_200-1Hz_200p-1s_0offset_1Vpk.txt,unkLi2,R6,LP-4nF-noR,4,200-1Hz,0.0,1.0,4.0,0.22417,-38.48,-0.1553,0.77087,24.32,0.5918,0.54607,4.12,-0.1879,0.51567,-1.76,0.0205,0.48805,-4.82,0.0028,0.54604,-15.78,0.003,0.42543,-6.75,0.0034,,,,,,,,,,,,,
2025-03-07_unkLi2-R6_LP-4nF-noR-config_4daydeg_200-1Hz_200p-1s_0offset_2.4Vpk.txt,unkLi2,R6,LP-4nF-noR,4,200-1Hz,0.0,2.4,4.0,0.73897,-2.9,1.312,0.62381,36.64,-1.075,0.57993,2.04,-0.2989,0.54687,-3.2,0.025,0.5048,-6.04,0.0021,0.49748,-10.86,0.0029,0.43052,-7.0,0.0026,,,,,,,,,,,,,
2025-03-07_unkLi2-R6_LP-4nF-noR-config_4daydeg_200-1Hz_200p-1s_0offset_2Vpk.txt,unkLi2,R6,LP-4nF-noR,4,200-1Hz,0.0,2.0,4.0,0.31976,68.23,0.4285,0.60625,-13.33,0.9645,0.57953,-1.02,-0.5347,0.54024,-2.97,-0.0187,0.49923,-5.85,0.0014,0.42358,-13.79,0.0025,0.42892,-6.88,0.0034,,,,,,,,,,,,,
2025-03-07_unkLi2-R6_LP-4nF-noR-config_4daydeg_200-1Hz_200p-1s_1.4offset_1.4Vpk.txt,unkLi2,R6,LP-4nF-noR,4,200-1Hz,1.4,1.4,4.0,0.9781,86.87,0.9979,1.27492,-16.79,1.4655,0.29141,2.52,0.3294,0.54855,-4.25,0.7717,0.49454,-6.41,0.7566,0.42386,3.23,0.7501,0.41661,-6.38,0.7205,,,,,,,,,,,,,
2025-03-07_unkLi2-R6_LP-4nF-noR-config_4daydeg_500k-1Hz_400p-1s_-1.4offset_1.4Vpk.txt,unkLi2,R6,LP-4nF-noR,4,500k-1Hz,-1.4,1.4,4.0,0.52163,-31.75,0.5368,1.24903,17.45,-1.3614,0.69836,-6.46,0.115,0.69995,-6.16,-0.1791,0.66597,-8.84,-0.2102,0.60124,-5.04,-0.2121,0.55163,-11.87,-0.2217,0.41604,-8.25,-0.3072,0.36464,-3.33,-0.3831,0.34675,-6.14,-0.4171,0.33151,-22.71,-0.717,2.85
2025-03-07_unkLi2-R6_LP-4nF-noR-config_4daydeg_500k-1Hz_400p-1s_0offset_0.5Vpk.txt,unkLi2,R6,LP-4nF-noR,4,500k-1Hz,0.0,0.5,4.0,0.19444,-38.16,0.0695,0.7309,7.98,-0.2888,0.55329,3.66,0.1373,0.53194,-0.82,0.0088,0.51068,-4.66,0.0024,0.23331,-11.29,0.0027,0.43516,-8.02,0.0025,0.37281,-3.52,0.0048,0.35469,-1.95,0.0041,0.34342,-5.35,0.0044,0.33126,-21.19,0.0019,2.378
2025-03-07_unkLi2-R6_LP-4nF-noR-config_4daydeg_500k-1Hz_400p-1s_0offset_1.5Vpk.txt,unkLi2,R6,LP-4nF-noR,4,500k-1Hz,0.0,1.5,4.0,0.54672,59.6,-0.5944,0.39455,-18.1,-0.3796,0.56013,2.2,0.4257,0.5238,-2.42,0.0238,0.4901,-5.28,0.0029,0.5136,-0.62,0.0033,0.42547,-6.66,0.0034,0.37304,-3.72,0.0042,0.35522,-1.92,0.0039,0.34431,-5.63,0.0043,0.33105,-22.59,0.0104,2.38
2025-03-07_unkLi2-R6_LP-4nF-noR-config_4daydeg_500k-1Hz_400p-1s_0offset_1Vpk.txt,unkLi2,R6,LP-4nF-noR,4,500k-1Hz,0.0,1.0,4.0,0.22417,-38.48,-0.1553,0.77087,24.32,0.5918,0.54607,4.12,-0.1879,0.51567,-1.76,0.0205,0.48805,-4.82,0.0028,0.54604,-15.78,0.003,0.42543,-6.75,0.0034,0.37291,-3.63,0.0044,0.3546,-1.97,0.0254,0.34328,-5.37,0.0042,0.33073,-21.27,0.0083,2.379
2025-03-07_unkLi2-R6_LP-4nF-noR-config_4daydeg_500k-1Hz_400p-1s_0offset_2.4Vpk.txt,unkLi2,R6,LP-4nF-noR,4,500k-1Hz,0.0,2.4,4.0,0.73897,-2.9,1.312,0.62381,36.64,-1.075,0.57993,2.04,-0.2989,0.54687,-3.2,0.025,0.5048,-6.04,0.0021,0.49748,-10.86,0.0029,0.43052,-7.0,0.0026,0.37344,-3.94,0.0033,0.35503,-1.94,0.0039,0.34418,-5.63,0.0045,0.33103,-22.58,0.0133,2.384
2025-03-07_unkLi2-R6_LP-4nF-noR-config_4daydeg_500k-1Hz_400p-1s_0offset_2Vpk.txt,unkLi2,R6,LP-4nF-noR,4,500k-1Hz,0.0,2.0,4.0,0.31976,68.23,0.4285,0.60625,-13.33,0.9645,0.57953,-1.02,-0.5347,0.54024,-2.97,-0.0187,0.49923,-5.85,0.0014,0.42358,-13.79,0.0025,0.42892,-6.88,0.0034,0.37317,-3.83,0.0035,0.35513,-1.93,0.004,0.34423,-5.64,0.0044,0.3309,-22.62,0.0115,2.381
2025-03-07_unkLi2-R6_LP-4nF-noR-config_4daydeg_500k-1Hz_400p-1s_1.4offset_1.4Vpk.txt,unkLi2,R6,LP-4nF-noR,4,500k-1Hz,1.4,1.4,4.0,0.9781,86.87,0.9979,1.27492,-16.79,1.4655,0.29141,2.52,0.3294,0.54855,-4.25,0.7717,0.49454,-6.41,0.7566,0.42386,3.23,0.7501,0.41661,-6.38,0.7205,0.37057,-3.25,0.7832,0.35473,-1.83,0.7573,0.34397,-5.63,0.7349,0.33095,-22.62,0.2547,2.355
2025-03-07_unkLi2-R6_LP-4nF-noR-config_4daydeg_500k-5kHz_100p-1s_-1.4offset_1.4Vpk.txt,unkLi2,R6,LP-4nF-noR,4,500k-5kHz,-1.4,1.4,4.0,,,,,,,,,,,,,,,,,,,,,,,,,0.36464,-3.33,-0.3831,0.34675,-6.14,-0.4171,0.33151,-22.71,-0.717,
2025-03-07_unkLi2-R6_LP-4nF-noR-config_4daydeg_500k-5kHz_100p-1s_0offset_0.5Vpk.txt,unkLi2,R6,LP-4nF-noR,4,500k-5kHz,0.0,0.5,4.0,,,,,,,,,,,,,,,,,,,,,,,,,0.35469,-1.95,0.0041,0.34342,-5.35,0.0044,0.33126,-21.19,0.0019,
2025-03-07_unkLi2-R6_LP-4nF-noR-config_4daydeg_500k-5kHz_100p-1s_0offset_1.5Vpk.txt,unkLi2,R6,LP-4nF-noR,4,500k-5kHz,0.0,1.5,4.0,,,,,,,,,,,,,,,,,,,,,,,,,0.35522,-1.92,0.0039,0.34431,-5.63,0.0043,0.33105,-22.59,0.0104,
2025-03-07_unkLi2-R6_LP-4nF-noR-config_4daydeg_500k-5kHz_100p-1s_0offset_1Vpk.txt,unkLi2,R6,LP-4nF-noR,4,500k-5kHz,0.0,1.0,4.0,,,,,,,,,,,,,,,,,,,,,,,,,0.3546,-1.97,0.0254,0.34328,-5.37,0.0042,0.33073,-21.27,0.0083,
2025-03-07_unkLi2-R6_LP-4nF-noR-config_4daydeg_500k-5kHz_100p-1s_0offset_2.4Vpk.txt,unkLi2,R6,LP-4nF-noR,4,500k-5kHz,0.0,2.4,4.0,,,,,,,,,,,,,,,,,,,,,,,,,0.35503,-1.94,0.0039,0.34418,-5.63,0.0045,0.33103,-22.58,0.0133,
2025-03-07_unkLi2-R6_LP-4nF-noR-config_4daydeg_500k-5kHz_100p-1s_0offset_2Vpk.txt,unkLi2,R6,LP-4nF-noR,4,500k-5kHz,0.0,2.0,4.0,,,,,,,,,,,,,,,,,,,,,,,,,0.35513,-1.93,0.004,0.34423,-5.64,0.0044,0.3309,-22.62,0.0115,
2025-03-07_unkLi2-R6_LP-4nF-noR-config_4daydeg_500k-5kHz_100p-1s_1.4offset_1.4Vpk.txt,unkLi2,R6,LP-4nF-noR,4,500k-5kHz,1.4,1.4,4.0,,,,,,,,,,,,,,,,,,,,,,,,,0.35473,-1.83,0.7573,0.34397,-5.63,0.7349,0.33095,-22.62,0.2547,
2025-03-07_unkLi2-R6_LP-4nF-noR-config_4daydeg_5k-200Hz_97p-1s_-1.4offset_1.4Vpk.txt,unkLi2,R6,LP-4nF-noR,4,5k-200Hz,-1.4,1.4,4.0,,,,,,,,,,,,,,,,,,,,,,0.41604,-8.25,-0.3072,,,,,,,,,,2.85
2025-03-07_unkLi2-R6_LP-4nF-noR-config_4daydeg_5k-200Hz_97p-1s_0offset_0.5Vpk.txt,unkLi2,R6,LP-4nF-noR,4,5k-200Hz,0.0,0.5,4.0,,,,,,,,,,,,,,,,,,,,,,0.37281,-3.52,0.0048,,,,,,,,,,2.378
2025-03-07_unkLi2-R6_LP-4nF-noR-config_4daydeg_5k-200Hz_97p-1s_0offset_1.5Vpk.txt,unkLi2,R6,LP-4nF-noR,4,5k-200Hz,0.0,1.5,4.0,,,,,,,,,,,,,,,,,,,,,,0.37304,-3.72,0.0042,,,,,,,,,,2.38
2025-03-07_unkLi2-R6_LP-4nF-noR-config_4daydeg_5k-200Hz_97p-1s_0offset_1Vpk.txt,unkLi2,R6,LP-4nF-noR,4,5k-200Hz,0.0,1.0,4.0,,,,,,,,,,,,,,,,,,,,,,0.37291,-3.63,0.0044,,,,,,,,,,2.379
2025-03-07_unkLi2-R6_LP-4nF-noR-config_4daydeg_5k-200Hz_97p-1s_0offset_2.4Vpk.txt,unkLi2,R6,LP-4nF-noR,4,5k-200Hz,0.0,2.4,4.0,,,,,,,,,,,,,,,,,,,,,,0.37344,-3.94,0.0033,,,,,,,,,,2.384
2025-03-07_unkLi2-R6_LP-4nF-noR-config_4daydeg_5k-200Hz_97p-1s_0offset_2Vpk.txt,unkLi2,R6,LP-4nF-noR,4,5k-200Hz,0.0,2.0,4.0,,,,,,,,,,,,,,,,,,,,,,0.37317,-3.83,0.0035,,,,,,,,,,2.381
2025-03-07_unkLi2-R6_LP-4nF-noR-config_4daydeg_5k-200Hz_97p-1s_1.4offset_1.4Vpk.txt,unkLi2,R6,LP-4nF-noR,4,5k-200Hz,1.4,1.4,4.0,,,,,,,,,,,,,,,,,,,,,,0.37057,-3.25,0.7832,,,,,,,,,,2.355
2025-03-07_unkNa2-L6_LP-4nF-noR-config_4daydeg_200-1Hz_200p-1s_-1.4offset_1.4Vpk.txt,unkNa2,L6,LP-4nF-noR,4,200-1Hz,-1.4,1.4,4.0,1.02575,108.36,-1.0477,2.99923,4.41,-3.3902,0.26211,-16.84,-1.1697,0.94604,-5.78,-1.8881,0.85623,-13.51,-1.853,0.74532,-19.48,-1.8683,0.58084,-20.28,-1.892,,,,,,,,,,,,,
2025-03-07_unkNa2-L6_LP-4nF-noR-config_4daydeg_200-1Hz_200p-1s_0offset_0.5Vpk.txt,unkNa2,L6,LP-4nF-noR,4,200-1Hz,0.0,0.5,4.0,1.08588,-46.76,0.4,1.35799,7.48,-0.5271,0.90306,-4.1,-0.1472,0.92309,-7.01,0.0032,0.87706,-12.31,0.0047,0.85133,-27.08,0.0081,0.57977,-20.15,0.0095,,,,,,,,,,,,,
2025-03-07_unkNa2-L6_LP-4nF-noR-config_4daydeg_200-1Hz_200p-1s_0offset_1.5Vpk.txt,unkNa2,L6,LP-4nF-noR,4,200-1Hz,0.0,1.5,4.0,1.72687,12.06,1.8976,0.81197,30.52,-0.7531,0.97925,-3.95,-0.7259,0.94688,-5.32,-0.0588,0.92658,-9.18,0.0048,0.83073,-18.39,0.0162,0.64677,-21.46,0.0348,,,,,,,,,,,,,
2025-03-07_unkNa2-L6_LP-4nF-noR-config_4daydeg_200-1Hz_200p-1s_0offset_1Vpk.txt,unkNa2,L6,LP-4nF-noR,4,200-1Hz,0.0,1.0,4.0,1.63441,17.82,-1.1976,0.4529,6.87,0.0159,0.91921,-3.09,0.1881,0.92732,-6.8,0.0312,0.8695,-12.72,0.0091,0.67228,-18.19,0.0151,0.59247,-20.67,0.0247,,,,,,,,,,,,,
2025-03-07_unkNa2-L6_LP-4nF-noR-config_4daydeg_200-1Hz_200p-1s_0offset_2.4Vpk.txt,unkNa2,L6,LP-4nF-noR,4,200-1Hz,0.0,2.4,4.0,0.93004,-51.12,1.6434,1.44866,-5.4,-2.7302,0.97546,-1.54,0.737,0.93556,-6.17,-0.0576,0.91626,-10.0,0.0112,0.80183,-16.3,0.0712,0.73295,-21.25,0.0741,,,,,,,,,,,,,
2025-03-07_unkNa2-L6_LP-4nF-noR-config_4daydeg_200-1Hz_200p-1s_0offset_2Vpk.txt,unkNa2,L6,LP-4nF-noR,4,200-1Hz,0.0,2.0,4.0,0.45775,-57.96,0.6555,1.33045,-17.16,-2.1128,0.98186,-3.56,0.9304,0.94334,-5.69,-0.0276,0.90715,-10.53,0.0156,0.79969,-20.33,0.0356,0.6907,-21.53,0.0523,,,,,,,,,,,,,
2025-03-07_unkNa2-L6_LP-4nF-noR-config_4daydeg_200-1Hz_200p-1s_1.4offset_1.4Vpk.txt,unkNa2,L6,LP-4nF-noR,4,200-1Hz,1.4,1.4,4.0,2.29748,67.8,2.3574,2.41727,-45.57,2.7907,0.26711,-8.62,1.1899,0.87757,-4.97,1.8372,0.79821,-15.74,1.8605,0.6491,-15.28,1.8754,0.55082,-19.27,1.9159,,,,,,,,,,,,,
2025-03-07_unkNa2-L6_LP-4nF-noR-config_4daydeg_500k-1Hz_400p-1s_-1.4offset_1.4Vpk.txt,unkNa2,L6,LP-4nF-noR,4,500k-1Hz,-1.4,1.4,4.0,1.02575,108.36,-1.0477,2.99923,4.41,-3.3902,0.26211,-16.84,-1.1697,0.94604,-5.78,-1.8881,0.85623,-13.51,-1.853,0.74532,-19.48,-1.8683,0.58084,-20.28,-1.892,0.42274,-4.83,-1.884,0.40012,-2.94,-1.919,0.37569,-7.6,-1.89,0.3445,-26.34,-1.899,2.929
2025-03-07_unkNa2-L6_LP-4nF-noR-config_4daydeg_500k-1Hz_400p-1s_0offset_0.5Vpk.txt,unkNa2,L6,LP-4nF-noR,4,500k-1Hz,0.0,0.5,4.0,1.08588,-46.76,0.4,1.35799,7.48,-0.5271,0.90306,-4.1,-0.1472,0.92309,-7.01,0.0032,0.87706,-12.31,0.0047,0.85133,-27.08,0.0081,0.57977,-20.15,0.0095,0.44615,-12.51,-0.0021,0.40006,-2.61,0.0064,0.37515,-7.29,0.007,0.34548,-24.87,0.0056,3.222
2025-03-07_unkNa2-L6_LP-4nF-noR-config_4daydeg_500k-1Hz_400p-1s_0offset_1.5Vpk.txt,unkNa2,L6,LP-4nF-noR,4,500k-1Hz,0.0,1.5,4.0,1.72687,12.06,1.8976,0.81197,30.52,-0.7531,0.97925,-3.95,-0.7259,0.94688,-5.32,-0.0588,0.92658,-9.18,0.0048,0.83073,-18.39,0.0162,0.64677,-21.46,0.0348,0.45904,-14.75,-0.0558,0.39995,-2.58,0.0342,0.3754,-7.56,0.0345,0.34487,-26.24,0.035,3.394
2025-03-07_unkNa2-L6_LP-4nF-noR-config_4daydeg_500k-1Hz_400p-1s_0offset_1Vpk.txt,unkNa2,L6,LP-4nF-noR,4,500k-1Hz,0.0,1.0,4.0,1.63441,17.82,-1.1976,0.4529,6.87,0.0159,0.91921,-3.09,0.1881,0.92732,-6.8,0.0312,0.8695,-12.72,0.0091,0.67228,-18.19,0.0151,0.59247,-20.67,0.0247,0.44506,-12.29,-0.0232,0.39965,-2.62,0.0161,0.37479,-7.29,0.0179,0.34509,-24.91,0.0167,3.208
2025-03-07_unkNa2-L6_LP-4nF-noR-config_4daydeg_500k-1Hz_400p-1s_0offset_2.4Vpk.txt,unkNa2,L6,LP-4nF-noR,4,500k-1Hz,0.0,2.4,4.0,0.93004,-51.12,1.6434,1.44866,-5.4,-2.7302,0.97546,-1.54,0.737,0.93556,-6.17,-0.0576,0.91626,-10.0,0.0112,0.80183,-16.3,0.0712,0.73295,-21.25,0.0741,0.4336,-10.68,-0.1574,0.40144,-4.75,-0.2707,0.37503,-7.64,-0.1546,0.34442,-26.24,0.1045,3.062
2025-03-07_unkNa2-L6_LP-4nF-noR-config_4daydeg_500k-1Hz_400p-1s_0offset_2Vpk.txt,unkNa2,L6,LP-4nF-noR,4,500k-1Hz,0.0,2.0,4.0,0.45775,-57.96,0.6555,1.33045,-17.16,-2.1128,0.98186,-3.56,0.9304,0.94334,-5.69,-0.0276,0.90715,-10.53,0.0156,0.79969,-20.33,0.0356,0.6907,-21.53,0.0523,0.46961,-16.48,-0.1334,0.39971,-2.6,0.0752,0.37512,-7.56,0.0761,0.3446,-26.24,0.0596,
2025-03-07_unkNa2-L6_LP-4nF-noR-config_4daydeg_500k-1Hz_400p-1s_1.4offset_1.4Vpk.txt,unkNa2,L6,LP-4nF-noR,4,500k-1Hz,1.4,1.4,4.0,2.29748,67.8,2.3574,2.41727,-45.57,2.7907,0.26711,-8.62,1.1899,0.87757,-4.97,1.8372,0.79821,-15.74,1.8605,0.6491,-15.28,1.8754,0.55082,-19.27,1.9159,0.4236,-5.48,1.8638,0.40029,-2.92,1.8814,0.37582,-7.58,1.8865,0.34473,-26.28,1.8852,2.94
2025-03-07_unkNa2-L6_LP-4nF-noR-config_4daydeg_500k-5kHz_100p-1s_-1.4offset_1.4Vpk.txt,unkNa2,L6,LP-4nF-noR,4,500k-5kHz,-1.4,1.4,4.0,,,,,,,,,,,,,,,,,,,,,,,,,0.40012,-2.94,-1.919,0.37569,-7.6,-1.89,0.3445,-26.34,-1.899,
2025-03-07_unkNa2-L6_LP-4nF-noR-config_4daydeg_500k-5kHz_100p-1s_1.4offset_1.4Vpk.txt,unkNa2,L6,LP-4nF-noR,4,500k-5kHz,1.4,1.4,4.0,,,,,,,,,,,,,,,,,,,,,,,,,0.40029,-2.92,1.8814,0.37582,-7.58,1.8865,0.34473,-26.28,1.8852,
2025-03-07_unkNa2-L6_LP-4nF-noR-config_4daydeg_5k-200Hz_97p-1s_-1.4offset_1.4Vpk.txt,unkNa2,L6,LP-4nF-noR,4,5k-200Hz,-1.4,1.4,4.0,,,,,,,,,,,,,,,,,,,,,,0.42274,-4.83,-1.884,,,,,,,,,,2.929
2025-03-07_unkNa2-L6_LP-4nF-noR-config_4daydeg_5k-200Hz_97p-1s_1.4offset_1.4Vpk.txt,unkNa2,L6,LP-4nF-noR,4,5k-200Hz,1.4,1.4,4.0,,,,,,,,,,,,,,,,,,,,,,0.4236,-5.48,1.8638,,,,,,,,,,2.94
2025-03-07_unkNa2-R5_LP-4nF-noR-config_4daydeg_200-1Hz_200p-1s_-1.4offset_1.4Vpk.txt,unkNa2,R5,LP-4nF-noR,4,200-1Hz,-1.4,1.4,4.0,1.01006,-49.76,-1.0454,0.51505,-0.23,0.5425,0.74513,-6.92,-0.8278,0.56696,-4.57,-0.3799,0.54144,-6.54,-0.3999,0.54499,-11.86,-0.417,0.47794,-5.81,-0.4795,,,,,,,,,,,,,
2025-03-07_unkNa2-R5_LP-4nF-noR-config_4daydeg_200-1Hz_200p-1s_0offset_0.5Vpk.txt,unkNa2,R5,LP-4nF-noR,4,200-1Hz,0.0,0.5,4.0,0.58003,27.76,0.2133,0.34564,54.39,-0.1069,0.48605,7.07,-0.1397,0.48784,3.79,-0.0057,0.4794,0.14,0.0026,0.60921,15.84,0.0026,0.45307,-2.06,0.0016,,,,,,,,,,,,,
2025-03-07_unkNa2-R5_LP-4nF-noR-config_4daydeg_200-1Hz_200p-1s_0offset_1.5Vpk.txt,unkNa2,R5,LP-4nF-noR,4,200-1Hz,0.0,1.5,4.0,0.04889,29.3,-0.0081,0.4347,-3.4,0.4775,0.48395,10.69,-0.3529,0.47862,4.61,-0.0258,0.47272,0.8,0.0018,0.38758,0.6,0.0022,0.45089,-1.94,0.0024,,,,,,,,,,,,,
2025-03-07_unkNa2-R5_LP-4nF-noR-config_4daydeg_200-1Hz_200p-1s_0offset_1Vpk.txt,unkNa2,R5,LP-4nF-noR,4,200-1Hz,0.0,1.0,4.0,0.56143,37.55,0.4116,0.31601,55.65,-0.186,0.48977,11.67,-0.2083,0.48073,4.41,-0.0193,0.47503,0.67,0.0028,0.50868,10.55,0.0026,0.45233,-2.04,0.0027,,,,,,,,,,,,,
2025-03-07_unkNa2-R5_LP-4nF-noR-config_4daydeg_200-1Hz_200p-1s_0offset_2.4Vpk.txt,unkNa2,R5,LP-4nF-noR,4,200-1Hz,0.0,2.4,4.0,0.12529,-30.46,-0.2012,0.56073,2.72,1.076,0.48019,11.56,-0.3367,0.4803,4.2,0.0498,0.4734,0.51,0.0014,0.48068,-6.13,0.0016,0.45046,-2.04,0.0016,,,,,,,,,,,,,
2025-03-07_unkNa2-R5_LP-4nF-noR-config_4daydeg_200-1Hz_200p-1s_0offset_2Vpk.txt,unkNa2,R5,LP-4nF-noR,4,200-1Hz,0.0,2.0,4.0,0.55608,49.28,0.8142,0.21563,3.66,0.2113,0.46125,13.28,-0.0049,0.4798,4.33,0.0313,0.47347,0.61,0.0016,0.49208,4.02,0.0019,0.45085,-2.03,0.0022,,,,,,,,,,,,,
2025-03-07_unkNa2-R5_LP-4nF-noR-config_4daydeg_200-1Hz_200p-1s_1.4offset_1.4Vpk.txt,unkNa2,R5,LP-4nF-noR,4,200-1Hz,1.4,1.4,4.0,1.13946,75.28,1.1647,1.13465,-23.41,1.3159,0.3222,9.58,0.2582,0.53787,-1.33,0.6478,0.5183,-3.21,0.6535,0.55049,-0.16,0.6417,0.46542,-4.01,0.6129,,,,,,,,,,,,,
2025-03-07_unkNa2-R5_LP-4nF-noR-config_4daydeg_500k-1Hz_400p-1s_-1.4offset_1.4Vpk.txt,unkNa2,R5,LP-4nF-noR,4,500k-1Hz,-1.4,1.4,4.0,1.01006,-49.76,-1.0454,0.51505,-0.23,0.5425,0.74513,-6.92,-0.8278,0.56696,-4.57,-0.3799,0.54144,-6.54,-0.3999,0.54499,-11.86,-0.417,0.47794,-5.81,-0.4795,0.43126,-3.4,-0.2709,0.40498,-3.08,-0.4423,0.37717,-7.74,-0.4807,0.34489,-26.11,-0.6914,3.033
2025-03-07_unkNa2-R5_LP-4nF-noR-config_4daydeg_500k-1Hz_400p-1s_0offset_0.5Vpk.txt,unkNa2,R5,LP-4nF-noR,4,500k-1Hz,0.0,0.5,4.0,0.58003,27.76,0.2133,0.34564,54.39,-0.1069,0.48605,7.07,-0.1397,0.48784,3.79,-0.0057,0.4794,0.14,0.0026,0.60921,15.84,0.0026,0.45307,-2.06,0.0016,0.42207,-2.34,0.0025,0.40162,-2.73,0.001,0.37568,-7.28,0.0009,0.34684,-24.51,-0.0004,2.921
2025-03-07_unkNa2-R5_LP-4nF-noR-config_4daydeg_500k-1Hz_400p-1s_0offset_1.5Vpk.txt,unkNa2,R5,LP-4nF-noR,4,500k-1Hz,0.0,1.5,4.0,0.04889,29.3,-0.0081,0.4347,-3.4,0.4775,0.48395,10.69,-0.3529,0.47862,4.61,-0.0258,0.47272,0.8,0.0018,0.38758,0.6,0.0022,0.45089,-1.94,0.0024,0.42207,-2.37,0.0025,0.40102,-2.7,0.0018,0.37533,-7.55,0.002,0.34561,-25.85,0.0027,2.921
2025-03-07_unkNa2-R5_LP-4nF-noR-config_4daydeg_500k-1Hz_400p-1s_0offset_1Vpk.txt,unkNa2,R5,LP-4nF-noR,4,500k-1Hz,0.0,1.0,4.0,0.56143,37.55,0.4116,0.31601,55.65,-0.186,0.48977,11.67,-0.2083,0.48073,4.41,-0.0193,0.47503,0.67,0.0028,0.50868,10.55,0.0026,0.45233,-2.04,0.0027,0.42194,-2.37,0.0028,0.40075,-2.74,0.0013,0.37471,-7.28,0.0014,0.34568,-24.49,-0.0004,2.92
2025-03-07_unkNa2-R5_LP-4nF-noR-config_4daydeg_500k-1Hz_400p-1s_0offset_2.4Vpk.txt,unkNa2,R5,LP-4nF-noR,4,500k-1Hz,0.0,2.4,4.0,0.12529,-30.46,-0.2012,0.56073,2.72,1.076,0.48019,11.56,-0.3367,0.4803,4.2,0.0498,0.4734,0.51,0.0014,0.48068,-6.13,0.0016,0.45046,-2.04,0.0016,0.42173,-2.42,0.0016,0.40044,-2.73,0.0021,0.37467,-7.55,0.0025,0.34477,-25.85,0.0024,2.917
2025-03-07_unkNa2-R5_LP-4nF-noR-config_4daydeg_500k-1Hz_400p-1s_0offset_2Vpk.txt,unkNa2,R5,LP-4nF-noR,4,500k-1Hz,0.0,2.0,4.0,0.55608,49.28,0.8142,0.21563,3.66,0.2113,0.46125,13.28,-0.0049,0.4798,4.33,0.0313,0.47347,0.61,0.0016,0.49208,4.02,0.0019,0.45085,-2.03,0.0022,0.42189,-2.4,0.0022,0.4006,-2.72,0.0021,0.37491,-7.55,0.0024,0.34506,-25.85,0.0024,2.919
2025-03-07_unkNa2-R5_LP-4nF-noR-config_4daydeg_500k-1Hz_400p-1s_1.4offset_1.4Vpk.txt,unkNa2,R5,LP-4nF-noR,4,500k-1Hz,1.4,1.4,4.0,1.13946,75.28,1.1647,1.13465,-23.41,1.3159,0.3222,9.58,0.2582,0.53787,-1.33,0.6478,0.5183,-3.21,0.6535,0.55049,-0.16,0.6417,0.46542,-4.01,0.6129,0.42324,-2.48,0.2373,0.40094,-2.73,0.4384,0.37537,-7.56,0.3931,0.34509,-25.95,0.2014,2.935
2025-03-07_unkNa2-R5_LP-4nF-noR-config_4daydeg_500k-5kHz_100p-1s_-1.4offset_1.4Vpk.txt,unkNa2,R5,LP-4nF-noR,4,500k-5kHz,-1.4,1.4,4.0,,,,,,,,,,,,,,,,,,,,,,,,,0.40498,-3.08,-0.4423,0.37717,-7.74,-0.4807,0.34489,-26.11,-0.6914,
2025-03-07_unkNa2-R5_LP-4nF-noR-config_4daydeg_500k-5kHz_100p-1s_1.4offset_1.4Vpk.txt,unkNa2,R5,LP-4nF-noR,4,500k-5kHz,1.4,1.4,4.0,,,,,,,,,,,,,,,,,,,,,,,,,0.40094,-2.73,0.4384,0.37537,-7.56,0.3931,0.34509,-25.95,0.2014,
2025-03-07_unkNa2-R5_LP-4nF-noR-config_4daydeg_5k-200Hz_97p-1s_-1.4offset_1.4Vpk.txt,unkNa2,R5,LP-4nF-noR,4,5k-200Hz,-1.4,1.4,4.0,,,,,,,,,,,,,,,,,,,,,,0.43126,-3.4,-0.2709,,,,,,,,,,3.033
2025-03-07_unkNa2-R5_LP-4nF-noR-config_4daydeg_5k-200Hz_97p-1s_1.4offset_1.4Vpk.txt,unkNa2,R5,LP-4nF-noR,4,5k-200Hz,1.4,1.4,4.0,,,,,,,,,,,,,,,,,,,,,,0.42324,-2.48,0.2373,,,,,,,,,,2.935
2025-03-07_unkNa2-R6_LP-4nF-noR-config_4daydeg_200-1Hz_200p-1s_-1.4offset_1.4Vpk.txt,unkNa2,R6,LP-4nF-noR,4,200-1Hz,-1.4,1.4,4.0,0.05616,48.7,-0.0078,1.14663,4.53,-1.2821,0.56219,-13.42,-0.3652,0.54881,-4.64,-0.3748,0.51975,-5.16,-0.3572,0.4449,-12.67,-0.3802,0.47155,-4.88,-0.4182,,,,,,,,,,,,,
2025-03-07_unkNa2-R6_LP-4nF-noR-config_4daydeg_200-1Hz_200p-1s_0offset_0.5Vpk.txt,unkNa2,R6,LP-4nF-noR,4,200-1Hz,0.0,0.5,4.0,0.35409,-4.39,-0.1306,0.54614,38.53,0.2101,0.45817,14.38,-0.0552,0.46866,5.9,-0.0048,0.4671,1.8,0.0025,0.4991,25.75,0.0026,0.44997,-1.41,0.0028,,,,,,,,,,,,,
2025-03-07_unkNa2-R6_LP-4nF-noR-config_4daydeg_200-1Hz_200p-1s_0offset_1.5Vpk.txt,unkNa2,R6,LP-4nF-noR,4,200-1Hz,0.0,1.5,4.0,0.11796,-22.8,-0.1248,0.5234,13.96,0.6232,0.46389,12.61,-0.3351,0.46509,6.33,-0.0182,0.46401,2.09,0.0022,0.41304,-8.6,0.0021,0.44888,-1.27,0.0021,,,,,,,,,,,,,
2025-03-07_unkNa2-R6_LP-4nF-noR-config_4daydeg_200-1Hz_200p-1s_0offset_1Vpk.txt,unkNa2,R6,LP-4nF-noR,4,200-1Hz,0.0,1.0,4.0,0.47807,50.76,0.3517,0.28454,58.48,-0.1613,0.45254,12.76,-0.2177,0.46621,6.34,0.0191,0.465,2.08,0.0021,0.55384,5.93,0.0024,0.45008,-1.28,0.0025,,,,,,,,,,,,,
2025-03-07_unkNa2-R6_LP-4nF-noR-config_4daydeg_200-1Hz_200p-1s_0offset_2.4Vpk.txt,unkNa2,R6,LP-4nF-noR,4,200-1Hz,0.0,2.4,4.0,0.09172,-23.73,-0.1285,0.39934,-1.02,0.747,0.4642,13.58,-0.4505,0.46566,6.03,-0.0277,0.46416,1.91,0.0064,0.41863,-3.55,0.0018,0.44858,-1.38,0.0019,,,,,,,,,,,,,
2025-03-07_unkNa2-R6_LP-4nF-noR-config_4daydeg_200-1Hz_200p-1s_0offset_2Vpk.txt,unkNa2,R6,LP-4nF-noR,4,200-1Hz,0.0,2.0,4.0,0.25775,86.92,-0.3708,0.36718,-4.94,-0.5673,0.45303,13.68,0.3155,0.4654,6.18,0.0375,0.46377,2.01,0.0017,0.4752,5.82,0.002,0.44868,-1.33,0.002,,,,,,,,,,,,,
2025-03-07_unkNa2-R6_LP-4nF-noR-config_4daydeg_200-1Hz_200p-1s_1.4offset_1.4Vpk.txt,unkNa2,R6,LP-4nF-noR,4,200-1Hz,1.4,1.4,4.0,1.41575,51.3,1.4571,0.85975,-43.28,0.9974,0.42767,33.21,0.479,0.50605,1.86,0.6829,0.50723,-2.6,0.7228,0.55327,-4.78,0.7165,0.4599,-3.25,0.6892,,,,,,,,,,,,,
2025-03-07_unkNa2-R6_LP-4nF-noR-config_4daydeg_500k-1Hz_400p-1s_-1.4offset_1.4Vpk.txt,unkNa2,R6,LP-4nF-noR,4,500k-1Hz,-1.4,1.4,4.0,0.05616,48.7,-0.0078,1.14663,4.53,-1.2821,0.56219,-13.42,-0.3652,0.54881,-4.64,-0.3748,0.51975,-5.16,-0.3572,0.4449,-12.67,-0.3802,0.47155,-4.88,-0.4182,0.43148,-3.11,-0.2865,0.40681,-2.92,-0.4024,0.38016,-7.78,-0.4385,0.34713,-26.72,-0.6585,3.036
2025-03-07_unkNa2-R6_LP-4nF-noR-config_4daydeg_500k-1Hz_400p-1s_0offset_0.5Vpk.txt,unkNa2,R6,LP-4nF-noR,4,500k-1Hz,0.0,0.5,4.0,0.35409,-4.39,-0.1306,0.54614,38.53,0.2101,0.45817,14.38,-0.0552,0.46866,5.9,-0.0048,0.4671,1.8,0.0025,0.4991,25.75,0.0026,0.44997,-1.41,0.0028,0.42295,-2.18,0.0027,0.40356,-2.62,0.0015,0.37847,-7.33,0.0016,0.34837,-25.09,0.001,2.932
2025-03-07_unkNa2-R6_LP-4nF-noR-config_4daydeg_500k-1Hz_400p-1s_0offset_1.5Vpk.txt,unkNa2,R6,LP-4nF-noR,4,500k-1Hz,0.0,1.5,4.0,0.11796,-22.8,-0.1248,0.5234,13.96,0.6232,0.46389,12.61,-0.3351,0.46509,6.33,-0.0182,0.46401,2.09,0.0022,0.41304,-8.6,0.0021,0.44888,-1.27,0.0021,0.42307,-2.17,0.0111,0.40326,-2.59,0.0021,0.37849,-7.6,0.0024,0.34749,-26.46,0.0056,2.933
2025-03-07_unkNa2-R6_LP-4nF-noR-config_4daydeg_500k-1Hz_400p-1s_0offset_1Vpk.txt,unkNa2,R6,LP-4nF-noR,4,500k-1Hz,0.0,1.0,4.0,0.47807,50.76,0.3517,0.28454,58.48,-0.1613,0.45254,12.76,-0.2177,0.46621,6.34,0.0191,0.465,2.08,0.0021,0.55384,5.93,0.0024,0.45008,-1.28,0.0025,0.42299,-2.17,0.0026,0.40295,-2.63,0.0048,0.37777,-7.34,0.0021,0.3476,-25.08,0.0026,2.932
2025-03-07_unkNa2-R6_LP-4nF-noR-config_4daydeg_500k-1Hz_400p-1s_0offset_2.4Vpk.txt,unkNa2,R6,LP-4nF-noR,4,500k-1Hz,0.0,2.4,4.0,0.09172,-23.73,-0.1285,0.39934,-1.02,0.747,0.4642,13.58,-0.4505,0.46566,6.03,-0.0277,0.46416,1.91,0.0064,0.41863,-3.55,0.0018,0.44858,-1.38,0.0019,0.42278,-2.22,0.002,0.40279,-2.61,0.0019,0.37793,-7.61,0.0025,0.34696,-26.47,0.006,2.93
2025-03-07_unkNa2-R6_LP-4nF-noR-config_4daydeg_500k-1Hz_400p-1s_0offset_2Vpk.txt,unkNa2,R6,LP-4nF-noR,4,500k-1Hz,0.0,2.0,4.0,0.25775,86.92,-0.3708,0.36718,-4.94,-0.5673,0.45303,13.68,0.3155,0.4654,6.18,0.0375,0.46377,2.01,0.0017,0.4752,5.82,0.002,0.44868,-1.33,0.002,0.42283,-2.19,0.0023,0.40292,-2.6,0.0022,0.37813,-7.6,0.0026,0.34717,-26.44,-0.0191,2.93
2025-03-07_unkNa2-R6_LP-4nF-noR-config_4daydeg_500k-1Hz_400p-1s_1.4offset_1.4Vpk.txt,unkNa2,R6,LP-4nF-noR,4,500k-1Hz,1.4,1.4,4.0,1.41575,51.3,1.4571,0.85975,-43.28,0.9974,0.42767,33.21,0.479,0.50605,1.86,0.6829,0.50723,-2.6,0.7228,0.55327,-4.78,0.7165,0.4599,-3.25,0.6892,0.42403,-2.16,0.2133,0.40357,-2.63,0.5949,0.37881,-7.64,0.5573,0.34711,-26.61,0.1162,2.945
2025-03-07_unkNa2-R6_LP-4nF-noR-config_4daydeg_500k-5kHz_100p-1s_-1.4offset_1.4Vpk.txt,unkNa2,R6,LP-4nF-noR,4,500k-5kHz,-1.4,1.4,4.0,,,,,,,,,,,,,,,,,,,,,,,,,0.40681,-2.92,-0.4024,0.38016,-7.78,-0.4385,0.34713,-26.72,-0.6585,
2025-03-07_unkNa2-R6_LP-4nF-noR-config_4daydeg_500k-5kHz_100p-1s_1.4offset_1.4Vpk.txt,unkNa2,R6,LP-4nF-noR,4,500k-5kHz,1.4,1.4,4.0,,,,,,,,,,,,,,,,,,,,,,,,,0.40357,-2.63,0.5949,0.37881,-7.64,0.5573,0.34711,-26.61,0.1162,
2025-03-07_unkNa2-R6_LP-4nF-noR-config_4daydeg_5k-200Hz_97p-1s_-1.4offset_1.4Vpk.txt,unkNa2,R6,LP-4nF-noR,4,5k-200Hz,-1.4,1.4,4.0,,,,,,,,,,,,,,,,,,,,,,0.43148,-3.11,-0.2865,,,,,,,,,,3.036
2025-03-07_unkNa2-R6_LP-4nF-noR-config_4daydeg_5k-200Hz_97p-1s_1.4offset_1.4Vpk.txt,unkNa2,R6,LP-4nF-noR,4,5k-200Hz,1.4,1.4,4.0,,,,,,,,,,,,,,,,,,,,,,0.42403,-2.16,0.2133,,,,,,,,,,2.945
2025-03-12_unkK2-L5_LP-4nF-noR-config_9daydeg_200-1Hz_200p-1s_-2.4offset_0.4Vpk.txt,unkK2,L5,LP-4nF-noR,9,200-1Hz,-2.4,0.4,4.0,9.78841,-121.75,-2.898,8.65273,121.57,-2.9065,4.53273,40.24,-3.2805,0.67082,12.94,-3.1632,0.88384,-11.69,-3.184,0.80119,-28.7,-3.2163,0.58552,-18.03,-3.2182,,,,,,,,,,,,,
2025-03-12_unkK2-L5_LP-4nF-noR-config_9daydeg_200-1Hz_200p-1s_-2offset_0.8Vpk.txt,unkK2,L5,LP-4nF-noR,9,200-1Hz,-2.0,0.8,4.0,2.45655,179.91,-1.4533,4.02383,66.76,-2.6428,2.40847,-19.77,-2.755,0.84605,-19.34,-2.4575,0.72132,-15.66,-2.4918,0.48804,-10.26,-2.555,0.50416,-11.52,-2.536,,,,,,,,,,,,,
2025-03-12_unkK2-L5_LP-4nF-noR-config_9daydeg_200-1Hz_200p-1s_2.4offset_0.4Vpk.txt,unkK2,L5,LP-4nF-noR,9,200-1Hz,2.4,0.4,4.0,9.90764,117.3,2.9217,10.7851,20.12,3.5868,3.88614,-103.79,3.0938,1.31963,-14.52,3.1865,0.88277,-11.14,3.1855,0.62494,-28.57,3.2316,0.58897,-17.9,3.2279,,,,,,,,,,,,,
2025-03-12_unkK2-L5_LP-4nF-noR-config_9daydeg_200-1Hz_200p-1s_2offset_0.8Vpk.txt,unkK2,L5,LP-4nF-noR,9,200-1Hz,2.0,0.8,4.0,4.89724,73.53,2.882,5.13949,-29.44,3.4153,0.71,179.65,2.2637,1.02926,-0.3,2.6805,0.86287,-11.9,2.6883,0.77449,-23.06,2.7399,0.6312,-19.37,2.7474,,,,,,,,,,,,,
2025-03-12_unkK2-L5_LP-4nF-noR-config_9daydeg_500k-1Hz_400p-1s_-2.4offset_0.4Vpk.txt,unkK2,L5,LP-4nF-noR,9,500k-1Hz,-2.4,0.4,4.0,9.78841,-121.75,-2.898,8.65273,121.57,-2.9065,4.53273,40.24,-3.2805,0.67082,12.94,-3.1632,0.88384,-11.69,-3.184,0.80119,-28.7,-3.2163,0.58552,-18.03,-3.2182,0.44373,-5.85,-3.2317,0.41022,-3.89,-3.2382,0.37454,-8.55,-3.2401,0.33811,-26.82,-3.2429,3.191
2025-03-12_unkK2-L5_LP-4nF-noR-config_9daydeg_500k-1Hz_400p-1s_-2offset_0.8Vpk.txt,unkK2,L5,LP-4nF-noR,9,500k-1Hz,-2.0,0.8,4.0,2.45655,179.91,-1.4533,4.02383,66.76,-2.6428,2.40847,-19.77,-2.755,0.84605,-19.34,-2.4575,0.72132,-15.66,-2.4918,0.48804,-10.26,-2.555,0.50416,-11.52,-2.536,0.43908,-4.61,-2.604,0.40678,-4.11,-2.7566,0.37078,-8.42,-2.7563,0.33647,-26.18,-2.7554,3.131
2025-03-12_unkK2-L5_LP-4nF-noR-config_9daydeg_500k-1Hz_400p-1s_2.4offset_0.4Vpk.txt,unkK2,L5,LP-4nF-noR,9,500k-1Hz,2.4,0.4,4.0,9.90764,117.3,2.9217,10.7851,20.12,3.5868,3.88614,-103.79,3.0938,1.31963,-14.52,3.1865,0.88277,-11.14,3.1855,0.62494,-28.57,3.2316,0.58897,-17.9,3.2279,0.44455,-6.04,3.2507,0.41106,-3.93,3.2615,0.3751,-8.61,3.2643,0.3385,-27.07,3.2713,3.201
2025-03-12_unkK2-L5_LP-4nF-noR-config_9daydeg_500k-1Hz_400p-1s_2offset_0.8Vpk.txt,unkK2,L5,LP-4nF-noR,9,500k-1Hz,2.0,0.8,4.0,4.89724,73.53,2.882,5.13949,-29.44,3.4153,0.71,179.65,2.2637,1.02926,-0.3,2.6805,0.86287,-11.9,2.6883,0.77449,-23.06,2.7399,0.6312,-19.37,2.7474,0.44719,-7.37,2.7663,0.41289,-4.13,2.7796,0.37679,-8.64,2.7908,0.33986,-27.04,2.7876,3.236
2025-03-12_unkK2-L5_LP-4nF-noR-config_9daydeg_500k-5kHz_100p-1s_-2.4offset_0.4Vpk.txt,unkK2,L5,LP-4nF-noR,9,500k-5kHz,-2.4,0.4,4.0,,,,,,,,,,,,,,,,,,,,,,,,,0.41022,-3.89,-3.2382,0.37454,-8.55,-3.2401,0.33811,-26.82,-3.2429,
2025-03-12_unkK2-L5_LP-4nF-noR-config_9daydeg_500k-5kHz_100p-1s_-2offset_0.8Vpk.txt,unkK2,L5,LP-4nF-noR,9,500k-5kHz,-2.0,0.8,4.0,,,,,,,,,,,,,,,,,,,,,,,,,0.40678,-4.11,-2.7566,0.37078,-8.42,-2.7563,0.33647,-26.18,-2.7554,
2025-03-12_unkK2-L5_LP-4nF-noR-config_9daydeg_500k-5kHz_100p-1s_2.4offset_0.4Vpk.txt,unkK2,L5,LP-4nF-noR,9,500k-5kHz,2.4,0.4,4.0,,,,,,,,,,,,,,,,,,,,,,,,,0.41106,-3.93,3.2615,0.3751,-8.61,3.2643,0.3385,-27.07,3.2713,
2025-03-12_unkK2-L5_LP-4nF-noR-config_9daydeg_500k-5kHz_100p-1s_2offset_0.8Vpk.txt,unkK2,L5,LP-4nF-noR,9,500k-5kHz,2.0,0.8,4.0,,,,,,,,,,,,,,,,,,,,,,,,,0.41289,-4.13,2.7796,0.37679,-8.64,2.7908,0.33986,-27.04,2.7876,
2025-03-12_unkK2-L5_LP-4nF-noR-config_9daydeg_5k-200Hz_97p-1s_-2.4offset_0.4Vpk.txt,unkK2,L5,LP-4nF-noR,9,5k-200Hz,-2.4,0.4,4.0,,,,,,,,,,,,,,,,,,,,,,0.44373,-5.85,-3.2317,,,,,,,,,,3.191
2025-03-12_unkK2-L5_LP-4nF-noR-config_9daydeg_5k-200Hz_97p-1s_-2offset_0.8Vpk.txt,unkK2,L5,LP-4nF-noR,9,5k-200Hz,-2.0,0.8,4.0,,,,,,,,,,,,,,,,,,,,,,0.43908,-4.61,-2.604,,,,,,,,,,3.131
2025-03-12_unkK2-L5_LP-4nF-noR-config_9daydeg_5k-200Hz_97p-1s_2.4offset_0.4Vpk.txt,unkK2,L5,LP-4nF-noR,9,5k-200Hz,2.4,0.4,4.0,,,,,,,,,,,,,,,,,,,,,,0.44455,-6.04,3.2507,,,,,,,,,,3.201
2025-03-12_unkK2-L5_LP-4nF-noR-config_9daydeg_5k-200Hz_97p-1s_2offset_0.8Vpk.txt,unkK2,L5,LP-4nF-noR,9,5k-200Hz,2.0,0.8,4.0,,,,,,,,,,,,,,,,,,,,,,0.44719,-7.37,2.7663,,,,,,,,,,3.236
2025-03-12_unkK2-R5_LP-4nF-noR-config_9daydeg_200-1Hz_200p-1s_-2.4offset_0.4Vpk.txt,unkK2,R5,LP-4nF-noR,9,200-1Hz,-2.4,0.4,4.0,6.38871,22.67,-1.8898,4.68175,-74.2,-1.5605,1.16885,-137.35,-1.3152,0.85959,0.75,-1.4702,0.72011,-11.39,-1.4642,0.52079,2.48,-1.4573,0.54765,-10.47,-1.4456,,,,,,,,,,,,,
2025-03-12_unkK2-R5_LP-4nF-noR-config_9daydeg_200-1Hz_200p-1s_-2offset_0.8Vpk.txt,unkK2,R5,LP-4nF-noR,9,200-1Hz,-2.0,0.8,4.0,1.08526,111.14,-0.6337,2.77143,14.17,-1.7965,1.12486,-40.01,-1.1114,0.77123,-14.01,-1.0504,0.71371,-10.51,-1.0565,0.64956,-19.11,-1.0463,0.55311,-10.75,-1.0157,,,,,,,,,,,,,
2025-03-12_unkK2-R5_LP-4nF-noR-config_9daydeg_200-1Hz_200p-1s_2.4offset_0.4Vpk.txt,unkK2,R5,LP-4nF-noR,9,200-1Hz,2.4,0.4,4.0,8.27953,-80.34,2.4475,5.94945,157.04,2.0198,3.93387,-27.02,2.5078,0.93897,10.93,2.3832,0.71042,-10.31,2.3778,0.73518,-22.29,2.3794,0.53477,-10.96,2.382,,,,,,,,,,,,,
2025-03-12_unkK2-R5_LP-4nF-noR-config_9daydeg_200-1Hz_200p-1s_2offset_0.8Vpk.txt,unkK2,R5,LP-4nF-noR,9,200-1Hz,2.0,0.8,4.0,4.42865,2.15,2.6131,3.38624,-49.98,2.2535,1.60848,-45.57,1.9493,0.8208,-9.07,1.8522,0.67072,-9.79,1.8317,0.58512,-19.96,1.8353,0.52147,-9.55,1.8355,,,,,,,,,,,,,
2025-03-12_unkK2-R5_LP-4nF-noR-config_9daydeg_500k-1Hz_400p-1s_-2.4offset_0.4Vpk.txt,unkK2,R5,LP-4nF-noR,9,500k-1Hz,-2.4,0.4,4.0,6.38871,22.67,-1.8898,4.68175,-74.2,-1.5605,1.16885,-137.35,-1.3152,0.85959,0.75,-1.4702,0.72011,-11.39,-1.4642,0.52079,2.48,-1.4573,0.54765,-10.47,-1.4456,0.45781,-5.64,-1.4683,0.41428,-4.08,-1.4406,0.3763,-8.66,-1.4448,0.33878,-26.76,-1.8198,3.377
2025-03-12_unkK2-R5_LP-4nF-noR-config_9daydeg_500k-1Hz_400p-1s_-2offset_0.8Vpk.txt,unkK2,R5,LP-4nF-noR,9,500k-1Hz,-2.0,0.8,4.0,1.08526,111.14,-0.6337,2.77143,14.17,-1.7965,1.12486,-40.01,-1.1114,0.77123,-14.01,-1.0504,0.71371,-10.51,-1.0565,0.64956,-19.11,-1.0463,0.55311,-10.75,-1.0157,0.45358,-5.53,-0.984,0.41107,-4.2,-0.9712,0.37285,-8.51,-0.966,0.3378,-26.05,-1.0377,3.32
2025-03-12_unkK2-R5_LP-4nF-noR-config_9daydeg_500k-1Hz_400p-1s_2.4offset_0.4Vpk.txt,unkK2,R5,LP-4nF-noR,9,500k-1Hz,2.4,0.4,4.0,8.27953,-80.34,2.4475,5.94945,157.04,2.0198,3.93387,-27.02,2.5078,0.93897,10.93,2.3832,0.71042,-10.31,2.3778,0.73518,-22.29,2.3794,0.53477,-10.96,2.382,0.44731,-4.97,2.3153,0.41175,-3.91,2.27,0.37533,-8.6,2.2682,0.3387,-26.96,1.6453,3.237
2025-03-12_unkK2-R5_LP-4nF-noR-config_9daydeg_500k-1Hz_400p-1s_2offset_0.8Vpk.txt,unkK2,R5,LP-4nF-noR,9,500k-1Hz,2.0,0.8,4.0,4.42865,2.15,2.6131,3.38624,-49.98,2.2535,1.60848,-45.57,1.9493,0.8208,-9.07,1.8522,0.67072,-9.79,1.8317,0.58512,-19.96,1.8353,0.52147,-9.55,1.8355,0.44473,-4.56,1.8163,0.41289,-3.79,1.683,0.37688,-8.63,1.677,0.33989,-27.19,0.8623,3.204
2025-03-12_unkK2-R5_LP-4nF-noR-config_9daydeg_500k-5kHz_100p-1s_-2.4offset_0.4Vpk.txt,unkK2,R5,LP-4nF-noR,9,500k-5kHz,-2.4,0.4,4.0,,,,,,,,,,,,,,,,,,,,,,,,,0.41428,-4.08,-1.4406,0.3763,-8.66,-1.4448,0.33878,-26.76,-1.8198,
2025-03-12_unkK2-R5_LP-4nF-noR-config_9daydeg_500k-5kHz_100p-1s_-2offset_0.8Vpk.txt,unkK2,R5,LP-4nF-noR,9,500k-5kHz,-2.0,0.8,4.0,,,,,,,,,,,,,,,,,,,,,,,,,0.41107,-4.2,-0.9712,0.37285,-8.51,-0.966,0.3378,-26.05,-1.0377,
2025-03-12_unkK2-R5_LP-4nF-noR-config_9daydeg_500k-5kHz_100p-1s_2.4offset_0.4Vpk.txt,unkK2,R5,LP-4nF-noR,9,500k-5kHz,2.4,0.4,4.0,,,,,,,,,,,,,,,,,,,,,,,,,0.41175,-3.91,2.27,0.37533,-8.6,2.2682,0.3387,-26.96,1.6453,
2025-03-12_unkK2-R5_LP-4nF-noR-config_9daydeg_500k-5kHz_100p-1s_2offset_0.8Vpk.txt,unkK2,R5,LP-4nF-noR,9,500k-5kHz,2.0,0.8,4.0,,,,,,,,,,,,,,,,,,,,,,,,,0.41289,-3.79,1.683,0.37688,-8.63,1.677,0.33989,-27.19,0.8623,
2025-03-12_unkK2-R5_LP-4nF-noR-config_9daydeg_5k-200Hz_97p-1s_-2.4offset_0.4Vpk.txt,unkK2,R5,LP-4nF-noR,9,5k-200Hz,-2.4,0.4,4.0,,,,,,,,,,,,,,,,,,,,,,0.45781,-5.64,-1.4683,,,,,,,,,,3.377
2025-03-12_unkK2-R5_LP-4nF-noR-config_9daydeg_5k-200Hz_97p-1s_-2offset_0.8Vpk.txt,unkK2,R5,LP-4nF-noR,9,5k-200Hz,-2.0,0.8,4.0,,,,,,,,,,,,,,,,,,,,,,0.45358,-5.53,-0.984,,,,,,,,,,3.32
2025-03-12_unkK2-R5_LP-4nF-noR-config_9daydeg_5k-200Hz_97p-1s_2.4offset_0.4Vpk.txt,unkK2,R5,LP-4nF-noR,9,5k-200Hz,2.4,0.4,4.0,,,,,,,,,,,,,,,,,,,,,,0.44731,-4.97,2.3153,,,,,,,,,,3.237
2025-03-12_unkK2-R5_LP-4nF-noR-config_9daydeg_5k-200Hz_97p-1s_2offset_0.8Vpk.txt,unkK2,R5,LP-4nF-noR,9,5k-200Hz,2.0,0.8,4.0,,,,,,,,,,,,,,,,,,,,,,0.44473,-4.56,1.8163,,,,,,,,,,3.204
2025-03-12_unkK2-R6_LP-4nF-noR-config_9daydeg_200-1Hz_200p-1s_-2.4offset_0.4Vpk.txt,unkK2,R6,LP-4nF-noR,9,200-1Hz,-2.4,0.4,4.0,5.38259,66.77,-1.5876,5.38317,-28.4,-1.7913,0.99229,149.68,-1.2615,0.66397,4.36,-1.4229,0.74041,-10.79,-1.4287,0.71989,0.35,-1.4171,0.55924,-10.96,-1.4245,,,,,,,,,,,,,
2025-03-12_unkK2-R6_LP-4nF-noR-config_9daydeg_200-1Hz_200p-1s_-2offset_0.8Vpk.txt,unkK2,R6,LP-4nF-noR,9,200-1Hz,-2.0,0.8,4.0,0.42054,139.61,-0.2464,2.72008,8.99,-1.7656,0.79486,-49.05,-0.8539,0.89102,-7.49,-1.0504,0.72474,-10.06,-0.9986,0.56774,-6.5,-0.9951,0.56281,-10.98,-0.9726,,,,,,,,,,,,,
2025-03-12_unkK2-R6_LP-4nF-noR-config_9daydeg_200-1Hz_200p-1s_2.4offset_0.4Vpk.txt,unkK2,R6,LP-4nF-noR,9,200-1Hz,2.4,0.4,4.0,6.58324,-153.08,1.945,7.33561,69.53,2.4402,3.49461,-50.65,2.4168,0.5143,18.09,2.3145,0.70566,-10.16,2.3315,0.64276,2.64,2.3325,0.5319,-10.67,2.3361,,,,,,,,,,,,,
2025-03-12_unkK2-R6_LP-4nF-noR-config_9daydeg_200-1Hz_200p-1s_2offset_0.8Vpk.txt,unkK2,R6,LP-4nF-noR,9,200-1Hz,2.0,0.8,4.0,3.97803,44.27,2.3463,3.24819,-52.23,2.1709,0.71357,-101.23,1.5391,0.8081,-8.7,1.8048,0.65859,-9.88,1.7891,0.49034,-5.96,1.7948,0.51595,-9.05,1.7937,,,,,,,,,,,,,
2025-03-12_unkK2-R6_LP-4nF-noR-config_9daydeg_500k-1Hz_400p-1s_-2.4offset_0.4Vpk.txt,unkK2,R6,LP-4nF-noR,9,500k-1Hz,-2.4,0.4,4.0,5.38259,66.77,-1.5876,5.38317,-28.4,-1.7913,0.99229,149.68,-1.2615,0.66397,4.36,-1.4229,0.74041,-10.79,-1.4287,0.71989,0.35,-1.4171,0.55924,-10.96,-1.4245,0.45911,-5.86,-1.424,0.41465,-4.07,-1.4066,0.37711,-8.54,-1.4155,0.34087,-26.43,-1.8702,3.395
2025-03-12_unkK2-R6_LP-4nF-noR-config_9daydeg_500k-1Hz_400p-1s_-2offset_0.8Vpk.txt,unkK2,R6,LP-4nF-noR,9,500k-1Hz,-2.0,0.8,4.0,0.42054,139.61,-0.2464,2.72008,8.99,-1.7656,0.79486,-49.05,-0.8539,0.89102,-7.49,-1.0504,0.72474,-10.06,-0.9986,0.56774,-6.5,-0.9951,0.56281,-10.98,-0.9726,0.45556,-5.78,-0.9363,0.41216,-4.22,-0.9401,0.37412,-8.41,-0.9337,0.34011,-25.75,-1.0609,3.347
2025-03-12_unkK2-R6_LP-4nF-noR-config_9daydeg_500k-1Hz_400p-1s_2.4offset_0.4Vpk.txt,unkK2,R6,LP-4nF-noR,9,500k-1Hz,2.4,0.4,4.0,6.58324,-153.08,1.945,7.33561,69.53,2.4402,3.49461,-50.65,2.4168,0.5143,18.09,2.3145,0.70566,-10.16,2.3315,0.64276,2.64,2.3325,0.5319,-10.67,2.3361,0.44698,-4.76,2.2722,0.41199,-3.83,2.2331,0.37609,-8.49,2.2297,0.34075,-26.51,1.5406,3.233
2025-03-12_unkK2-R6_LP-4nF-noR-config_9daydeg_500k-1Hz_400p-1s_2offset_0.8Vpk.txt,unkK2,R6,LP-4nF-noR,9,500k-1Hz,2.0,0.8,4.0,3.97803,44.27,2.3463,3.24819,-52.23,2.1709,0.71357,-101.23,1.5391,0.8081,-8.7,1.8048,0.65859,-9.88,1.7891,0.49034,-5.96,1.7948,0.51595,-9.05,1.7937,0.4446,-4.43,1.7698,0.41317,-3.72,1.6507,0.37756,-8.52,1.6455,0.3415,-26.9,1.0005,3.202
2025-03-12_unkK2-R6_LP-4nF-noR-config_9daydeg_500k-5kHz_100p-1s_-2.4offset_0.4Vpk.txt,unkK2,R6,LP-4nF-noR,9,500k-5kHz,-2.4,0.4,4.0,,,,,,,,,,,,,,,,,,,,,,,,,0.41465,-4.07,-1.4066,0.37711,-8.54,-1.4155,0.34087,-26.43,-1.8702,
2025-03-12_unkK2-R6_LP-4nF-noR-config_9daydeg_500k-5kHz_100p-1s_-2offset_0.8Vpk.txt,unkK2,R6,LP-4nF-noR,9,500k-5kHz,-2.0,0.8,4.0,,,,,,,,,,,,,,,,,,,,,,,,,0.41216,-4.22,-0.9401,0.37412,-8.41,-0.9337,0.34011,-25.75,-1.0609,
2025-03-12_unkK2-R6_LP-4nF-noR-config_9daydeg_500k-5kHz_100p-1s_2.4offset_0.4Vpk.txt,unkK2,R6,LP-4nF-noR,9,500k-5kHz,2.4,0.4,4.0,,,,,,,,,,,,,,,,,,,,,,,,,0.41199,-3.83,2.2331,0.37609,-8.49,2.2297,0.34075,-26.51,1.5406,
2025-03-12_unkK2-R6_LP-4nF-noR-config_9daydeg_500k-5kHz_100p-1s_2offset_0.8Vpk.txt,unkK2,R6,LP-4nF-noR,9,500k-5kHz,2.0,0.8,4.0,,,,,,,,,,,,,,,,,,,,,,,,,0.41317,-3.72,1.6507,0.37756,-8.52,1.6455,0.3415,-26.9,1.0005,
2025-03-12_unkK2-R6_LP-4nF-noR-config_9daydeg_5k-200Hz_97p-1s_-2.4offset_0.4Vpk.txt,unkK2,R6,LP-4nF-noR,9,5k-200Hz,-2.4,0.4,4.0,,,,,,,,,,,,,,,,,,,,,,0.45911,-5.86,-1.424,,,,,,,,,,3.395
2025-03-12_unkK2-R6_LP-4nF-noR-config_9daydeg_5k-200Hz_97p-1s_-2offset_0.8Vpk.txt,unkK2,R6,LP-4nF-noR,9,5k-200Hz,-2.0,0.8,4.0,,,,,,,,,,,,,,,,,,,,,,0.45556,-5.78,-0.9363,,,,,,,,,,3.347
2025-03-12_unkK2-R6_LP-4nF-noR-config_9daydeg_5k-200Hz_97p-1s_2.4offset_0.4Vpk.txt,unkK2,R6,LP-4nF-noR,9,5k-200Hz,2.4,0.4,4.0,,,,,,,,,,,,,,,,,,,,,,0.44698,-4.76,2.2722,,,,,,,,,,3.233
2025-03-12_unkK2-R6_LP-4nF-noR-config_9daydeg_5k-200Hz_97p-1s_2offset_0.8Vpk.txt,unkK2,R6,LP-4nF-noR,9,5k-200Hz,2.0,0.8,4.0,,,,,,,,,,,,,,,,,,,,,,0.4446,-4.43,1.7698,,,,,,,,,,3.202
2025-03-12_unkNa2-L6_LP-4nF-noR-config_9daydeg_200-1Hz_200p-1s_-2.4offset_0.4Vpk.txt,unkNa2,L6,LP-4nF-noR,9,200-1Hz,-2.4,0.4,4.0,11.75959,-35.0,-3.4971,8.31168,-129.2,-2.7897,3.42808,146.92,-2.8301,0.97573,8.98,-3.0359,0.72346,-17.79,-3.0042,0.6568,-1.5,-3.0151,0.48864,-14.76,-3.067,,,,,,,,,,,,,
2025-03-12_unkNa2-L6_LP-4nF-noR-config_9daydeg_200-1Hz_200p-1s_-2offset_0.8Vpk.txt,unkNa2,L6,LP-4nF-noR,9,200-1Hz,-2.0,0.8,4.0,5.28647,-52.91,-3.1251,2.64728,-145.71,-1.8081,2.38597,17.66,-2.8145,0.96009,-11.26,-2.5302,0.71463,-17.05,-2.5148,0.65441,-19.25,-2.5336,0.48594,-14.21,-2.5592,,,,,,,,,,,,,
2025-03-12_unkNa2-L6_LP-4nF-noR-config_9daydeg_200-1Hz_200p-1s_2.4offset_0.4Vpk.txt,unkNa2,L6,LP-4nF-noR,9,200-1Hz,2.4,0.4,4.0,11.64655,42.9,3.4399,9.4885,-76.12,3.1914,3.29031,120.92,2.9367,0.7925,14.28,3.0675,0.76926,-16.65,3.0767,0.51837,-38.3,3.0898,0.5006,-15.74,3.1108,,,,,,,,,,,,,
2025-03-12_unkNa2-L6_LP-4nF-noR-config_9daydeg_200-1Hz_200p-1s_2offset_0.8Vpk.txt,unkNa2,L6,LP-4nF-noR,9,200-1Hz,2.0,0.8,4.0,4.954,65.34,2.919,4.82544,-41.84,3.1958,0.74825,166.83,2.191,0.86937,-23.56,2.5547,0.77415,-16.36,2.5917,0.67381,-23.9,2.5976,0.50744,-16.48,2.6363,,,,,,,,,,,,,
2025-03-12_unkNa2-L6_LP-4nF-noR-config_9daydeg_500k-1Hz_400p-1s_-2.4offset_0.4Vpk.txt,unkNa2,L6,LP-4nF-noR,9,500k-1Hz,-2.4,0.4,4.0,11.75959,-35.0,-3.4971,8.31168,-129.2,-2.7897,3.42808,146.92,-2.8301,0.97573,8.98,-3.0359,0.72346,-17.79,-3.0042,0.6568,-1.5,-3.0151,0.48864,-14.76,-3.067,0.41584,-4.06,-3.0932,0.39453,-2.77,-3.0894,0.37023,-7.58,-3.0799,0.34041,-26.37,-3.0401,2.847
2025-03-12_unkNa2-L6_LP-4nF-noR-config_9daydeg_500k-1Hz_400p-1s_-2offset_0.8Vpk.txt,unkNa2,L6,LP-4nF-noR,9,500k-1Hz,-2.0,0.8,4.0,5.28647,-52.91,-3.1251,2.64728,-145.71,-1.8081,2.38597,17.66,-2.8145,0.96009,-11.26,-2.5302,0.71463,-17.05,-2.5148,0.65441,-19.25,-2.5336,0.48594,-14.21,-2.5592,0.41609,-3.67,-2.5338,0.39519,-2.77,-2.5819,0.37089,-7.64,-2.5173,0.34014,-26.63,-2.5553,2.85
2025-03-12_unkNa2-L6_LP-4nF-noR-config_9daydeg_500k-1Hz_400p-1s_2.4offset_0.4Vpk.txt,unkNa2,L6,LP-4nF-noR,9,500k-1Hz,2.4,0.4,4.0,11.64655,42.9,3.4399,9.4885,-76.12,3.1914,3.29031,120.92,2.9367,0.7925,14.28,3.0675,0.76926,-16.65,3.0767,0.51837,-38.3,3.0898,0.5006,-15.74,3.1108,0.41677,-3.93,3.0864,0.39552,-2.78,3.1009,0.37113,-7.68,3.0932,0.34022,-26.79,3.1571,2.858
2025-03-12_unkNa2-L6_LP-4nF-noR-config_9daydeg_500k-1Hz_400p-1s_2offset_0.8Vpk.txt,unkNa2,L6,LP-4nF-noR,9,500k-1Hz,2.0,0.8,4.0,4.954,65.34,2.919,4.82544,-41.84,3.1958,0.74825,166.83,2.191,0.86937,-23.56,2.5547,0.77415,-16.36,2.5917,0.67381,-23.9,2.5976,0.50744,-16.48,2.6363,0.41784,-4.09,2.6233,0.39713,-2.74,2.5882,0.37298,-7.69,2.6006,0.34215,-26.91,2.5602,2.871
2025-03-12_unkNa2-L6_LP-4nF-noR-config_9daydeg_500k-5kHz_100p-1s_-2.4offset_0.4Vpk.txt,unkNa2,L6,LP-4nF-noR,9,500k-5kHz,-2.4,0.4,4.0,,,,,,,,,,,,,,,,,,,,,,,,,0.39453,-2.77,-3.0894,0.37023,-7.58,-3.0799,0.34041,-26.37,-3.0401,
2025-03-12_unkNa2-L6_LP-4nF-noR-config_9daydeg_500k-5kHz_100p-1s_-2offset_0.8Vpk.txt,unkNa2,L6,LP-4nF-noR,9,500k-5kHz,-2.0,0.8,4.0,,,,,,,,,,,,,,,,,,,,,,,,,0.39519,-2.77,-2.5819,0.37089,-7.64,-2.5173,0.34014,-26.63,-2.5553,
2025-03-12_unkNa2-L6_LP-4nF-noR-config_9daydeg_500k-5kHz_100p-1s_2.4offset_0.4Vpk.txt,unkNa2,L6,LP-4nF-noR,9,500k-5kHz,2.4,0.4,4.0,,,,,,,,,,,,,,,,,,,,,,,,,0.39552,-2.78,3.1009,0.37113,-7.68,3.0932,0.34022,-26.79,3.1571,
2025-03-12_unkNa2-L6_LP-4nF-noR-config_9daydeg_500k-5kHz_100p-1s_2offset_0.8Vpk.txt,unkNa2,L6,LP-4nF-noR,9,500k-5kHz,2.0,0.8,4.0,,,,,,,,,,,,,,,,,,,,,,,,,0.39713,-2.74,2.5882,0.37298,-7.69,2.6006,0.34215,-26.91,2.5602,
2025-03-12_unkNa2-L6_LP-4nF-noR-config_9daydeg_5k-200Hz_97p-1s_-2.4offset_0.4Vpk.txt,unkNa2,L6,LP-4nF-noR,9,5k-200Hz,-2.4,0.4,4.0,,,,,,,,,,,,,,,,,,,,,,0.41584,-4.06,-3.0932,,,,,,,,,,2.847
2025-03-12_unkNa2-L6_LP-4nF-noR-config_9daydeg_5k-200Hz_97p-1s_-2offset_0.8Vpk.txt,unkNa2,L6,LP-4nF-noR,9,5k-200Hz,-2.0,0.8,4.0,,,,,,,,,,,,,,,,,,,,,,0.41609,-3.67,-2.5338,,,,,,,,,,2.85
2025-03-12_unkNa2-L6_LP-4nF-noR-config_9daydeg_5k-200Hz_97p-1s_2.4offset_0.4Vpk.txt,unkNa2,L6,LP-4nF-noR,9,5k-200Hz,2.4,0.4,4.0,,,,,,,,,,,,,,,,,,,,,,0.41677,-3.93,3.0864,,,,,,,,,,2.858
2025-03-12_unkNa2-L6_LP-4nF-noR-config_9daydeg_5k-200Hz_97p-1s_2offset_0.8Vpk.txt,unkNa2,L6,LP-4nF-noR,9,5k-200Hz,2.0,0.8,4.0,,,,,,,,,,,,,,,,,,,,,,0.41784,-4.09,2.6233,,,,,,,,,,2.871
2025-03-12_unkNa2-R5_LP-4nF-noR-config_9daydeg_200-1Hz_200p-1s_-2.4offset_0.4Vpk.txt,unkNa2,R5,LP-4nF-noR,9,200-1Hz,-2.4,0.4,4.0,3.41566,113.15,-1.0064,4.70098,-8.42,-1.5606,0.93141,-146.09,-1.0539,0.6989,-20.66,-1.2054,0.62625,-9.97,-1.2064,0.49269,-28.47,-1.2259,0.52085,-8.21,-1.2333,,,,,,,,,,,,,
2025-03-12_unkNa2-R5_LP-4nF-noR-config_9daydeg_200-1Hz_200p-1s_-2offset_0.8Vpk.txt,unkNa2,R5,LP-4nF-noR,9,200-1Hz,-2.0,0.8,4.0,0.19677,-135.86,-0.1174,1.0609,78.16,-0.6656,0.78943,-40.21,-0.7516,0.67845,-4.5,-0.7982,0.58663,-7.87,-0.7807,0.61288,-1.8,-0.7663,0.50681,-6.9,-0.7943,,,,,,,,,,,,,
2025-03-12_unkNa2-R5_LP-4nF-noR-config_9daydeg_200-1Hz_200p-1s_2.4offset_0.4Vpk.txt,unkNa2,R5,LP-4nF-noR,9,200-1Hz,2.4,0.4,4.0,6.34798,-51.99,1.8817,4.32959,-164.81,1.4747,2.65143,34.52,1.8114,0.59677,-21.93,1.7228,0.53351,-4.95,1.716,0.59158,12.31,1.6878,0.46299,-4.68,1.6096,,,,,,,,,,,,,
2025-03-12_unkNa2-R5_LP-4nF-noR-config_9daydeg_200-1Hz_200p-1s_2offset_0.8Vpk.txt,unkNa2,R5,LP-4nF-noR,9,200-1Hz,2.0,0.8,4.0,2.76564,-34.19,1.6351,1.09679,-148.85,0.7604,0.75328,77.87,1.1401,0.5688,4.87,1.2401,0.52013,-3.8,1.2288,0.37598,-4.08,1.2061,0.45853,-3.97,1.1299,,,,,,,,,,,,,
2025-03-12_unkNa2-R5_LP-4nF-noR-config_9daydeg_500k-1Hz_400p-1s_-2.4offset_0.4Vpk.txt,unkNa2,R5,LP-4nF-noR,9,500k-1Hz,-2.4,0.4,4.0,3.41566,113.15,-1.0064,4.70098,-8.42,-1.5606,0.93141,-146.09,-1.0539,0.6989,-20.66,-1.2054,0.62625,-9.97,-1.2064,0.49269,-28.47,-1.2259,0.52085,-8.21,-1.2333,0.44284,-5.16,-1.2073,0.40391,-3.69,-1.1886,0.37283,-7.93,-1.1931,0.34063,-25.96,-0.9879,3.179
2025-03-12_unkNa2-R5_LP-4nF-noR-config_9daydeg_500k-1Hz_400p-1s_-2offset_0.8Vpk.txt,unkNa2,R5,LP-4nF-noR,9,500k-1Hz,-2.0,0.8,4.0,0.19677,-135.86,-0.1174,1.0609,78.16,-0.6656,0.78943,-40.21,-0.7516,0.67845,-4.5,-0.7982,0.58663,-7.87,-0.7807,0.61288,-1.8,-0.7663,0.50681,-6.9,-0.7943,0.4392,-4.46,-0.8526,0.40341,-3.45,-1.0666,0.3733,-7.84,-1.0994,0.34147,-25.82,-1.136,3.133
2025-03-12_unkNa2-R5_LP-4nF-noR-config_9daydeg_500k-1Hz_400p-1s_2.4offset_0.4Vpk.txt,unkNa2,R5,LP-4nF-noR,9,500k-1Hz,2.4,0.4,4.0,6.34798,-51.99,1.8817,4.32959,-164.81,1.4747,2.65143,34.52,1.8114,0.59677,-21.93,1.7228,0.53351,-4.95,1.716,0.59158,12.31,1.6878,0.46299,-4.68,1.6096,0.4198,-2.93,1.5544,0.39622,-2.83,1.61,0.37034,-7.67,1.5517,0.34011,-26.26,0.9132,2.894
2025-03-12_unkNa2-R5_LP-4nF-noR-config_9daydeg_500k-1Hz_400p-1s_2offset_0.8Vpk.txt,unkNa2,R5,LP-4nF-noR,9,500k-1Hz,2.0,0.8,4.0,2.76564,-34.19,1.6351,1.09679,-148.85,0.7604,0.75328,77.87,1.1401,0.5688,4.87,1.2401,0.52013,-3.8,1.2288,0.37598,-4.08,1.2061,0.45853,-3.97,1.1299,0.42049,-2.76,1.0519,0.39778,-2.78,0.9024,0.37205,-7.67,0.8647,0.34207,-26.34,0.6596,2.902
2025-03-12_unkNa2-R5_LP-4nF-noR-config_9daydeg_500k-5kHz_100p-1s_-2.4offset_0.4Vpk.txt,unkNa2,R5,LP-4nF-noR,9,500k-5kHz,-2.4,0.4,4.0,,,,,,,,,,,,,,,,,,,,,,,,,0.40391,-3.69,-1.1886,0.37283,-7.93,-1.1931,0.34063,-25.96,-0.9879,
2025-03-12_unkNa2-R5_LP-4nF-noR-config_9daydeg_500k-5kHz_100p-1s_-2offset_0.8Vpk.txt,unkNa2,R5,LP-4nF-noR,9,500k-5kHz,-2.0,0.8,4.0,,,,,,,,,,,,,,,,,,,,,,,,,0.40341,-3.45,-1.0666,0.3733,-7.84,-1.0994,0.34147,-25.82,-1.136,
2025-03-12_unkNa2-R5_LP-4nF-noR-config_9daydeg_500k-5kHz_100p-1s_2.4offset_0.4Vpk.txt,unkNa2,R5,LP-4nF-noR,9,500k-5kHz,2.4,0.4,4.0,,,,,,,,,,,,,,,,,,,,,,,,,0.39622,-2.83,1.61,0.37034,-7.67,1.5517,0.34011,-26.26,0.9132,
2025-03-12_unkNa2-R5_LP-4nF-noR-config_9daydeg_500k-5kHz_100p-1s_2offset_0.8Vpk.txt,unkNa2,R5,LP-4nF-noR,9,500k-5kHz,2.0,0.8,4.0,,,,,,,,,,,,,,,,,,,,,,,,,0.39778,-2.78,0.9024,0.37205,-7.67,0.8647,0.34207,-26.34,0.6596,
2025-03-12_unkNa2-R5_LP-4nF-noR-config_9daydeg_5k-200Hz_97p-1s_-2.4offset_0.4Vpk.txt,unkNa2,R5,LP-4nF-noR,9,5k-200Hz,-2.4,0.4,4.0,,,,,,,,,,,,,,,,,,,,,,0.44284,-5.16,-1.2073,,,,,,,,,,3.179
2025-03-12_unkNa2-R5_LP-4nF-noR-config_9daydeg_5k-200Hz_97p-1s_-2offset_0.8Vpk.txt,unkNa2,R5,LP-4nF-noR,9,5k-200Hz,-2.0,0.8,4.0,,,,,,,,,,,,,,,,,,,,,,0.4392,-4.46,-0.8526,,,,,,,,,,3.133
2025-03-12_unkNa2-R5_LP-4nF-noR-config_9daydeg_5k-200Hz_97p-1s_2.4offset_0.4Vpk.txt,unkNa2,R5,LP-4nF-noR,9,5k-200Hz,2.4,0.4,4.0,,,,,,,,,,,,,,,,,,,,,,0.4198,-2.93,1.5544,,,,,,,,,,2.894
2025-03-12_unkNa2-R5_LP-4nF-noR-config_9daydeg_5k-200Hz_97p-1s_2offset_0.8Vpk.txt,unkNa2,R5,LP-4nF-noR,9,5k-200Hz,2.0,0.8,4.0,,,,,,,,,,,,,,,,,,,,,,0.42049,-2.76,1.0519,,,,,,,,,,2.902
2025-03-12_unkNa2-R6_LP-4nF-noR-config_9daydeg_200-1Hz_200p-1s_-2.4offset_0.4Vpk.txt,unkNa2,R6,LP-4nF-noR,9,200-1Hz,-2.4,0.4,4.0,3.25287,123.47,-0.9618,4.80268,0.53,-1.592,1.12479,-134.17,-1.0778,0.59453,-2.88,-1.2176,0.62288,-10.93,-1.2324,0.54376,11.53,-1.2402,0.51527,-7.88,-1.2557,,,,,,,,,,,,,
2025-03-12_unkNa2-R6_LP-4nF-noR-config_9daydeg_200-1Hz_200p-1s_-2offset_0.8Vpk.txt,unkNa2,R6,LP-4nF-noR,9,200-1Hz,-2.0,0.8,4.0,2.64647,-17.38,-1.5585,0.66025,-95.55,-0.443,0.39083,49.98,-0.5774,0.71895,-8.24,-0.8614,0.58199,-8.04,-0.829,0.4974,3.25,-0.8444,0.50376,-6.52,-0.8573,,,,,,,,,,,,,
2025-03-12_unkNa2-R6_LP-4nF-noR-config_9daydeg_200-1Hz_200p-1s_2.4offset_0.4Vpk.txt,unkNa2,R6,LP-4nF-noR,9,200-1Hz,2.4,0.4,4.0,6.7204,72.29,1.981,6.33676,-21.74,2.1168,2.06623,-158.02,1.7591,0.51626,-5.1,1.8746,0.5564,-6.33,1.8737,0.48712,15.54,1.8518,0.46644,-5.19,1.7829,,,,,,,,,,,,,
2025-03-12_unkNa2-R6_LP-4nF-noR-config_9daydeg_200-1Hz_200p-1s_2offset_0.8Vpk.txt,unkNa2,R6,LP-4nF-noR,9,200-1Hz,2.0,0.8,4.0,2.90054,63.39,1.7045,2.44058,-48.56,1.6355,0.47328,-126.35,1.1302,0.50075,-2.31,1.3607,0.53823,-5.21,1.3789,0.41517,3.44,1.3615,0.46092,-4.42,1.297,,,,,,,,,,,,,
2025-03-12_unkNa2-R6_LP-4nF-noR-config_9daydeg_500k-1Hz_400p-1s_-2.4offset_0.4Vpk.txt,unkNa2,R6,LP-4nF-noR,9,500k-1Hz,-2.4,0.4,4.0,3.25287,123.47,-0.9618,4.80268,0.53,-1.592,1.12479,-134.17,-1.0778,0.59453,-2.88,-1.2176,0.62288,-10.93,-1.2324,0.54376,11.53,-1.2402,0.51527,-7.88,-1.2557,0.44427,-4.83,-1.2178,0.40729,-3.62,-1.2065,0.37665,-8.0,-1.2054,0.34354,-26.59,-0.9593,3.198
2025-03-12_unkNa2-R6_LP-4nF-noR-config_9daydeg_500k-1Hz_400p-1s_-2offset_0.8Vpk.txt,unkNa2,R6,LP-4nF-noR,9,500k-1Hz,-2.0,0.8,4.0,2.64647,-17.38,-1.5585,0.66025,-95.55,-0.443,0.39083,49.98,-0.5774,0.71895,-8.24,-0.8614,0.58199,-8.04,-0.829,0.4974,3.25,-0.8444,0.50376,-6.52,-0.8573,0.44043,-4.28,-0.8931,0.40599,-3.34,-1.0329,0.3768,-7.88,-1.0618,0.34401,-26.47,-1.1005,3.148
2025-03-12_unkNa2-R6_LP-4nF-noR-config_9daydeg_500k-1Hz_400p-1s_2.4offset_0.4Vpk.txt,unkNa2,R6,LP-4nF-noR,9,500k-1Hz,2.4,0.4,4.0,6.7204,72.29,1.981,6.33676,-21.74,2.1168,2.06623,-158.02,1.7591,0.51626,-5.1,1.8746,0.5564,-6.33,1.8737,0.48712,15.54,1.8518,0.46644,-5.19,1.7829,0.42185,-2.87,1.7053,0.39936,-2.75,1.7757,0.37425,-7.65,1.7251,0.34369,-26.51,0.2921,2.919
2025-03-12_unkNa2-R6_LP-4nF-noR-config_9daydeg_500k-1Hz_400p-1s_2offset_0.8Vpk.txt,unkNa2,R6,LP-4nF-noR,9,500k-1Hz,2.0,0.8,4.0,2.90054,63.39,1.7045,2.44058,-48.56,1.6355,0.47328,-126.35,1.1302,0.50075,-2.31,1.3607,0.53823,-5.21,1.3789,0.41517,3.44,1.3615,0.46092,-4.42,1.297,0.42252,-2.72,1.2686,0.40064,-2.69,1.1177,0.37559,-7.79,1.058,0.34364,-27.24,0.2213,2.927
2025-03-12_unkNa2-R6_LP-4nF-noR-config_9daydeg_500k-5kHz_100p-1s_-2.4offset_0.4Vpk.txt,unkNa2,R6,LP-4nF-noR,9,500k-5kHz,-2.4,0.4,4.0,,,,,,,,,,,,,,,,,,,,,,,,,0.40729,-3.62,-1.2065,0.37665,-8.0,-1.2054,0.34354,-26.59,-0.9593,
2025-03-12_unkNa2-R6_LP-4nF-noR-config_9daydeg_500k-5kHz_100p-1s_-2offset_0.8Vpk.txt,unkNa2,R6,LP-4nF-noR,9,500k-5kHz,-2.0,0.8,4.0,,,,,,,,,,,,,,,,,,,,,,,,,0.40599,-3.34,-1.0329,0.3768,-7.88,-1.0618,0.34401,-26.47,-1.1005,
2025-03-12_unkNa2-R6_LP-4nF-noR-config_9daydeg_500k-5kHz_100p-1s_2.4offset_0.4Vpk.txt,unkNa2,R6,LP-4nF-noR,9,500k-5kHz,2.4,0.4,4.0,,,,,,,,,,,,,,,,,,,,,,,,,0.39936,-2.75,1.7757,0.37425,-7.65,1.7251,0.34369,-26.51,0.2921,
2025-03-12_unkNa2-R6_LP-4nF-noR-config_9daydeg_500k-5kHz_100p-1s_2offset_0.8Vpk.txt,unkNa2,R6,LP-4nF-noR,9,500k-5kHz,2.0,0.8,4.0,,,,,,,,,,,,,,,,,,,,,,,,,0.40064,-2.69,1.1177,0.37559,-7.79,1.058,0.34364,-27.24,0.2213,
2025-03-12_unkNa2-R6_LP-4nF-noR-config_9daydeg_5k-200Hz_97p-1s_-2.4offset_0.4Vpk.txt,unkNa2,R6,LP-4nF-noR,9,5k-200Hz,-2.4,0.4,4.0,,,,,,,,,,,,,,,,,,,,,,0.44427,-4.83,-1.2178,,,,,,,,,,3.198
2025-03-12_unkNa2-R6_LP-4nF-noR-config_9daydeg_5k-200Hz_97p-1s_-2offset_0.8Vpk.txt,unkNa2,R6,LP-4nF-noR,9,5k-200Hz,-2.0,0.8,4.0,,,,,,,,,,,,,,,,,,,,,,0.44043,-4.28,-0.8931,,,,,,,,,,3.148
2025-03-12_unkNa2-R6_LP-4nF-noR-config_9daydeg_5k-200Hz_97p-1s_2.4offset_0.4Vpk.txt,unkNa2,R6,LP-4nF-noR,9,5k-200Hz,2.4,0.4,4.0,,,,,,,,,,,,,,,,,,,,,,0.42185,-2.87,1.7053,,,,,,,,,,2.919
2025-03-12_unkNa2-R6_LP-4nF-noR-config_9daydeg_5k-200Hz_97p-1s_2offset_0.8Vpk.txt,unkNa2,R6,LP-4nF-noR,9,5k-200Hz,2.0,0.8,4.0,,,,,,,,,,,,,,,,,,,,,,0.42252,-2.72,1.2686,,,,,,,,,,2.927
2025-03-13_unkLi2-L3_LP-4nF-noR-config_10daydeg_200-1Hz_200p-1s_-2.4offset_0.4Vpk.txt,unkLi2,L3,LP-4nF-noR,10,200-1Hz,-2.4,0.4,4.0,10.27582,73.89,-3.0287,9.75839,-29.28,-3.2831,3.15212,-149.37,-2.7232,0.86856,-23.86,-2.8801,0.77848,-15.97,-2.926,0.63933,-38.71,-2.991,0.47619,-18.12,-2.9911,,,,,,,,,,,,,
2025-03-13_unkLi2-L3_LP-4nF-noR-config_10daydeg_200-1Hz_200p-1s_-2offset_0.8Vpk.txt,unkLi2,L3,LP-4nF-noR,10,200-1Hz,-2.0,0.8,4.0,2.42846,-179.37,-1.4393,4.25217,55.45,-2.7991,2.57201,-19.1,-2.8108,0.87597,-21.12,-2.4438,0.71232,-17.05,-2.46,0.50839,-14.8,-2.5608,0.48237,-18.64,-2.5791,,,,,,,,,,,,,
2025-03-13_unkLi2-L3_LP-4nF-noR-config_10daydeg_200-1Hz_200p-1s_2.4offset_0.4Vpk.txt,unkLi2,L3,LP-4nF-noR,10,200-1Hz,2.4,0.4,4.0,7.75511,-121.05,2.2817,6.71802,125.78,2.2618,4.38548,-8.53,2.7065,0.79899,-39.41,2.5379,0.61911,-18.06,2.5429,0.28042,-8.39,2.5899,0.43511,-12.75,2.6497,,,,,,,,,,,,,
2025-03-13_unkLi2-L3_LP-4nF-noR-config_10daydeg_200-1Hz_200p-1s_2offset_0.8Vpk.txt,unkLi2,L3,LP-4nF-noR,10,200-1Hz,2.0,0.8,4.0,3.92977,57.19,2.319,3.6525,-43.19,2.4385,0.51941,122.67,1.6402,0.5803,-11.51,1.9232,0.57267,-16.91,1.9735,0.4493,-1.43,2.0325,0.42229,-10.03,2.0325,,,,,,,,,,,,,
2025-03-13_unkLi2-L3_LP-4nF-noR-config_10daydeg_500k-1Hz_400p-1s_-2.4offset_0.4Vpk.txt,unkLi2,L3,LP-4nF-noR,10,500k-1Hz,-2.4,0.4,4.0,10.27582,73.89,-3.0287,9.75839,-29.28,-3.2831,3.15212,-149.37,-2.7232,0.86856,-23.86,-2.8801,0.77848,-15.97,-2.926,0.63933,-38.71,-2.991,0.47619,-18.12,-2.9911,0.37599,-4.56,-2.9255,0.35717,-2.5,-2.7797,0.33969,-6.38,-2.7728,0.3218,-23.22,-2.8243,2.41
2025-03-13_unkLi2-L3_LP-4nF-noR-config_10daydeg_500k-1Hz_400p-1s_-2offset_0.8Vpk.txt,unkLi2,L3,LP-4nF-noR,10,500k-1Hz,-2.0,0.8,4.0,2.42846,-179.37,-1.4393,4.25217,55.45,-2.7991,2.57201,-19.1,-2.8108,0.87597,-21.12,-2.4438,0.71232,-17.05,-2.46,0.50839,-14.8,-2.5608,0.48237,-18.64,-2.5791,0.37594,-4.15,-2.4489,0.35689,-2.44,-2.383,0.33943,-6.34,-2.4369,0.32157,-23.14,-2.5094,2.41
2025-03-13_unkLi2-L3_LP-4nF-noR-config_10daydeg_500k-1Hz_400p-1s_2.4offset_0.4Vpk.txt,unkLi2,L3,LP-4nF-noR,10,500k-1Hz,2.4,0.4,4.0,7.75511,-121.05,2.2817,6.71802,125.78,2.2618,4.38548,-8.53,2.7065,0.79899,-39.41,2.5379,0.61911,-18.06,2.5429,0.28042,-8.39,2.5899,0.43511,-12.75,2.6497,0.37522,-3.55,2.4392,0.35711,-2.44,2.4213,0.33957,-6.48,2.4038,0.32041,-23.77,2.4141,2.402
2025-03-13_unkLi2-L3_LP-4nF-noR-config_10daydeg_500k-1Hz_400p-1s_2offset_0.8Vpk.txt,unkLi2,L3,LP-4nF-noR,10,500k-1Hz,2.0,0.8,4.0,3.92977,57.19,2.319,3.6525,-43.19,2.4385,0.51941,122.67,1.6402,0.5803,-11.51,1.9232,0.57267,-16.91,1.9735,0.4493,-1.43,2.0325,0.42229,-10.03,2.0325,0.37576,-3.37,2.0594,0.35754,-2.38,2.0692,0.33999,-6.48,2.1506,0.32092,-23.79,2.3303,2.408
2025-03-13_unkLi2-L3_LP-4nF-noR-config_10daydeg_500k-5kHz_100p-1s_-2.4offset_0.4Vpk.txt,unkLi2,L3,LP-4nF-noR,10,500k-5kHz,-2.4,0.4,4.0,,,,,,,,,,,,,,,,,,,,,,,,,0.35717,-2.5,-2.7797,0.33969,-6.38,-2.7728,0.3218,-23.22,-2.8243,
2025-03-13_unkLi2-L3_LP-4nF-noR-config_10daydeg_500k-5kHz_100p-1s_-2offset_0.8Vpk.txt,unkLi2,L3,LP-4nF-noR,10,500k-5kHz,-2.0,0.8,4.0,,,,,,,,,,,,,,,,,,,,,,,,,0.35689,-2.44,-2.383,0.33943,-6.34,-2.4369,0.32157,-23.14,-2.5094,
2025-03-13_unkLi2-L3_LP-4nF-noR-config_10daydeg_500k-5kHz_100p-1s_2.4offset_0.4Vpk.txt,unkLi2,L3,LP-4nF-noR,10,500k-5kHz,2.4,0.4,4.0,,,,,,,,,,,,,,,,,,,,,,,,,0.35711,-2.44,2.4213,0.33957,-6.48,2.4038,0.32041,-23.77,2.4141,
2025-03-13_unkLi2-L3_LP-4nF-noR-config_10daydeg_500k-5kHz_100p-1s_2offset_0.8Vpk.txt,unkLi2,L3,LP-4nF-noR,10,500k-5kHz,2.0,0.8,4.0,,,,,,,,,,,,,,,,,,,,,,,,,0.35754,-2.38,2.0692,0.33999,-6.48,2.1506,0.32092,-23.79,2.3303,
2025-03-13_unkLi2-L3_LP-4nF-noR-config_10daydeg_5k-200Hz_97p-1s_-2.4offset_0.4Vpk.txt,unkLi2,L3,LP-4nF-noR,10,5k-200Hz,-2.4,0.4,4.0,,,,,,,,,,,,,,,,,,,,,,0.37599,-4.56,-2.9255,,,,,,,,,,2.41
2025-03-13_unkLi2-L3_LP-4nF-noR-config_10daydeg_5k-200Hz_97p-1s_-2offset_0.8Vpk.txt,unkLi2,L3,LP-4nF-noR,10,5k-200Hz,-2.0,0.8,4.0,,,,,,,,,,,,,,,,,,,,,,0.37594,-4.15,-2.4489,,,,,,,,,,2.41
2025-03-13_unkLi2-L3_LP-4nF-noR-config_10daydeg_5k-200Hz_97p-1s_2.4offset_0.4Vpk.txt,unkLi2,L3,LP-4nF-noR,10,5k-200Hz,2.4,0.4,4.0,,,,,,,,,,,,,,,,,,,,,,0.37522,-3.55,2.4392,,,,,,,,,,2.402
2025-03-13_unkLi2-L3_LP-4nF-noR-config_10daydeg_5k-200Hz_97p-1s_2offset_0.8Vpk.txt,unkLi2,L3,LP-4nF-noR,10,5k-200Hz,2.0,0.8,4.0,,,,,,,,,,,,,,,,,,,,,,0.37576,-3.37,2.0594,,,,,,,,,,2.408
2025-03-13_unkLi2-R4_LP-4nF-noR-config_10daydeg_200-1Hz_200p-1s_-2.4offset_0.4Vpk.txt,unkLi2,R4,LP-4nF-noR,10,200-1Hz,-2.4,0.4,4.0,9.62986,-153.15,-2.8408,10.14834,79.73,-3.3701,4.81077,-60.67,-3.3868,1.22173,9.01,-3.3235,0.95408,-6.29,-3.3127,0.8994,-7.28,-3.3144,0.79175,-20.94,-3.3118,,,,,,,,,,,,,
2025-03-13_unkLi2-R4_LP-4nF-noR-config_10daydeg_200-1Hz_200p-1s_-2offset_0.8Vpk.txt,unkLi2,R4,LP-4nF-noR,10,200-1Hz,-2.0,0.8,4.0,4.50825,-95.14,-2.6651,2.78973,156.32,-1.9124,2.44872,47.61,-2.9374,0.75237,-6.58,-2.7412,0.98378,-2.94,-2.7958,0.98457,-8.24,-2.7928,0.9229,-13.15,-2.7905,,,,,,,,,,,,,
2025-03-13_unkLi2-R4_LP-4nF-noR-config_10daydeg_200-1Hz_200p-1s_2.4offset_0.4Vpk.txt,unkLi2,R4,LP-4nF-noR,10,200-1Hz,2.4,0.4,4.0,12.42488,51.65,3.666,10.26234,-68.68,3.4932,3.54024,-170.54,3.1301,0.65726,4.03,3.3265,0.98033,-3.7,3.3415,0.91291,-6.02,3.3404,0.88238,-16.16,3.3433,,,,,,,,,,,,,
2025-03-13_unkLi2-R4_LP-4nF-noR-config_10daydeg_200-1Hz_200p-1s_2offset_0.8Vpk.txt,unkLi2,R4,LP-4nF-noR,10,200-1Hz,2.0,0.8,4.0,5.36827,-68.6,3.1632,2.66941,-178.76,1.8781,2.24956,35.26,2.9799,1.01724,4.82,2.7985,0.9834,-2.94,2.7937,0.98148,-8.45,2.7951,0.92641,-12.83,2.7999,,,,,,,,,,,,,
2025-03-13_unkLi2-R4_LP-4nF-noR-config_10daydeg_500k-1Hz_400p-1s_-2.4offset_0.4Vpk.txt,unkLi2,R4,LP-4nF-noR,10,500k-1Hz,-2.4,0.4,4.0,9.62986,-153.15,-2.8408,10.14834,79.73,-3.3701,4.81077,-60.67,-3.3868,1.22173,9.01,-3.3235,0.95408,-6.29,-3.3127,0.8994,-7.28,-3.3144,0.79175,-20.94,-3.3118,0.38035,-15.44,-3.3137,0.33852,-3.06,-3.3009,0.32721,-6.22,-3.3019,0.30984,-24.52,-3.3049,
2025-03-13_unkLi2-R4_LP-4nF-noR-config_10daydeg_500k-1Hz_400p-1s_-2offset_0.8Vpk.txt,unkLi2,R4,LP-4nF-noR,10,500k-1Hz,-2.0,0.8,4.0,4.50825,-95.14,-2.6651,2.78973,156.32,-1.9124,2.44872,47.61,-2.9374,0.75237,-6.58,-2.7412,0.98378,-2.94,-2.7958,0.98457,-8.24,-2.7928,0.9229,-13.15,-2.7905,0.44946,-24.11,-2.784,0.34192,-4.59,-2.7753,0.32963,-6.67,-2.7777,0.30988,-25.73,-2.7761,
2025-03-13_unkLi2-R4_LP-4nF-noR-config_10daydeg_500k-1Hz_400p-1s_2.4offset_0.4Vpk.txt,unkLi2,R4,LP-4nF-noR,10,500k-1Hz,2.4,0.4,4.0,12.42488,51.65,3.666,10.26234,-68.68,3.4932,3.54024,-170.54,3.1301,0.65726,4.03,3.3265,0.98033,-3.7,3.3415,0.91291,-6.02,3.3404,0.88238,-16.16,3.3433,0.40753,-20.12,3.3554,0.33934,-4.08,3.3554,0.32715,-6.46,3.3567,0.30852,-25.01,3.356,
2025-03-13_unkLi2-R4_LP-4nF-noR-config_10daydeg_500k-1Hz_400p-1s_2offset_0.8Vpk.txt,unkLi2,R4,LP-4nF-noR,10,500k-1Hz,2.0,0.8,4.0,5.36827,-68.6,3.1632,2.66941,-178.76,1.8781,2.24956,35.26,2.9799,1.01724,4.82,2.7985,0.9834,-2.94,2.7937,0.98148,-8.45,2.7951,0.92641,-12.83,2.7999,0.42209,-21.8,2.8209,0.34027,-4.69,2.8281,0.3276,-6.59,2.8344,0.30833,-25.44,2.8271,
2025-03-13_unkLi2-R4_LP-4nF-noR-config_10daydeg_500k-5kHz_100p-1s_-2.4offset_0.4Vpk.txt,unkLi2,R4,LP-4nF-noR,10,500k-5kHz,-2.4,0.4,4.0,,,,,,,,,,,,,,,,,,,,,,,,,0.33852,-3.06,-3.3009,0.32721,-6.22,-3.3019,0.30984,-24.52,-3.3049,
2025-03-13_unkLi2-R4_LP-4nF-noR-config_10daydeg_500k-5kHz_100p-1s_-2offset_0.8Vpk.txt,unkLi2,R4,LP-4nF-noR,10,500k-5kHz,-2.0,0.8,4.0,,,,,,,,,,,,,,,,,,,,,,,,,0.34192,-4.59,-2.7753,0.32963,-6.67,-2.7777,0.30988,-25.73,-2.7761,
2025-03-13_unkLi2-R4_LP-4nF-noR-config_10daydeg_500k-5kHz_100p-1s_2.4offset_0.4Vpk.txt,unkLi2,R4,LP-4nF-noR,10,500k-5kHz,2.4,0.4,4.0,,,,,,,,,,,,,,,,,,,,,,,,,0.33934,-4.08,3.3554,0.32715,-6.46,3.3567,0.30852,-25.01,3.356,
2025-03-13_unkLi2-R4_LP-4nF-noR-config_10daydeg_500k-5kHz_100p-1s_2offset_0.8Vpk.txt,unkLi2,R4,LP-4nF-noR,10,500k-5kHz,2.0,0.8,4.0,,,,,,,,,,,,,,,,,,,,,,,,,0.34027,-4.69,2.8281,0.3276,-6.59,2.8344,0.30833,-25.44,2.8271,
2025-03-13_unkLi2-R4_LP-4nF-noR-config_10daydeg_5k-200Hz_97p-1s_-2.4offset_0.4Vpk.txt,unkLi2,R4,LP-4nF-noR,10,5k-200Hz,-2.4,0.4,4.0,,,,,,,,,,,,,,,,,,,,,,0.38035,-15.44,-3.3137,,,,,,,,,,
2025-03-13_unkLi2-R4_LP-4nF-noR-config_10daydeg_5k-200Hz_97p-1s_-2offset_0.8Vpk.txt,unkLi2,R4,LP-4nF-noR,10,5k-200Hz,-2.0,0.8,4.0,,,,,,,,,,,,,,,,,,,,,,0.44946,-24.11,-2.784,,,,,,,,,,
2025-03-13_unkLi2-R4_LP-4nF-noR-config_10daydeg_5k-200Hz_97p-1s_2.4offset_0.4Vpk.txt,unkLi2,R4,LP-4nF-noR,10,5k-200Hz,2.4,0.4,4.0,,,,,,,,,,,,,,,,,,,,,,0.40753,-20.12,3.3554,,,,,,,,,,
2025-03-13_unkLi2-R4_LP-4nF-noR-config_10daydeg_5k-200Hz_97p-1s_2offset_0.8Vpk.txt,unkLi2,R4,LP-4nF-noR,10,5k-200Hz,2.0,0.8,4.0,,,,,,,,,,,,,,,,,,,,,,0.42209,-21.8,2.8209,,,,,,,,,,
2025-03-13_unkLi2-R6_LP-4nF-noR-config_10daydeg_200-1Hz_200p-1s_-2.4offset_0.4Vpk.txt,unkLi2,R6,LP-4nF-noR,10,200-1Hz,-2.4,0.4,4.0,2.29657,158.34,-0.6807,4.21383,43.31,-1.3724,1.53936,-66.19,-1.0759,0.93163,-8.1,-1.1088,0.79493,-7.11,-1.0962,0.60187,-7.84,-1.0962,0.65869,-11.17,-1.0952,,,,,,,,,,,,,
2025-03-13_unkLi2-R6_LP-4nF-noR-config_10daydeg_200-1Hz_200p-1s_-2offset_0.8Vpk.txt,unkLi2,R6,LP-4nF-noR,10,200-1Hz,-2.0,0.8,4.0,2.17526,-40.23,-1.2887,0.24041,-18.13,0.0786,1.09485,16.27,-0.8359,0.78408,-8.19,-0.6607,0.75631,-7.61,-0.6692,0.65851,-14.87,-0.668,0.6319,-10.58,-0.6665,,,,,,,,,,,,,
2025-03-13_unkLi2-R6_LP-4nF-noR-config_10daydeg_200-1Hz_200p-1s_2.4offset_0.4Vpk.txt,unkLi2,R6,LP-4nF-noR,10,200-1Hz,2.4,0.4,4.0,5.97957,131.68,1.7639,6.652,22.62,2.2057,2.08773,-129.47,1.8497,0.87023,-0.64,1.9583,0.54858,-8.99,1.947,0.31143,-29.87,1.9479,0.43252,-9.37,1.9247,,,,,,,,,,,,,
2025-03-13_unkLi2-R6_LP-4nF-noR-config_10daydeg_200-1Hz_200p-1s_2offset_0.8Vpk.txt,unkLi2,R6,LP-4nF-noR,10,200-1Hz,2.0,0.8,4.0,3.1686,27.93,1.8709,1.97325,-83.53,1.3196,0.38079,-148.01,1.115,0.51933,3.45,1.3573,0.52139,-7.91,1.3688,0.37086,-1.14,1.3583,0.42363,-7.38,1.3207,,,,,,,,,,,,,
2025-03-13_unkLi2-R6_LP-4nF-noR-config_10daydeg_500k-1Hz_400p-1s_-2.4offset_0.4Vpk.txt,unkLi2,R6,LP-4nF-noR,10,500k-1Hz,-2.4,0.4,4.0,2.29657,158.34,-0.6807,4.21383,43.31,-1.3724,1.53936,-66.19,-1.0759,0.93163,-8.1,-1.1088,0.79493,-7.11,-1.0962,0.60187,-7.84,-1.0962,0.65869,-11.17,-1.0952,0.47807,-9.85,-1.0796,0.38671,-5.36,-1.0888,0.35488,-7.11,-1.1018,0.33054,-23.36,-1.2696,3.664
2025-03-13_unkLi2-R6_LP-4nF-noR-config_10daydeg_500k-1Hz_400p-1s_-2offset_0.8Vpk.txt,unkLi2,R6,LP-4nF-noR,10,500k-1Hz,-2.0,0.8,4.0,2.17526,-40.23,-1.2887,0.24041,-18.13,0.0786,1.09485,16.27,-0.8359,0.78408,-8.19,-0.6607,0.75631,-7.61,-0.6692,0.65851,-14.87,-0.668,0.6319,-10.58,-0.6665,0.47622,-9.32,-0.6645,0.38614,-5.34,-0.6916,0.35513,-7.11,-0.7085,0.33198,-24.02,-0.9819,3.637
2025-03-13_unkLi2-R6_LP-4nF-noR-config_10daydeg_500k-1Hz_400p-1s_2.4offset_0.4Vpk.txt,unkLi2,R6,LP-4nF-noR,10,500k-1Hz,2.4,0.4,4.0,5.97957,131.68,1.7639,6.652,22.62,2.2057,2.08773,-129.47,1.8497,0.87023,-0.64,1.9583,0.54858,-8.99,1.947,0.31143,-29.87,1.9479,0.43252,-9.37,1.9247,0.37069,-3.65,1.9279,0.35461,-1.92,1.9348,0.3436,-5.83,1.9205,0.32889,-23.52,0.5678,2.356
2025-03-13_unkLi2-R6_LP-4nF-noR-config_10daydeg_500k-1Hz_400p-1s_2offset_0.8Vpk.txt,unkLi2,R6,LP-4nF-noR,10,500k-1Hz,2.0,0.8,4.0,3.1686,27.93,1.8709,1.97325,-83.53,1.3196,0.38079,-148.01,1.115,0.51933,3.45,1.3573,0.52139,-7.91,1.3688,0.37086,-1.14,1.3583,0.42363,-7.38,1.3207,0.37242,-3.5,1.3938,0.35507,-1.93,1.4216,0.34407,-5.89,1.4125,0.32886,-23.8,0.4067,2.374
2025-03-13_unkLi2-R6_LP-4nF-noR-config_10daydeg_500k-5kHz_100p-1s_-2.4offset_0.4Vpk.txt,unkLi2,R6,LP-4nF-noR,10,500k-5kHz,-2.4,0.4,4.0,,,,,,,,,,,,,,,,,,,,,,,,,0.38671,-5.36,-1.0888,0.35488,-7.11,-1.1018,0.33054,-23.36,-1.2696,
2025-03-13_unkLi2-R6_LP-4nF-noR-config_10daydeg_500k-5kHz_100p-1s_-2offset_0.8Vpk.txt,unkLi2,R6,LP-4nF-noR,10,500k-5kHz,-2.0,0.8,4.0,,,,,,,,,,,,,,,,,,,,,,,,,0.38614,-5.34,-0.6916,0.35513,-7.11,-0.7085,0.33198,-24.02,-0.9819,
2025-03-13_unkLi2-R6_LP-4nF-noR-config_10daydeg_500k-5kHz_100p-1s_2.4offset_0.4Vpk.txt,unkLi2,R6,LP-4nF-noR,10,500k-5kHz,2.4,0.4,4.0,,,,,,,,,,,,,,,,,,,,,,,,,0.35461,-1.92,1.9348,0.3436,-5.83,1.9205,0.32889,-23.52,0.5678,
2025-03-13_unkLi2-R6_LP-4nF-noR-config_10daydeg_500k-5kHz_100p-1s_2offset_0.8Vpk.txt,unkLi2,R6,LP-4nF-noR,10,500k-5kHz,2.0,0.8,4.0,,,,,,,,,,,,,,,,,,,,,,,,,0.35507,-1.93,1.4216,0.34407,-5.89,1.4125,0.32886,-23.8,0.4067,
2025-03-13_unkLi2-R6_LP-4nF-noR-config_10daydeg_5k-200Hz_97p-1s_-2.4offset_0.4Vpk.txt,unkLi2,R6,LP-4nF-noR,10,5k-200Hz,-2.4,0.4,4.0,,,,,,,,,,,,,,,,,,,,,,0.47807,-9.85,-1.0796,,,,,,,,,,3.664
2025-03-13_unkLi2-R6_LP-4nF-noR-config_10daydeg_5k-200Hz_97p-1s_-2offset_0.8Vpk.txt,unkLi2,R6,LP-4nF-noR,10,5k-200Hz,-2.0,0.8,4.0,,,,,,,,,,,,,,,,,,,,,,0.47622,-9.32,-0.6645,,,,,,,,,,3.637
2025-03-13_unkLi2-R6_LP-4nF-noR-config_10daydeg_5k-200Hz_97p-1s_2.4offset_0.4Vpk.txt,unkLi2,R6,LP-4nF-noR,10,5k-200Hz,2.4,0.4,4.0,,,,,,,,,,,,,,,,,,,,,,0.37069,-3.65,1.9279,,,,,,,,,,2.356
2025-03-13_unkLi2-R6_LP-4nF-noR-config_10daydeg_5k-200Hz_97p-1s_2offset_0.8Vpk.txt,unkLi2,R6,LP-4nF-noR,10,5k-200Hz,2.0,0.8,4.0,,,,,,,,,,,,,,,,,,,,,,0.37242,-3.5,1.3938,,,,,,,,,,2.374
2025-03-26_unkLi2-L3_LP-4nF-noR-config_23daydeg_200-1Hz_200p-1s_-0.5offset_0.25Vpk.txt,unkLi2,L3,LP-4nF-noR,23,200-1Hz,-0.5,0.25,4.0,5.38041,-19.94,-0.9935,2.09477,-134.47,-0.4545,1.61238,44.62,-0.6979,0.90045,-9.38,-0.679,0.94433,-7.48,-0.6836,1.04752,-14.79,-0.6836,0.74161,-21.55,-0.6807,,,,,,,,,,,,,
2025-03-26_unkLi2-L3_LP-4nF-noR-config_23daydeg_200-1Hz_200p-1s_-1.5offset_0.25Vpk.txt,unkLi2,L3,LP-4nF-noR,23,200-1Hz,-1.5,0.25,4.0,12.88217,-21.77,-2.3717,9.28779,-114.14,-1.9281,3.87966,91.23,-2.0257,1.23153,5.92,-2.0666,0.9505,-7.37,-2.06,0.9893,-23.16,-2.0573,0.74383,-21.56,-2.0547,,,,,,,,,,,,,
2025-03-26_unkLi2-L3_LP-4nF-noR-config_23daydeg_200-1Hz_200p-1s_-1offset_0.25Vpk.txt,unkLi2,L3,LP-4nF-noR,23,200-1Hz,-1.0,0.25,4.0,6.10007,-136.8,-1.1285,6.63309,83.67,-1.3784,3.14126,-67.79,-1.3857,1.07225,-14.29,-1.3787,0.94885,-7.37,-1.3718,1.00707,-7.99,-1.3743,0.72425,-22.02,-1.3681,,,,,,,,,,,,,
2025-03-26_unkLi2-L3_LP-4nF-noR-config_23daydeg_200-1Hz_200p-1s_-2.5offset_0.25Vpk.txt,unkLi2,L3,LP-4nF-noR,23,200-1Hz,-2.5,0.25,4.0,17.1501,-142.76,-3.1412,16.70057,80.18,-3.4552,7.47505,-83.42,-3.4202,1.2754,35.49,-3.4158,0.93525,-7.55,-3.4154,0.89345,-3.72,-3.4165,0.71733,-22.4,-3.4233,,,,,,,,,,,,,
2025-03-26_unkLi2-L3_LP-4nF-noR-config_23daydeg_200-1Hz_200p-1s_-2offset_0.25Vpk.txt,unkLi2,L3,LP-4nF-noR,23,200-1Hz,-2.0,0.25,4.0,13.06144,-173.15,-2.4132,13.39975,71.22,-2.8173,5.85071,-83.87,-2.7371,1.01485,37.83,-2.7349,0.93427,-7.83,-2.7384,0.69192,-8.36,-2.7392,0.72463,-22.03,-2.7397,,,,,,,,,,,,,
2025-03-26_unkLi2-L3_LP-4nF-noR-config_23daydeg_200-1Hz_200p-1s_0.5offset_0.25Vpk.txt,unkLi2,L3,LP-4nF-noR,23,200-1Hz,0.5,0.25,4.0,3.65151,-90.14,0.6777,1.90056,160.36,0.4123,2.29743,-18.85,0.8001,1.11608,-4.13,0.7045,0.96069,-6.14,0.6918,0.89574,-21.4,0.6995,0.78522,-20.55,0.6998,,,,,,,,,,,,,
2025-03-26_unkLi2-L3_LP-4nF-noR-config_23daydeg_200-1Hz_200p-1s_0offset_0.25Vpk.txt,unkLi2,L3,LP-4nF-noR,23,200-1Hz,0.0,0.25,4.0,1.66786,18.5,-0.3058,0.49441,14.23,0.0212,1.00994,-2.25,0.1211,0.96739,-3.41,-0.0089,0.96371,-5.52,0.0013,0.87618,-3.13,0.0009,0.79721,-19.84,0.0074,,,,,,,,,,,,,
2025-03-26_unkLi2-L3_LP-4nF-noR-config_23daydeg_200-1Hz_200p-1s_1.5offset_0.25Vpk.txt,unkLi2,L3,LP-4nF-noR,23,200-1Hz,1.5,0.25,4.0,9.6743,-146.7,1.7869,10.0381,79.16,2.1005,5.22973,-12.08,2.1874,1.02632,-26.09,2.0648,0.9523,-6.08,2.0689,1.04404,-10.87,2.0667,0.77165,-21.01,2.0784,,,,,,,,,,,,,
2025-03-26_unkLi2-L3_LP-4nF-noR-config_23daydeg_200-1Hz_200p-1s_1offset_0.25Vpk.txt,unkLi2,L3,LP-4nF-noR,23,200-1Hz,1.0,0.25,4.0,8.60322,48.94,1.5841,6.85533,-73.37,1.4422,1.87632,-168.0,1.2586,1.06836,12.51,1.3831,0.95888,-6.01,1.3806,0.80396,-22.59,1.3868,0.77081,-21.16,1.3868,,,,,,,,,,,,,
2025-03-26_unkLi2-L3_LP-4nF-noR-config_23daydeg_200-1Hz_200p-1s_2.5offset_0.25Vpk.txt,unkLi2,L3,LP-4nF-noR,23,200-1Hz,2.5,0.25,4.0,17.09895,142.18,3.1569,17.92099,7.78,3.7066,6.13405,174.36,3.2962,1.81954,6.54,3.4366,0.94814,-7.33,3.4252,0.80133,-4.5,3.4365,0.76033,-21.28,3.4497,,,,,,,,,,,,,
2025-03-26_unkLi2-L3_LP-4nF-noR-config_23daydeg_200-1Hz_200p-1s_2offset_0.25Vpk.txt,unkLi2,L3,LP-4nF-noR,23,200-1Hz,2.0,0.25,4.0,16.14953,41.8,2.9948,13.80373,-60.08,2.8876,4.55596,-144.96,2.6464,0.82623,24.09,2.7409,0.94464,-6.99,2.7481,0.84093,-3.36,2.7473,0.74668,-21.72,2.7599,,,,,,,,,,,,,
2025-03-26_unkLi2-L3_LP-4nF-noR-config_23daydeg_500k-1Hz_400p-1s_-0.5offset_0.25Vpk.txt,unkLi2,L3,LP-4nF-noR,23,500k-1Hz,-0.5,0.25,4.0,5.38041,-19.94,-0.9935,2.09477,-134.47,-0.4545,1.61238,44.62,-0.6979,0.90045,-9.38,-0.679,0.94433,-7.48,-0.6836,1.04752,-14.79,-0.6836,0.74161,-21.55,-0.6807,0.397,-12.94,-0.6827,0.3558,-3.24,-0.6758,0.33737,-6.8,-0.6763,0.31638,-24.62,-0.679,2.633
2025-03-26_unkLi2-L3_LP-4nF-noR-config_23daydeg_500k-1Hz_400p-1s_-1.5offset_0.25Vpk.txt,unkLi2,L3,LP-4nF-noR,23,500k-1Hz,-1.5,0.25,4.0,12.88217,-21.77,-2.3717,9.28779,-114.14,-1.9281,3.87966,91.23,-2.0257,1.23153,5.92,-2.0666,0.9505,-7.37,-2.06,0.9893,-23.16,-2.0573,0.74383,-21.56,-2.0547,0.39121,-11.5,-2.0582,0.3553,-3.27,-2.0466,0.33692,-6.78,-2.0457,0.31618,-24.56,-2.0453,2.57
2025-03-26_unkLi2-L3_LP-4nF-noR-config_23daydeg_500k-1Hz_400p-1s_-1offset_0.25Vpk.txt,unkLi2,L3,LP-4nF-noR,23,500k-1Hz,-1.0,0.25,4.0,6.10007,-136.8,-1.1285,6.63309,83.67,-1.3784,3.14126,-67.79,-1.3857,1.07225,-14.29,-1.3787,0.94885,-7.37,-1.3718,1.00707,-7.99,-1.3743,0.72425,-22.02,-1.3681,0.39504,-12.47,-1.3747,0.35558,-3.28,-1.3613,0.33711,-6.79,-1.3619,0.31626,-24.59,-1.3611,2.612
2025-03-26_unkLi2-L3_LP-4nF-noR-config_23daydeg_500k-1Hz_400p-1s_-2.5offset_0.25Vpk.txt,unkLi2,L3,LP-4nF-noR,23,500k-1Hz,-2.5,0.25,4.0,17.1501,-142.76,-3.1412,16.70057,80.18,-3.4552,7.47505,-83.42,-3.4202,1.2754,35.49,-3.4158,0.93525,-7.55,-3.4154,0.89345,-3.72,-3.4165,0.71733,-22.4,-3.4233,0.38994,-11.3,-3.432,0.35471,-3.33,-3.4258,0.33655,-6.76,-3.4223,0.31601,-24.52,-3.4291,2.557
2025-03-26_unkLi2-L3_LP-4nF-noR-config_23daydeg_500k-1Hz_400p-1s_-2offset_0.25Vpk.txt,unkLi2,L3,LP-4nF-noR,23,500k-1Hz,-2.0,0.25,4.0,13.06144,-173.15,-2.4132,13.39975,71.22,-2.8173,5.85071,-83.87,-2.7371,1.01485,37.83,-2.7349,0.93427,-7.83,-2.7384,0.69192,-8.36,-2.7392,0.72463,-22.03,-2.7397,0.39055,-11.46,-2.7489,0.35477,-3.35,-2.743,0.33652,-6.77,-2.7382,0.31577,-24.54,-2.7391,2.563
2025-03-26_unkLi2-L3_LP-4nF-noR-config_23daydeg_500k-1Hz_400p-1s_0.5offset_0.25Vpk.txt,unkLi2,L3,LP-4nF-noR,23,500k-1Hz,0.5,0.25,4.0,3.65151,-90.14,0.6777,1.90056,160.36,0.4123,2.29743,-18.85,0.8001,1.11608,-4.13,0.7045,0.96069,-6.14,0.6918,0.89574,-21.4,0.6995,0.78522,-20.55,0.6998,0.38936,-10.62,0.6966,0.35532,-3.49,0.6969,0.33633,-6.54,0.6966,0.31613,-23.22,0.6992,2.551
2025-03-26_unkLi2-L3_LP-4nF-noR-config_23daydeg_500k-1Hz_400p-1s_0offset_0.25Vpk.txt,unkLi2,L3,LP-4nF-noR,23,500k-1Hz,0.0,0.25,4.0,1.66786,18.5,-0.3058,0.49441,14.23,0.0212,1.00994,-2.25,0.1211,0.96739,-3.41,-0.0089,0.96371,-5.52,0.0013,0.87618,-3.13,0.0009,0.79721,-19.84,0.0074,0.38944,-10.55,0.0099,0.35537,-3.46,0.0078,0.3364,-6.56,0.0118,0.31616,-23.26,0.011,2.551
2025-03-26_unkLi2-L3_LP-4nF-noR-config_23daydeg_500k-1Hz_400p-1s_1.5offset_0.25Vpk.txt,unkLi2,L3,LP-4nF-noR,23,500k-1Hz,1.5,0.25,4.0,9.6743,-146.7,1.7869,10.0381,79.16,2.1005,5.22973,-12.08,2.1874,1.02632,-26.09,2.0648,0.9523,-6.08,2.0689,1.04404,-10.87,2.0667,0.77165,-21.01,2.0784,0.3892,-10.76,2.067,0.35549,-3.35,2.066,0.33714,-6.8,2.0694,0.31628,-24.61,2.0694,2.549
2025-03-26_unkLi2-L3_LP-4nF-noR-config_23daydeg_500k-1Hz_400p-1s_1offset_0.25Vpk.txt,unkLi2,L3,LP-4nF-noR,23,500k-1Hz,1.0,0.25,4.0,8.60322,48.94,1.5841,6.85533,-73.37,1.4422,1.87632,-168.0,1.2586,1.06836,12.51,1.3831,0.95888,-6.01,1.3806,0.80396,-22.59,1.3868,0.77081,-21.16,1.3868,0.39059,-11.02,1.3856,0.35575,-3.42,1.3815,0.33718,-6.82,1.3823,0.31614,-24.68,1.382,2.564
2025-03-26_unkLi2-L3_LP-4nF-noR-config_23daydeg_500k-1Hz_400p-1s_2.5offset_0.25Vpk.txt,unkLi2,L3,LP-4nF-noR,23,500k-1Hz,2.5,0.25,4.0,17.09895,142.18,3.1569,17.92099,7.78,3.7066,6.13405,174.36,3.2962,1.81954,6.54,3.4366,0.94814,-7.33,3.4252,0.80133,-4.5,3.4365,0.76033,-21.28,3.4497,0.38804,-10.68,3.4329,0.35493,-3.38,3.4386,0.33671,-6.79,3.4408,0.31611,-24.58,3.4414,2.536
2025-03-26_unkLi2-L3_LP-4nF-noR-config_23daydeg_500k-1Hz_400p-1s_2offset_0.25Vpk.txt,unkLi2,L3,LP-4nF-noR,23,500k-1Hz,2.0,0.25,4.0,16.14953,41.8,2.9948,13.80373,-60.08,2.8876,4.55596,-144.96,2.6464,0.82623,24.09,2.7409,0.94464,-6.99,2.7481,0.84093,-3.36,2.7473,0.74668,-21.72,2.7599,0.38826,-10.62,2.7489,0.35509,-3.38,2.7541,0.33681,-6.79,2.758,0.31607,-24.59,2.7567,2.539
2025-03-26_unkLi2-L3_LP-4nF-noR-config_23daydeg_500k-5kHz_100p-1s_-0.5offset_0.25Vpk.txt,unkLi2,L3,LP-4nF-noR,23,500k-5kHz,-0.5,0.25,4.0,,,,,,,,,,,,,,,,,,,,,,,,,0.3558,-3.24,-0.6758,0.33737,-6.8,-0.6763,0.31638,-24.62,-0.679,
2025-03-26_unkLi2-L3_LP-4nF-noR-config_23daydeg_500k-5kHz_100p-1s_-1.5offset_0.25Vpk.txt,unkLi2,L3,LP-4nF-noR,23,500k-5kHz,-1.5,0.25,4.0,,,,,,,,,,,,,,,,,,,,,,,,,0.3553,-3.27,-2.0466,0.33692,-6.78,-2.0457,0.31618,-24.56,-2.0453,
2025-03-26_unkLi2-L3_LP-4nF-noR-config_23daydeg_500k-5kHz_100p-1s_-1offset_0.25Vpk.txt,unkLi2,L3,LP-4nF-noR,23,500k-5kHz,-1.0,0.25,4.0,,,,,,,,,,,,,,,,,,,,,,,,,0.35558,-3.28,-1.3613,0.33711,-6.79,-1.3619,0.31626,-24.59,-1.3611,
2025-03-26_unkLi2-L3_LP-4nF-noR-config_23daydeg_500k-5kHz_100p-1s_-2.5offset_0.25Vpk.txt,unkLi2,L3,LP-4nF-noR,23,500k-5kHz,-2.5,0.25,4.0,,,,,,,,,,,,,,,,,,,,,,,,,0.35471,-3.33,-3.4258,0.33655,-6.76,-3.4223,0.31601,-24.52,-3.4291,
2025-03-26_unkLi2-L3_LP-4nF-noR-config_23daydeg_500k-5kHz_100p-1s_-2offset_0.25Vpk.txt,unkLi2,L3,LP-4nF-noR,23,500k-5kHz,-2.0,0.25,4.0,,,,,,,,,,,,,,,,,,,,,,,,,0.35477,-3.35,-2.743,0.33652,-6.77,-2.7382,0.31577,-24.54,-2.7391,
2025-03-26_unkLi2-L3_LP-4nF-noR-config_23daydeg_500k-5kHz_100p-1s_0.5offset_0.25Vpk.txt,unkLi2,L3,LP-4nF-noR,23,500k-5kHz,0.5,0.25,4.0,,,,,,,,,,,,,,,,,,,,,,,,,0.35532,-3.49,0.6969,0.33633,-6.54,0.6966,0.31613,-23.22,0.6992,
2025-03-26_unkLi2-L3_LP-4nF-noR-config_23daydeg_500k-5kHz_100p-1s_0offset_0.25Vpk.txt,unkLi2,L3,LP-4nF-noR,23,500k-5kHz,0.0,0.25,4.0,,,,,,,,,,,,,,,,,,,,,,,,,0.35537,-3.46,0.0078,0.3364,-6.56,0.0118,0.31616,-23.26,0.011,
2025-03-26_unkLi2-L3_LP-4nF-noR-config_23daydeg_500k-5kHz_100p-1s_1.5offset_0.25Vpk.txt,unkLi2,L3,LP-4nF-noR,23,500k-5kHz,1.5,0.25,4.0,,,,,,,,,,,,,,,,,,,,,,,,,0.35549,-3.35,2.066,0.33714,-6.8,2.0694,0.31628,-24.61,2.0694,
2025-03-26_unkLi2-L3_LP-4nF-noR-config_23daydeg_500k-5kHz_100p-1s_1offset_0.25Vpk.txt,unkLi2,L3,LP-4nF-noR,23,500k-5kHz,1.0,0.25,4.0,,,,,,,,,,,,,,,,,,,,,,,,,0.35575,-3.42,1.3815,0.33718,-6.82,1.3823,0.31614,-24.68,1.382,
2025-03-26_unkLi2-L3_LP-4nF-noR-config_23daydeg_500k-5kHz_100p-1s_2.5offset_0.25Vpk.txt,unkLi2,L3,LP-4nF-noR,23,500k-5kHz,2.5,0.25,4.0,,,,,,,,,,,,,,,,,,,,,,,,,0.35493,-3.38,3.4386,0.33671,-6.79,3.4408,0.31611,-24.58,3.4414,
2025-03-26_unkLi2-L3_LP-4nF-noR-config_23daydeg_500k-5kHz_100p-1s_2offset_0.25Vpk.txt,unkLi2,L3,LP-4nF-noR,23,500k-5kHz,2.0,0.25,4.0,,,,,,,,,,,,,,,,,,,,,,,,,0.35509,-3.38,2.7541,0.33681,-6.79,2.758,0.31607,-24.59,2.7567,
2025-03-26_unkLi2-L3_LP-4nF-noR-config_23daydeg_5k-200Hz_97p-1s_-0.5offset_0.25Vpk.txt,unkLi2,L3,LP-4nF-noR,23,5k-200Hz,-0.5,0.25,4.0,,,,,,,,,,,,,,,,,,,,,,0.397,-12.94,-0.6827,,,,,,,,,,2.633
2025-03-26_unkLi2-L3_LP-4nF-noR-config_23daydeg_5k-200Hz_97p-1s_-1.5offset_0.25Vpk.txt,unkLi2,L3,LP-4nF-noR,23,5k-200Hz,-1.5,0.25,4.0,,,,,,,,,,,,,,,,,,,,,,0.39121,-11.5,-2.0582,,,,,,,,,,2.57
2025-03-26_unkLi2-L3_LP-4nF-noR-config_23daydeg_5k-200Hz_97p-1s_-1offset_0.25Vpk.txt,unkLi2,L3,LP-4nF-noR,23,5k-200Hz,-1.0,0.25,4.0,,,,,,,,,,,,,,,,,,,,,,0.39504,-12.47,-1.3747,,,,,,,,,,2.612
2025-03-26_unkLi2-L3_LP-4nF-noR-config_23daydeg_5k-200Hz_97p-1s_-2.5offset_0.25Vpk.txt,unkLi2,L3,LP-4nF-noR,23,5k-200Hz,-2.5,0.25,4.0,,,,,,,,,,,,,,,,,,,,,,0.38994,-11.3,-3.432,,,,,,,,,,2.557
2025-03-26_unkLi2-L3_LP-4nF-noR-config_23daydeg_5k-200Hz_97p-1s_-2offset_0.25Vpk.txt,unkLi2,L3,LP-4nF-noR,23,5k-200Hz,-2.0,0.25,4.0,,,,,,,,,,,,,,,,,,,,,,0.39055,-11.46,-2.7489,,,,,,,,,,2.563
2025-03-26_unkLi2-L3_LP-4nF-noR-config_23daydeg_5k-200Hz_97p-1s_0.5offset_0.25Vpk.txt,unkLi2,L3,LP-4nF-noR,23,5k-200Hz,0.5,0.25,4.0,,,,,,,,,,,,,,,,,,,,,,0.38936,-10.62,0.6966,,,,,,,,,,2.551
2025-03-26_unkLi2-L3_LP-4nF-noR-config_23daydeg_5k-200Hz_97p-1s_0offset_0.25Vpk.txt,unkLi2,L3,LP-4nF-noR,23,5k-200Hz,0.0,0.25,4.0,,,,,,,,,,,,,,,,,,,,,,0.38944,-10.55,0.0099,,,,,,,,,,2.551
2025-03-26_unkLi2-L3_LP-4nF-noR-config_23daydeg_5k-200Hz_97p-1s_1.5offset_0.25Vpk.txt,unkLi2,L3,LP-4nF-noR,23,5k-200Hz,1.5,0.25,4.0,,,,,,,,,,,,,,,,,,,,,,0.3892,-10.76,2.067,,,,,,,,,,2.549
2025-03-26_unkLi2-L3_LP-4nF-noR-config_23daydeg_5k-200Hz_97p-1s_1offset_0.25Vpk.txt,unkLi2,L3,LP-4nF-noR,23,5k-200Hz,1.0,0.25,4.0,,,,,,,,,,,,,,,,,,,,,,0.39059,-11.02,1.3856,,,,,,,,,,2.564
2025-03-26_unkLi2-L3_LP-4nF-noR-config_23daydeg_5k-200Hz_97p-1s_2.5offset_0.25Vpk.txt,unkLi2,L3,LP-4nF-noR,23,5k-200Hz,2.5,0.25,4.0,,,,,,,,,,,,,,,,,,,,,,0.38804,-10.68,3.4329,,,,,,,,,,2.536
2025-03-26_unkLi2-L3_LP-4nF-noR-config_23daydeg_5k-200Hz_97p-1s_2offset_0.25Vpk.txt,unkLi2,L3,LP-4nF-noR,23,5k-200Hz,2.0,0.25,4.0,,,,,,,,,,,,,,,,,,,,,,0.38826,-10.62,2.7489,,,,,,,,,,2.539
