file,date,chem,pixel,config,day,frange,capture,offset_v,amp_v,c_ext_nf,parsed,n_pts,f_min,f_max,descending,sweep_dur_s,demod2_dup,h_nan
2025-03-04_unkLi2-L5_LP-2.5pF-noR-config_1daydeg_500-1Hz_250p-1s_0offset_0.5Vpk.txt,2025-03-04,unkLi2,L5,LP-2.5pF-noR,1,500-1Hz,250p-1s,0.0,0.5,0.0025,1,250,1.0,500.0,1,357.78694499999983,0,0
2025-03-04_unkLi2-L5_LP-2.5pF-noR-config_1daydeg_500-1Hz_250p-1s_0offset_1.5Vpk.txt,2025-03-04,unkLi2,L5,LP-2.5pF-noR,1,500-1Hz,250p-1s,0.0,1.5,0.0025,1,250,1.0,500.0,1,359.2264639999921,0,0
2025-03-04_unkLi2-L5_LP-2.5pF-noR-config_1daydeg_500-1Hz_250p-1s_0offset_1Vpk.txt,2025-03-04,unkLi2,L5,LP-2.5pF-noR,1,500-1Hz,250p-1s,0.0,1.0,0.0025,1,250,1.0,500.0,1,357.81837500000256,0,0
2025-03-04_unkLi2-L5_LP-2.5pF-noR-config_1daydeg_500-1Hz_250p-1s_0offset_2.4Vpk.txt,2025-03-04,unkLi2,L5,LP-2.5pF-noR,1,500-1Hz,250p-1s,0.0,2.4,0.0025,1,250,1.0,500.0,1,359.0510229999927,0,0
2025-03-04_unkLi2-L5_LP-2.5pF-noR-config_1daydeg_500-1Hz_250p-1s_0offset_2Vpk.txt,2025-03-04,unkLi2,L5,LP-2.5pF-noR,1,500-1Hz,250p-1s,0.0,2.0,0.0025,1,250,1.0,500.0,1,359.41810499998974,0,0
2025-03-04_unkLi2-L5_LP-2.5pF-noR-config_1daydeg_5k-1Hz_250p-1s_0offset_0.5Vpk.txt,2025-03-04,unkLi2,L5,LP-2.5pF-noR,1,5k-1Hz,250p-1s,0.0,0.5,0.0025,1,250,1.0,5000.0,1,359.73419599999033,0,0
2025-03-04_unkLi2-L5_LP-2.5pF-noR-config_1daydeg_5k-1Hz_250p-1s_0offset_1.5Vpk.txt,2025-03-04,unkLi2,L5,LP-2.5pF-noR,1,5k-1Hz,250p-1s,0.0,1.5,0.0025,1,250,1.0,5000.0,1,359.52781299999333,0,0
2025-03-04_unkLi2-L5_LP-2.5pF-noR-config_1daydeg_5k-1Hz_250p-1s_0offset_1Vpk.txt,2025-03-04,unkLi2,L5,LP-2.5pF-noR,1,5k-1Hz,250p-1s,0.0,1.0,0.0025,1,250,1.0,5000.0,1,359.61669199999596,1,0
2025-03-04_unkLi2-L5_LP-2.5pF-noR-config_1daydeg_5k-1Hz_250p-1s_0offset_2.4Vpk.txt,2025-03-04,unkLi2,L5,LP-2.5pF-noR,1,5k-1Hz,250p-1s,0.0,2.4,0.0025,1,250,1.0,5000.0,1,358.3346210000018,0,0
2025-03-04_unkLi2-L5_LP-2.5pF-noR-config_1daydeg_5k-1Hz_250p-1s_0offset_2Vpk.txt,2025-03-04,unkLi2,L5,LP-2.5pF-noR,1,5k-1Hz,250p-1s,0.0,2.0,0.0025,1,250,1.0,5000.0,1,359.0034169999999,0,0
2025-03-04_unkLi2-R5_LP-2.5pF-noR-config_1daydeg_500-1Hz_250p-1s_0offset_0.5Vpk.txt,2025-03-04,unkLi2,R5,LP-2.5pF-noR,1,500-1Hz,250p-1s,0.0,0.5,0.0025,1,250,1.0,500.0,1,358.3581019999983,0,0
2025-03-04_unkLi2-R5_LP-2.5pF-noR-config_1daydeg_500-1Hz_250p-1s_0offset_1.5Vpk.txt,2025-03-04,unkLi2,R5,LP-2.5pF-noR,1,500-1Hz,250p-1s,0.0,1.5,0.0025,1,250,1.0,500.0,1,358.9862079999875,0,0
2025-03-04_unkLi2-R5_LP-2.5pF-noR-config_1daydeg_500-1Hz_250p-1s_0offset_1Vpk.txt,2025-03-04,unkLi2,R5,LP-2.5pF-noR,1,500-1Hz,250p-1s,0.0,1.0,0.0025,1,250,1.0,500.0,1,359.3069359999936,0,0
2025-03-04_unkLi2-R5_LP-2.5pF-noR-config_1daydeg_500-1Hz_250p-1s_0offset_2.4Vpk.txt,2025-03-04,unkLi2,R5,LP-2.5pF-noR,1,500-1Hz,250p-1s,0.0,2.4,0.0025,1,250,1.0,500.0,1,359.50803799999994,0,0
2025-03-04_unkLi2-R5_LP-2.5pF-noR-config_1daydeg_500-1Hz_250p-1s_0offset_2Vpk.txt,2025-03-04,unkLi2,R5,LP-2.5pF-noR,1,500-1Hz,250p-1s,0.0,2.0,0.0025,1,250,1.0,500.0,1,360.04424999999173,0,0
2025-03-04_unkLi2-R5_LP-2.5pF-noR-config_1daydeg_5k-1Hz_250p-1s_0offset_0.5Vpk.txt,2025-03-04,unkLi2,R5,LP-2.5pF-noR,1,5k-1Hz,250p-1s,0.0,0.5,0.0025,1,250,1.0,5000.0,1,359.4507619999931,1,0
2025-03-04_unkLi2-R5_LP-2.5pF-noR-config_1daydeg_5k-1Hz_250p-1s_0offset_1.5Vpk.txt,2025-03-04,unkLi2,R5,LP-2.5pF-noR,1,5k-1Hz,250p-1s,0.0,1.5,0.0025,1,250,1.0,5000.0,1,359.50614199999836,1,0
2025-03-04_unkLi2-R5_LP-2.5pF-noR-config_1daydeg_5k-1Hz_250p-1s_0offset_1Vpk.txt,2025-03-04,unkLi2,R5,LP-2.5pF-noR,1,5k-1Hz,250p-1s,0.0,1.0,0.0025,1,250,1.0,5000.0,1,358.6701780000003,1,0
2025-03-04_unkLi2-R5_LP-2.5pF-noR-config_1daydeg_5k-1Hz_250p-1s_0offset_2.4Vpk.txt,2025-03-04,unkLi2,R5,LP-2.5pF-noR,1,5k-1Hz,250p-1s,0.0,2.4,0.0025,1,250,1.0,5000.0,1,359.47355400001106,1,0
2025-03-04_unkLi2-R5_LP-2.5pF-noR-config_1daydeg_5k-1Hz_250p-1s_0offset_2Vpk.txt,2025-03-04,unkLi2,R5,LP-2.5pF-noR,1,5k-1Hz,250p-1s,0.0,2.0,0.0025,1,250,1.0,5000.0,1,358.9460599999875,0,0
2025-03-04_unkLi2-R6_LP-2.5pF-noR-config_1daydeg_500-1Hz_250p-1s_0offset_0.5Vpk.txt,2025-03-04,unkLi2,R6,LP-2.5pF-noR,1,500-1Hz,250p-1s,0.0,0.5,0.0025,1,250,1.0,500.0,1,358.58717300000717,0,0
2025-03-04_unkLi2-R6_LP-2.5pF-noR-config_1daydeg_500-1Hz_250p-1s_0offset_1.5Vpk.txt,2025-03-04,unkLi2,R6,LP-2.5pF-noR,1,500-1Hz,250p-1s,0.0,1.5,0.0025,1,250,1.0,500.0,1,359.0042459999968,0,0
2025-03-04_unkLi2-R6_LP-2.5pF-noR-config_1daydeg_500-1Hz_250p-1s_0offset_1Vpk.txt,2025-03-04,unkLi2,R6,LP-2.5pF-noR,1,500-1Hz,250p-1s,0.0,1.0,0.0025,1,250,1.0,500.0,1,359.04942799999844,0,0
2025-03-04_unkLi2-R6_LP-2.5pF-noR-config_1daydeg_500-1Hz_250p-1s_0offset_2.4Vpk.txt,2025-03-04,unkLi2,R6,LP-2.5pF-noR,1,500-1Hz,250p-1s,0.0,2.4,0.0025,1,250,1.0,500.0,1,359.447868999996,1,0
2025-03-04_unkLi2-R6_LP-2.5pF-noR-config_1daydeg_500-1Hz_250p-1s_0offset_2Vpk.txt,2025-03-04,unkLi2,R6,LP-2.5pF-noR,1,500-1Hz,250p-1s,0.0,2.0,0.0025,1,250,1.0,500.0,1,359.6830539999937,0,0
2025-03-04_unkLi2-R6_LP-2.5pF-noR-config_1daydeg_5k-1Hz_250p-1s_0offset_0.5Vpk.txt,2025-03-04,unkLi2,R6,LP-2.5pF-noR,1,5k-1Hz,250p-1s,0.0,0.5,0.0025,1,250,1.0,5000.0,1,359.08003699999244,0,0
2025-03-04_unkLi2-R6_LP-2.5pF-noR-config_1daydeg_5k-1Hz_250p-1s_0offset_1.5Vpk.txt,2025-03-04,unkLi2,R6,LP-2.5pF-noR,1,5k-1Hz,250p-1s,0.0,1.5,0.0025,1,250,1.0,5000.0,1,359.27079799999774,1,0
2025-03-04_unkLi2-R6_LP-2.5pF-noR-config_1daydeg_5k-1Hz_250p-1s_0offset_1Vpk.txt,2025-03-04,unkLi2,R6,LP-2.5pF-noR,1,5k-1Hz,250p-1s,0.0,1.0,0.0025,1,250,1.0,5000.0,1,358.37480399999185,1,0
2025-03-04_unkLi2-R6_LP-2.5pF-noR-config_1daydeg_5k-1Hz_250p-1s_0offset_2.4Vpk.txt,2025-03-04,unkLi2,R6,LP-2.5pF-noR,1,5k-1Hz,250p-1s,0.0,2.4,0.0025,1,250,1.0,5000.0,1,358.80633199999284,0,0
2025-03-04_unkLi2-R6_LP-2.5pF-noR-config_1daydeg_5k-1Hz_250p-1s_0offset_2Vpk.txt,2025-03-04,unkLi2,R6,LP-2.5pF-noR,1,5k-1Hz,250p-1s,0.0,2.0,0.0025,1,250,1.0,5000.0,1,358.9664530000009,1,0
2025-03-05_unkK2-L5_LP-2.5pF-noR-config_2daydeg_500-1Hz_250p-1s_0offset_0.5Vpk.txt,2025-03-05,unkK2,L5,LP-2.5pF-noR,2,500-1Hz,250p-1s,0.0,0.5,0.0025,1,250,1.0,500.0,1,358.67479799999273,0,0
2025-03-05_unkK2-L5_LP-2.5pF-noR-config_2daydeg_500-1Hz_250p-1s_0offset_1.5Vpk.txt,2025-03-05,unkK2,L5,LP-2.5pF-noR,2,500-1Hz,250p-1s,0.0,1.5,0.0025,1,250,1.0,500.0,1,358.96726299999864,0,0
2025-03-05_unkK2-L5_LP-2.5pF-noR-config_2daydeg_500-1Hz_250p-1s_0offset_1Vpk.txt,2025-03-05,unkK2,L5,LP-2.5pF-noR,2,500-1Hz,250p-1s,0.0,1.0,0.0025,1,250,1.0,500.0,1,358.9031959999993,0,0
2025-03-05_unkK2-L5_LP-2.5pF-noR-config_2daydeg_500-1Hz_250p-1s_0offset_2.4Vpk.txt,2025-03-05,unkK2,L5,LP-2.5pF-noR,2,500-1Hz,250p-1s,0.0,2.4,0.0025,1,250,1.0,500.0,1,359.15107100000023,0,0
2025-03-05_unkK2-L5_LP-2.5pF-noR-config_2daydeg_500-1Hz_250p-1s_0offset_2Vpk.txt,2025-03-05,unkK2,L5,LP-2.5pF-noR,2,500-1Hz,250p-1s,0.0,2.0,0.0025,1,250,1.0,500.0,1,359.53991099999985,0,0
2025-03-05_unkK2-L5_LP-2.5pF-noR-config_2daydeg_5k-1Hz_250p-1s_0offset_0.5Vpk.txt,2025-03-05,unkK2,L5,LP-2.5pF-noR,2,5k-1Hz,250p-1s,0.0,0.5,0.0025,1,250,1.0,5000.0,1,359.26247700001113,1,0
2025-03-05_unkK2-L5_LP-2.5pF-noR-config_2daydeg_5k-1Hz_250p-1s_0offset_1.5Vpk.txt,2025-03-05,unkK2,L5,LP-2.5pF-noR,2,5k-1Hz,250p-1s,0.0,1.5,0.0025,1,250,1.0,5000.0,1,358.86735299997963,0,0
2025-03-05_unkK2-L5_LP-2.5pF-noR-config_2daydeg_5k-1Hz_250p-1s_0offset_1Vpk.txt,2025-03-05,unkK2,L5,LP-2.5pF-noR,2,5k-1Hz,250p-1s,0.0,1.0,0.0025,1,250,1.0,5000.0,1,359.4428009999974,1,0
2025-03-05_unkK2-L5_LP-2.5pF-noR-config_2daydeg_5k-1Hz_250p-1s_0offset_2.4Vpk.txt,2025-03-05,unkK2,L5,LP-2.5pF-noR,2,5k-1Hz,250p-1s,0.0,2.4,0.0025,1,250,1.0,5000.0,1,359.2294899999979,1,0
2025-03-05_unkK2-L5_LP-2.5pF-noR-config_2daydeg_5k-1Hz_250p-1s_0offset_2Vpk.txt,2025-03-05,unkK2,L5,LP-2.5pF-noR,2,5k-1Hz,250p-1s,0.0,2.0,0.0025,1,250,1.0,5000.0,1,359.4941810000164,0,0
2025-03-05_unkK2-R5_LP-2.5pF-noR-config_2daydeg_500-1Hz_250p-1s_0offset_0.5Vpk.txt,2025-03-05,unkK2,R5,LP-2.5pF-noR,2,500-1Hz,250p-1s,0.0,0.5,0.0025,1,250,1.0,500.0,1,359.0622489999805,0,0
2025-03-05_unkK2-R5_LP-2.5pF-noR-config_2daydeg_500-1Hz_250p-1s_0offset_1.5Vpk.txt,2025-03-05,unkK2,R5,LP-2.5pF-noR,2,500-1Hz,250p-1s,0.0,1.5,0.0025,1,250,1.0,500.0,1,359.63423799999873,0,0
2025-03-05_unkK2-R5_LP-2.5pF-noR-config_2daydeg_500-1Hz_250p-1s_0offset_1Vpk.txt,2025-03-05,unkK2,R5,LP-2.5pF-noR,2,500-1Hz,250p-1s,0.0,1.0,0.0025,1,250,1.0,500.0,1,358.5618090000062,0,0
2025-03-05_unkK2-R5_LP-2.5pF-noR-config_2daydeg_500-1Hz_250p-1s_0offset_2.4Vpk.txt,2025-03-05,unkK2,R5,LP-2.5pF-noR,2,500-1Hz,250p-1s,0.0,2.4,0.0025,1,250,1.0,500.0,1,358.92613300000085,0,0
2025-03-05_unkK2-R5_LP-2.5pF-noR-config_2daydeg_500-1Hz_250p-1s_0offset_2Vpk.txt,2025-03-05,unkK2,R5,LP-2.5pF-noR,2,500-1Hz,250p-1s,0.0,2.0,0.0025,1,250,1.0,500.0,1,358.91579299999285,0,0
2025-03-05_unkK2-R5_LP-2.5pF-noR-config_2daydeg_5k-1Hz_250p-1s_0offset_0.5Vpk.txt,2025-03-05,unkK2,R5,LP-2.5pF-noR,2,5k-1Hz,250p-1s,0.0,0.5,0.0025,1,250,1.0,5000.0,1,359.378521000006,0,0
2025-03-05_unkK2-R5_LP-2.5pF-noR-config_2daydeg_5k-1Hz_250p-1s_0offset_1.5Vpk.txt,2025-03-05,unkK2,R5,LP-2.5pF-noR,2,5k-1Hz,250p-1s,0.0,1.5,0.0025,1,250,1.0,5000.0,1,359.0304659999965,1,0
2025-03-05_unkK2-R5_LP-2.5pF-noR-config_2daydeg_5k-1Hz_250p-1s_0offset_1Vpk.txt,2025-03-05,unkK2,R5,LP-2.5pF-noR,2,5k-1Hz,250p-1s,0.0,1.0,0.0025,1,250,1.0,5000.0,1,359.41696500001126,1,0
2025-03-05_unkK2-R5_LP-2.5pF-noR-config_2daydeg_5k-1Hz_250p-1s_0offset_2.4Vpk.txt,2025-03-05,unkK2,R5,LP-2.5pF-noR,2,5k-1Hz,250p-1s,0.0,2.4,0.0025,1,250,1.0,5000.0,1,359.47031000000425,1,0
2025-03-05_unkK2-R5_LP-2.5pF-noR-config_2daydeg_5k-1Hz_250p-1s_0offset_2Vpk.txt,2025-03-05,unkK2,R5,LP-2.5pF-noR,2,5k-1Hz,250p-1s,0.0,2.0,0.0025,1,250,1.0,5000.0,1,359.2752170000167,1,0
2025-03-05_unkK2-R6_LP-2.5pF-noR-config_2daydeg_500-1Hz_250p-1s_0offset_0.5Vpk.txt,2025-03-05,unkK2,R6,LP-2.5pF-noR,2,500-1Hz,250p-1s,0.0,0.5,0.0025,1,250,1.0,500.0,1,358.7290959999955,0,0
2025-03-05_unkK2-R6_LP-2.5pF-noR-config_2daydeg_500-1Hz_250p-1s_0offset_1.5Vpk.txt,2025-03-05,unkK2,R6,LP-2.5pF-noR,2,500-1Hz,250p-1s,0.0,1.5,0.0025,1,250,1.0,500.0,1,359.32467500001076,0,0
2025-03-05_unkK2-R6_LP-2.5pF-noR-config_2daydeg_500-1Hz_250p-1s_0offset_1Vpk.txt,2025-03-05,unkK2,R6,LP-2.5pF-noR,2,500-1Hz,250p-1s,0.0,1.0,0.0025,1,250,1.0,500.0,1,358.8721629999927,0,0
2025-03-05_unkK2-R6_LP-2.5pF-noR-config_2daydeg_500-1Hz_250p-1s_0offset_2.4Vpk.txt,2025-03-05,unkK2,R6,LP-2.5pF-noR,2,500-1Hz,250p-1s,0.0,2.4,0.0025,1,250,1.0,500.0,1,359.13868500001263,0,0
2025-03-05_unkK2-R6_LP-2.5pF-noR-config_2daydeg_500-1Hz_250p-1s_0offset_2Vpk.txt,2025-03-05,unkK2,R6,LP-2.5pF-noR,2,500-1Hz,250p-1s,0.0,2.0,0.0025,1,250,1.0,500.0,1,359.1672290000133,0,0
2025-03-05_unkK2-R6_LP-2.5pF-noR-config_2daydeg_5k-1Hz_250p-1s_0offset_0.5Vpk.txt,2025-03-05,unkK2,R6,LP-2.5pF-noR,2,5k-1Hz,250p-1s,0.0,0.5,0.0025,1,250,1.0,5000.0,1,359.363245000015,1,0
2025-03-05_unkK2-R6_LP-2.5pF-noR-config_2daydeg_5k-1Hz_250p-1s_0offset_1.5Vpk.txt,2025-03-05,unkK2,R6,LP-2.5pF-noR,2,5k-1Hz,250p-1s,0.0,1.5,0.0025,1,250,1.0,5000.0,1,359.5933439999935,0,0
2025-03-05_unkK2-R6_LP-2.5pF-noR-config_2daydeg_5k-1Hz_250p-1s_0offset_1Vpk.txt,2025-03-05,unkK2,R6,LP-2.5pF-noR,2,5k-1Hz,250p-1s,0.0,1.0,0.0025,1,250,1.0,5000.0,1,359.742677000002,1,0
2025-03-05_unkK2-R6_LP-2.5pF-noR-config_2daydeg_5k-1Hz_250p-1s_0offset_2.4Vpk.txt,2025-03-05,unkK2,R6,LP-2.5pF-noR,2,5k-1Hz,250p-1s,0.0,2.4,0.0025,1,250,1.0,5000.0,1,359.32414100001915,1,0
2025-03-05_unkK2-R6_LP-2.5pF-noR-config_2daydeg_5k-1Hz_250p-1s_0offset_2Vpk.txt,2025-03-05,unkK2,R6,LP-2.5pF-noR,2,5k-1Hz,250p-1s,0.0,2.0,0.0025,1,250,1.0,5000.0,1,359.56509899999946,1,0
2025-03-05_unkNa2-L5_LP-2.5pF-noR-config_2daydeg_500-1Hz_250p-1s_0offset_0.5Vpk.txt,2025-03-05,unkNa2,L5,LP-2.5pF-noR,2,500-1Hz,250p-1s,0.0,0.5,0.0025,1,250,1.0,500.0,1,359.12163800001144,0,0
2025-03-05_unkNa2-L5_LP-2.5pF-noR-config_2daydeg_500-1Hz_250p-1s_0offset_1.5Vpk.txt,2025-03-05,unkNa2,L5,LP-2.5pF-noR,2,500-1Hz,250p-1s,0.0,1.5,0.0025,1,250,1.0,500.0,1,359.3490799999854,0,0
2025-03-05_unkNa2-L5_LP-2.5pF-noR-config_2daydeg_500-1Hz_250p-1s_0offset_1Vpk.txt,2025-03-05,unkNa2,L5,LP-2.5pF-noR,2,500-1Hz,250p-1s,0.0,1.0,0.0025,1,250,1.0,500.0,1,359.30134800000815,0,0
2025-03-05_unkNa2-L5_LP-2.5pF-noR-config_2daydeg_500-1Hz_250p-1s_0offset_2.4Vpk.txt,2025-03-05,unkNa2,L5,LP-2.5pF-noR,2,500-1Hz,250p-1s,0.0,2.4,0.0025,1,250,1.0,500.0,1,359.139971000026,0,0
2025-03-05_unkNa2-L5_LP-2.5pF-noR-config_2daydeg_500-1Hz_250p-1s_0offset_2Vpk.txt,2025-03-05,unkNa2,L5,LP-2.5pF-noR,2,500-1Hz,250p-1s,0.0,2.0,0.0025,1,250,1.0,500.0,1,359.2495339999732,0,0
2025-03-05_unkNa2-L5_LP-2.5pF-noR-config_2daydeg_5k-1Hz_250p-1s_0offset_0.5Vpk.txt,2025-03-05,unkNa2,L5,LP-2.5pF-noR,2,5k-1Hz,250p-1s,0.0,0.5,0.0025,1,250,1.0,5000.0,1,359.30796100001317,1,0
2025-03-05_unkNa2-L5_LP-2.5pF-noR-config_2daydeg_5k-1Hz_250p-1s_0offset_1.5Vpk.txt,2025-03-05,unkNa2,L5,LP-2.5pF-noR,2,5k-1Hz,250p-1s,0.0,1.5,0.0025,1,250,1.0,5000.0,1,359.26555599999847,0,0
2025-03-05_unkNa2-L5_LP-2.5pF-noR-config_2daydeg_5k-1Hz_250p-1s_0offset_1Vpk.txt,2025-03-05,unkNa2,L5,LP-2.5pF-noR,2,5k-1Hz,250p-1s,0.0,1.0,0.0025,1,250,1.0,5000.0,1,360.1181940000097,1,0
2025-03-05_unkNa2-L5_LP-2.5pF-noR-config_2daydeg_5k-1Hz_250p-1s_0offset_2.4Vpk.txt,2025-03-05,unkNa2,L5,LP-2.5pF-noR,2,5k-1Hz,250p-1s,0.0,2.4,0.0025,1,250,1.0,5000.0,1,359.3783890000195,1,0
2025-03-05_unkNa2-L5_LP-2.5pF-noR-config_2daydeg_5k-1Hz_250p-1s_0offset_2Vpk.txt,2025-03-05,unkNa2,L5,LP-2.5pF-noR,2,5k-1Hz,250p-1s,0.0,2.0,0.0025,1,250,1.0,5000.0,1,359.0487350000185,1,0
2025-03-05_unkNa2-R5_LP-2.5pF-noR-config_2daydeg_500-1Hz_250p-1s_0offset_0.5Vpk.txt,2025-03-05,unkNa2,R5,LP-2.5pF-noR,2,500-1Hz,250p-1s,0.0,0.5,0.0025,1,250,1.0,500.0,1,358.86559800000396,0,0
2025-03-05_unkNa2-R5_LP-2.5pF-noR-config_2daydeg_500-1Hz_250p-1s_0offset_1.5Vpk.txt,2025-03-05,unkNa2,R5,LP-2.5pF-noR,2,500-1Hz,250p-1s,0.0,1.5,0.0025,1,250,1.0,500.0,1,359.28796799998963,0,0
2025-03-05_unkNa2-R5_LP-2.5pF-noR-config_2daydeg_500-1Hz_250p-1s_0offset_1Vpk.txt,2025-03-05,unkNa2,R5,LP-2.5pF-noR,2,500-1Hz,250p-1s,0.0,1.0,0.0025,1,250,1.0,500.0,1,359.1048180000216,0,0
2025-03-05_unkNa2-R5_LP-2.5pF-noR-config_2daydeg_500-1Hz_250p-1s_0offset_2.4Vpk.txt,2025-03-05,unkNa2,R5,LP-2.5pF-noR,2,500-1Hz,250p-1s,0.0,2.4,0.0025,1,250,1.0,500.0,1,359.6207449999929,0,0
2025-03-05_unkNa2-R5_LP-2.5pF-noR-config_2daydeg_500-1Hz_250p-1s_0offset_2Vpk.txt,2025-03-05,unkNa2,R5,LP-2.5pF-noR,2,500-1Hz,250p-1s,0.0,2.0,0.0025,1,250,1.0,500.0,1,359.3628069999977,0,0
2025-03-05_unkNa2-R5_LP-2.5pF-noR-config_2daydeg_5k-1Hz_250p-1s_0offset_0.5Vpk.txt,2025-03-05,unkNa2,R5,LP-2.5pF-noR,2,5k-1Hz,250p-1s,0.0,0.5,0.0025,1,250,1.0,5000.0,1,359.8621529999946,1,0
2025-03-05_unkNa2-R5_LP-2.5pF-noR-config_2daydeg_5k-1Hz_250p-1s_0offset_1.5Vpk.txt,2025-03-05,unkNa2,R5,LP-2.5pF-noR,2,5k-1Hz,250p-1s,0.0,1.5,0.0025,1,250,1.0,5000.0,1,359.4357710000186,1,0
2025-03-05_unkNa2-R5_LP-2.5pF-noR-config_2daydeg_5k-1Hz_250p-1s_0offset_1Vpk.txt,2025-03-05,unkNa2,R5,LP-2.5pF-noR,2,5k-1Hz,250p-1s,0.0,1.0,0.0025,1,250,1.0,5000.0,1,359.81555699999444,0,0
2025-03-05_unkNa2-R5_LP-2.5pF-noR-config_2daydeg_5k-1Hz_250p-1s_0offset_2.4Vpk.txt,2025-03-05,unkNa2,R5,LP-2.5pF-noR,2,5k-1Hz,250p-1s,0.0,2.4,0.0025,1,250,1.0,5000.0,1,359.8980760000122,0,0
2025-03-05_unkNa2-R5_LP-2.5pF-noR-config_2daydeg_5k-1Hz_250p-1s_0offset_2Vpk.txt,2025-03-05,unkNa2,R5,LP-2.5pF-noR,2,5k-1Hz,250p-1s,0.0,2.0,0.0025,1,250,1.0,5000.0,1,359.2481670000125,1,0
2025-03-05_unkNa2-R6_LP-2.5pF-noR-config_2daydeg_500-1Hz_250p-1s_0offset_0.5Vpk.txt,2025-03-05,unkNa2,R6,LP-2.5pF-noR,2,500-1Hz,250p-1s,0.0,0.5,0.0025,1,250,1.0,500.0,1,359.73497800002224,0,0
2025-03-05_unkNa2-R6_LP-2.5pF-noR-config_2daydeg_500-1Hz_250p-1s_0offset_1.5Vpk.txt,2025-03-05,unkNa2,R6,LP-2.5pF-noR,2,500-1Hz,250p-1s,0.0,1.5,0.0025,1,250,1.0,500.0,1,359.8481659999816,0,0
2025-03-05_unkNa2-R6_LP-2.5pF-noR-config_2daydeg_500-1Hz_250p-1s_0offset_1Vpk.txt,2025-03-05,unkNa2,R6,LP-2.5pF-noR,2,500-1Hz,250p-1s,0.0,1.0,0.0025,1,250,1.0,500.0,1,359.6771090000111,0,0
2025-03-05_unkNa2-R6_LP-2.5pF-noR-config_2daydeg_500-1Hz_250p-1s_0offset_2.4Vpk.txt,2025-03-05,unkNa2,R6,LP-2.5pF-noR,2,500-1Hz,250p-1s,0.0,2.4,0.0025,1,250,1.0,500.0,1,359.6419680000108,0,0
2025-03-05_unkNa2-R6_LP-2.5pF-noR-config_2daydeg_500-1Hz_250p-1s_0offset_2Vpk.txt,2025-03-05,unkNa2,R6,LP-2.5pF-noR,2,500-1Hz,250p-1s,0.0,2.0,0.0025,1,250,1.0,500.0,1,358.9396270000143,0,0
2025-03-05_unkNa2-R6_LP-2.5pF-noR-config_2daydeg_5k-1Hz_250p-1s_0offset_0.5Vpk.txt,2025-03-05,unkNa2,R6,LP-2.5pF-noR,2,5k-1Hz,250p-1s,0.0,0.5,0.0025,1,250,1.0,5000.0,1,359.1399929999898,0,0
2025-03-05_unkNa2-R6_LP-2.5pF-noR-config_2daydeg_5k-1Hz_250p-1s_0offset_1.5Vpk.txt,2025-03-05,unkNa2,R6,LP-2.5pF-noR,2,5k-1Hz,250p-1s,0.0,1.5,0.0025,1,250,1.0,5000.0,1,359.4467949999962,1,0
2025-03-05_unkNa2-R6_LP-2.5pF-noR-config_2daydeg_5k-1Hz_250p-1s_0offset_1Vpk.txt,2025-03-05,unkNa2,R6,LP-2.5pF-noR,2,5k-1Hz,250p-1s,0.0,1.0,0.0025,1,250,1.0,5000.0,1,359.18454700001166,1,0
2025-03-05_unkNa2-R6_LP-2.5pF-noR-config_2daydeg_5k-1Hz_250p-1s_0offset_2.4Vpk.txt,2025-03-05,unkNa2,R6,LP-2.5pF-noR,2,5k-1Hz,250p-1s,0.0,2.4,0.0025,1,250,1.0,5000.0,1,359.95880500000203,1,0
2025-03-05_unkNa2-R6_LP-2.5pF-noR-config_2daydeg_5k-1Hz_250p-1s_0offset_2Vpk.txt,2025-03-05,unkNa2,R6,LP-2.5pF-noR,2,5k-1Hz,250p-1s,0.0,2.0,0.0025,1,250,1.0,5000.0,1,360.26483599998755,0,0
2025-03-06_unkK2-L5_LP-0.286nF-noR-config_3daydeg_500k-5kHz_100p-1s_0offset_0.5Vpk.txt,2025-03-06,unkK2,L5,LP-0.286nF-noR,3,500k-5kHz,100p-1s,0.0,0.5,0.286,1,100,5000.0,500000.0,1,142.69815999999992,1,0
2025-03-06_unkK2-L5_LP-0.5nF-noR-config_3daydeg_500k-5kHz_100p-1s_0offset_0.5Vpk.txt,2025-03-06,unkK2,L5,LP-0.5nF-noR,3,500k-5kHz,100p-1s,0.0,0.5,0.5,1,100,5000.0,500000.0,1,143.14770200001658,1,0
2025-03-06_unkK2-L5_LP-0.667nF-noR-config_3daydeg_500k-5kHz_100p-1s_0offset_0.5Vpk.txt,2025-03-06,unkK2,L5,LP-0.667nF-noR,3,500k-5kHz,100p-1s,0.0,0.5,0.667,1,100,5000.0,500000.0,1,143.37123600000632,1,0
2025-03-06_unkK2-L5_LP-1.3nF-noR-config_3daydeg_500k-5kHz_100p-1s_0offset_0.5Vpk.txt,2025-03-06,unkK2,L5,LP-1.3nF-noR,3,500k-5kHz,100p-1s,0.0,0.5,1.3,1,100,5000.0,500000.0,1,142.93856500001857,1,0
2025-03-06_unkK2-L5_LP-1.66nF-noR-config_3daydeg_500k-5kHz_100p-1s_0offset_0.5Vpk.txt,2025-03-06,unkK2,L5,LP-1.66nF-noR,3,500k-5kHz,100p-1s,0.0,0.5,1.66,1,100,5000.0,500000.0,1,142.73562299998594,1,0
2025-03-06_unkK2-L5_LP-1nF-noR-config_3daydeg_500k-5kHz_100p-1s_0offset_0.5Vpk.txt,2025-03-06,unkK2,L5,LP-1nF-noR,3,500k-5kHz,100p-1s,0.0,0.5,1.0,1,100,5000.0,500000.0,1,142.87387899999158,1,0
2025-03-06_unkK2-L5_LP-2.5pF-noR-config_3daydeg_500k-1kHz_500p-1s_0offset_0.5Vpk.txt,2025-03-06,unkK2,L5,LP-2.5pF-noR,3,500k-1kHz,500p-1s,0.0,0.5,0.0025,1,500,1000.0,500000.0,1,719.1624810000067,1,0
2025-03-06_unkK2-L5_LP-2.5pF-noR-config_3daydeg_500k-5kHz_100p-1s_0offset_0.5Vpk.txt,2025-03-06,unkK2,L5,LP-2.5pF-noR,3,500k-5kHz,100p-1s,0.0,0.5,0.0025,1,100,5000.0,500000.0,1,142.57251800000085,1,0
2025-03-06_unkK2-L5_LP-2nF-noR-config_3daydeg_500k-5kHz_100p-1s_0offset_0.5Vpk.txt,2025-03-06,unkK2,L5,LP-2nF-noR,3,500k-5kHz,100p-1s,0.0,0.5,2.0,1,100,5000.0,500000.0,1,143.10836999997264,1,0
2025-03-06_unkK2-L5_LP-2nF-noR-config_3daydeg_500k-5kHz_100p-1s_0offset_1Vpk.txt,2025-03-06,unkK2,L5,LP-2nF-noR,3,500k-5kHz,100p-1s,0.0,1.0,2.0,1,100,5000.0,500000.0,1,142.79228499997407,1,0
2025-03-06_unkK2-L5_LP-2nF-noR-config_3daydeg_5k-100Hz_99p-1s_0offset_0.5Vpk.txt,2025-03-06,unkK2,L5,LP-2nF-noR,3,5k-100Hz,99p-1s,0.0,0.5,2.0,1,99,100.0,5000.0,1,141.92246499998146,1,0
2025-03-06_unkK2-L5_LP-2nF-noR-config_3daydeg_5k-500Hz_91p-1s_0offset_0.5Vpk.txt,2025-03-06,unkK2,L5,LP-2nF-noR,3,5k-500Hz,91p-1s,0.0,0.5,2.0,1,91,500.0,5000.0,1,129.37230399998953,1,0
2025-03-06_unkK2-L5_LP-4nF-noR-config_3daydeg_200-1Hz_200p-1s_0offset_0.5Vpk.txt,2025-03-06,unkK2,L5,LP-4nF-noR,3,200-1Hz,200p-1s,0.0,0.5,4.0,1,200,1.0,200.0,1,287.0928219999769,0,0
2025-03-06_unkK2-L5_LP-4nF-noR-config_3daydeg_200-1Hz_200p-1s_0offset_1.5Vpk.txt,2025-03-06,unkK2,L5,LP-4nF-noR,3,200-1Hz,200p-1s,0.0,1.5,4.0,1,200,1.0,200.0,1,287.4469880000106,0,0
2025-03-06_unkK2-L5_LP-4nF-noR-config_3daydeg_200-1Hz_200p-1s_0offset_1Vpk.txt,2025-03-06,unkK2,L5,LP-4nF-noR,3,200-1Hz,200p-1s,0.0,1.0,4.0,1,200,1.0,200.0,1,287.5761920000077,0,0
2025-03-06_unkK2-L5_LP-4nF-noR-config_3daydeg_200-1Hz_200p-1s_0offset_2.4Vpk.txt,2025-03-06,unkK2,L5,LP-4nF-noR,3,200-1Hz,200p-1s,0.0,2.4,4.0,1,200,1.0,200.0,1,287.0482179999817,0,0
2025-03-06_unkK2-L5_LP-4nF-noR-config_3daydeg_200-1Hz_200p-1s_0offset_2Vpk.txt,2025-03-06,unkK2,L5,LP-4nF-noR,3,200-1Hz,200p-1s,0.0,2.0,4.0,1,200,1.0,200.0,1,287.1363779999956,0,0
2025-03-06_unkK2-L5_LP-4nF-noR-config_3daydeg_500k-1Hz_400p-1s_0offset_0.5Vpk.txt,2025-03-06,unkK2,L5,LP-4nF-noR,3,500k-1Hz,400p-1s,0.0,0.5,4.0,1,395,1.0,500000.0,0,-13959.538348000002,0,0
2025-03-06_unkK2-L5_LP-4nF-noR-config_3daydeg_500k-1Hz_400p-1s_0offset_1.5Vpk.txt,2025-03-06,unkK2,L5,LP-4nF-noR,3,500k-1Hz,400p-1s,0.0,1.5,4.0,1,395,1.0,500000.0,0,-10201.278863000014,0,0
2025-03-06_unkK2-L5_LP-4nF-noR-config_3daydeg_500k-1Hz_400p-1s_0offset_1Vpk.txt,2025-03-06,unkK2,L5,LP-4nF-noR,3,500k-1Hz,400p-1s,0.0,1.0,4.0,1,395,1.0,500000.0,0,-9830.117326999985,0,0
2025-03-06_unkK2-L5_LP-4nF-noR-config_3daydeg_500k-1Hz_400p-1s_0offset_2.4Vpk.txt,2025-03-06,unkK2,L5,LP-4nF-noR,3,500k-1Hz,400p-1s,0.0,2.4,4.0,1,395,1.0,500000.0,0,-7623.183750999975,0,0
2025-03-06_unkK2-L5_LP-4nF-noR-config_3daydeg_500k-1Hz_400p-1s_0offset_2Vpk.txt,2025-03-06,unkK2,L5,LP-4nF-noR,3,500k-1Hz,400p-1s,0.0,2.0,4.0,1,395,1.0,500000.0,0,-7164.454426000011,0,0
2025-03-06_unkK2-L5_LP-4nF-noR-config_3daydeg_500k-5kHz_100p-1s_0offset_0.5Vpk.txt,2025-03-06,unkK2,L5,LP-4nF-noR,3,500k-5kHz,100p-1s,0.0,0.5,4.0,1,100,5000.0,500000.0,1,143.00587900000392,1,0
2025-03-06_unkK2-L5_LP-4nF-noR-config_3daydeg_500k-5kHz_100p-1s_0offset_1.5Vpk.txt,2025-03-06,unkK2,L5,LP-4nF-noR,3,500k-5kHz,100p-1s,0.0,1.5,4.0,1,100,5000.0,500000.0,1,143.28383500000928,1,0
2025-03-06_unkK2-L5_LP-4nF-noR-config_3daydeg_500k-5kHz_100p-1s_0offset_1Vpk.txt,2025-03-06,unkK2,L5,LP-4nF-noR,3,500k-5kHz,100p-1s,0.0,1.0,4.0,1,100,5000.0,500000.0,1,142.99930899997707,1,0
2025-03-06_unkK2-L5_LP-4nF-noR-config_3daydeg_500k-5kHz_100p-1s_0offset_2.4Vpk.txt,2025-03-06,unkK2,L5,LP-4nF-noR,3,500k-5kHz,100p-1s,0.0,2.4,4.0,1,100,5000.0,500000.0,1,143.1903980000061,1,0
2025-03-06_unkK2-L5_LP-4nF-noR-config_3daydeg_500k-5kHz_100p-1s_0offset_2Vpk.txt,2025-03-06,unkK2,L5,LP-4nF-noR,3,500k-5kHz,100p-1s,0.0,2.0,4.0,1,100,5000.0,500000.0,1,142.9167820000148,1,0
2025-03-06_unkK2-L5_LP-4nF-noR-config_3daydeg_5k-200Hz_97p-1s_0offset_0.5Vpk.txt,2025-03-06,unkK2,L5,LP-4nF-noR,3,5k-200Hz,97p-1s,0.0,0.5,4.0,1,97,200.0,5000.0,1,138.5075910000014,1,0
2025-03-06_unkK2-L5_LP-4nF-noR-config_3daydeg_5k-200Hz_97p-1s_0offset_1.5Vpk.txt,2025-03-06,unkK2,L5,LP-4nF-noR,3,5k-200Hz,97p-1s,0.0,1.5,4.0,1,97,200.0,5000.0,1,138.7547510000004,1,0
2025-03-06_unkK2-L5_LP-4nF-noR-config_3daydeg_5k-200Hz_97p-1s_0offset_1Vpk.txt,2025-03-06,unkK2,L5,LP-4nF-noR,3,5k-200Hz,97p-1s,0.0,1.0,4.0,1,97,200.0,5000.0,1,138.51261299999896,1,0
2025-03-06_unkK2-L5_LP-4nF-noR-config_3daydeg_5k-200Hz_97p-1s_0offset_2.4Vpk.txt,2025-03-06,unkK2,L5,LP-4nF-noR,3,5k-200Hz,97p-1s,0.0,2.4,4.0,1,97,200.0,5000.0,1,138.8570850000251,1,0
2025-03-06_unkK2-L5_LP-4nF-noR-config_3daydeg_5k-200Hz_97p-1s_0offset_2Vpk.txt,2025-03-06,unkK2,L5,LP-4nF-noR,3,5k-200Hz,97p-1s,0.0,2.0,4.0,1,97,200.0,5000.0,1,138.59697199999937,1,0
2025-03-06_unkK2-R5_LP-1.3nF-noR-config_3daydeg_500k-5kHz_100p-1s_0offset_0.5Vpk.txt,2025-03-06,unkK2,R5,LP-1.3nF-noR,3,500k-5kHz,100p-1s,0.0,0.5,1.3,1,100,5000.0,500000.0,1,143.14900699999998,1,0
2025-03-06_unkK2-R5_LP-2.5pF-noR-config_3daydeg_500k-1kHz_500p-1s_0offset_0.5Vpk.txt,2025-03-06,unkK2,R5,LP-2.5pF-noR,3,500k-1kHz,500p-1s,0.0,0.5,0.0025,1,500,1000.0,500000.0,1,719.8068669999775,1,0
2025-03-06_unkK2-R5_LP-2.5pF-noR-config_3daydeg_500k-5kHz_100p-1s_0offset_0.5Vpk.txt,2025-03-06,unkK2,R5,LP-2.5pF-noR,3,500k-5kHz,100p-1s,0.0,0.5,0.0025,1,100,5000.0,500000.0,1,143.152728999994,1,0
2025-03-06_unkK2-R5_LP-2nF-noR-config_3daydeg_500k-5kHz_100p-1s_0offset_0.5Vpk.txt,2025-03-06,unkK2,R5,LP-2nF-noR,3,500k-5kHz,100p-1s,0.0,0.5,2.0,1,100,5000.0,500000.0,1,143.10804600000847,1,0
2025-03-06_unkK2-R5_LP-2nF-noR-config_3daydeg_5k-500Hz_91p-1s_0offset_0.5Vpk.txt,2025-03-06,unkK2,R5,LP-2nF-noR,3,5k-500Hz,91p-1s,0.0,0.5,2.0,1,91,500.0,5000.0,1,129.8864220000105,1,0
2025-03-06_unkK2-R5_LP-4nF-noR-config_3daydeg_200-1Hz_200p-1s_0offset_0.5Vpk.txt,2025-03-06,unkK2,R5,LP-4nF-noR,3,200-1Hz,200p-1s,0.0,0.5,4.0,1,200,1.0,200.0,1,287.17231600001105,0,0
2025-03-06_unkK2-R5_LP-4nF-noR-config_3daydeg_200-1Hz_200p-1s_0offset_1.5Vpk.txt,2025-03-06,unkK2,R5,LP-4nF-noR,3,200-1Hz,200p-1s,0.0,1.5,4.0,1,200,1.0,200.0,1,287.3607110000157,0,0
2025-03-06_unkK2-R5_LP-4nF-noR-config_3daydeg_200-1Hz_200p-1s_0offset_1Vpk.txt,2025-03-06,unkK2,R5,LP-4nF-noR,3,200-1Hz,200p-1s,0.0,1.0,4.0,1,200,1.0,200.0,1,287.65252499998314,0,0
2025-03-06_unkK2-R5_LP-4nF-noR-config_3daydeg_200-1Hz_200p-1s_0offset_2.4Vpk.txt,2025-03-06,unkK2,R5,LP-4nF-noR,3,200-1Hz,200p-1s,0.0,2.4,4.0,1,200,1.0,200.0,1,287.24731299997075,0,0
2025-03-06_unkK2-R5_LP-4nF-noR-config_3daydeg_200-1Hz_200p-1s_0offset_2Vpk.txt,2025-03-06,unkK2,R5,LP-4nF-noR,3,200-1Hz,200p-1s,0.0,2.0,4.0,1,200,1.0,200.0,1,287.60012700001244,0,0
2025-03-06_unkK2-R5_LP-4nF-noR-config_3daydeg_500k-1Hz_400p-1s_0offset_0.5Vpk.txt,2025-03-06,unkK2,R5,LP-4nF-noR,3,500k-1Hz,400p-1s,0.0,0.5,4.0,1,395,1.0,500000.0,0,-9699.510529000021,0,0
2025-03-06_unkK2-R5_LP-4nF-noR-config_3daydeg_500k-1Hz_400p-1s_0offset_1.5Vpk.txt,2025-03-06,unkK2,R5,LP-4nF-noR,3,500k-1Hz,400p-1s,0.0,1.5,4.0,1,395,1.0,500000.0,0,-10346.456861000013,0,0
2025-03-06_unkK2-R5_LP-4nF-noR-config_3daydeg_500k-1Hz_400p-1s_0offset_1Vpk.txt,2025-03-06,unkK2,R5,LP-4nF-noR,3,500k-1Hz,400p-1s,0.0,1.0,4.0,1,395,1.0,500000.0,0,-9976.144265999988,0,0
2025-03-06_unkK2-R5_LP-4nF-noR-config_3daydeg_500k-1Hz_400p-1s_0offset_2.4Vpk.txt,2025-03-06,unkK2,R5,LP-4nF-noR,3,500k-1Hz,400p-1s,0.0,2.4,4.0,1,395,1.0,500000.0,0,-7809.606579999963,0,0
2025-03-06_unkK2-R5_LP-4nF-noR-config_3daydeg_500k-1Hz_400p-1s_0offset_2Vpk.txt,2025-03-06,unkK2,R5,LP-4nF-noR,3,500k-1Hz,400p-1s,0.0,2.0,4.0,1,395,1.0,500000.0,0,-7284.322399000026,0,0
2025-03-06_unkK2-R5_LP-4nF-noR-config_3daydeg_500k-5kHz_100p-1s_0offset_0.5Vpk.txt,2025-03-06,unkK2,R5,LP-4nF-noR,3,500k-5kHz,100p-1s,0.0,0.5,4.0,1,100,5000.0,500000.0,1,143.38757600000827,1,0
2025-03-06_unkK2-R5_LP-4nF-noR-config_3daydeg_500k-5kHz_100p-1s_0offset_1.5Vpk.txt,2025-03-06,unkK2,R5,LP-4nF-noR,3,500k-5kHz,100p-1s,0.0,1.5,4.0,1,100,5000.0,500000.0,1,143.06493600000977,1,0
2025-03-06_unkK2-R5_LP-4nF-noR-config_3daydeg_500k-5kHz_100p-1s_0offset_1Vpk.txt,2025-03-06,unkK2,R5,LP-4nF-noR,3,500k-5kHz,100p-1s,0.0,1.0,4.0,1,100,5000.0,500000.0,1,143.05370700001367,1,0
2025-03-06_unkK2-R5_LP-4nF-noR-config_3daydeg_500k-5kHz_100p-1s_0offset_2.4Vpk.txt,2025-03-06,unkK2,R5,LP-4nF-noR,3,500k-5kHz,100p-1s,0.0,2.4,4.0,1,100,5000.0,500000.0,1,143.04288299998734,1,0
2025-03-06_unkK2-R5_LP-4nF-noR-config_3daydeg_500k-5kHz_100p-1s_0offset_2Vpk.txt,2025-03-06,unkK2,R5,LP-4nF-noR,3,500k-5kHz,100p-1s,0.0,2.0,4.0,1,100,5000.0,500000.0,1,143.2349820000236,1,0
2025-03-06_unkK2-R5_LP-4nF-noR-config_3daydeg_5k-200Hz_97p-1s_0offset_0.5Vpk.txt,2025-03-06,unkK2,R5,LP-4nF-noR,3,5k-200Hz,97p-1s,0.0,0.5,4.0,1,97,200.0,5000.0,1,138.88957599998685,1,0
2025-03-06_unkK2-R5_LP-4nF-noR-config_3daydeg_5k-200Hz_97p-1s_0offset_1.5Vpk.txt,2025-03-06,unkK2,R5,LP-4nF-noR,3,5k-200Hz,97p-1s,0.0,1.5,4.0,1,97,200.0,5000.0,1,138.71404500000062,1,0
2025-03-06_unkK2-R5_LP-4nF-noR-config_3daydeg_5k-200Hz_97p-1s_0offset_1Vpk.txt,2025-03-06,unkK2,R5,LP-4nF-noR,3,5k-200Hz,97p-1s,0.0,1.0,4.0,1,97,200.0,5000.0,1,138.6524180000124,1,0
2025-03-06_unkK2-R5_LP-4nF-noR-config_3daydeg_5k-200Hz_97p-1s_0offset_2.4Vpk.txt,2025-03-06,unkK2,R5,LP-4nF-noR,3,5k-200Hz,97p-1s,0.0,2.4,4.0,1,97,200.0,5000.0,1,138.50062499998603,1,0
2025-03-06_unkK2-R5_LP-4nF-noR-config_3daydeg_5k-200Hz_97p-1s_0offset_2Vpk.txt,2025-03-06,unkK2,R5,LP-4nF-noR,3,5k-200Hz,97p-1s,0.0,2.0,4.0,1,97,200.0,5000.0,1,138.91138899998623,1,0
2025-03-06_unkK2-R6_LP-1.3nF-noR-config_3daydeg_500k-5kHz_100p-1s_0offset_0.5Vpk.txt,2025-03-06,unkK2,R6,LP-1.3nF-noR,3,500k-5kHz,100p-1s,0.0,0.5,1.3,1,100,5000.0,500000.0,1,143.40748500000336,1,0
2025-03-06_unkK2-R6_LP-2nF-noR-config_3daydeg_500k-5kHz_100p-1s_0offset_0.5Vpk.txt,2025-03-06,unkK2,R6,LP-2nF-noR,3,500k-5kHz,100p-1s,0.0,0.5,2.0,1,100,5000.0,500000.0,1,142.71933900000295,1,0
2025-03-06_unkK2-R6_LP-4nF-noR-config_3daydeg_200-1Hz_200p-1s_0offset_0.5Vpk.txt,2025-03-06,unkK2,R6,LP-4nF-noR,3,200-1Hz,200p-1s,0.0,0.5,4.0,1,200,1.0,200.0,1,286.9529320000147,0,0
2025-03-06_unkK2-R6_LP-4nF-noR-config_3daydeg_200-1Hz_200p-1s_0offset_1.5Vpk.txt,2025-03-06,unkK2,R6,LP-4nF-noR,3,200-1Hz,200p-1s,0.0,1.5,4.0,1,200,1.0,200.0,1,287.2965249999834,0,0
2025-03-06_unkK2-R6_LP-4nF-noR-config_3daydeg_200-1Hz_200p-1s_0offset_1Vpk.txt,2025-03-06,unkK2,R6,LP-4nF-noR,3,200-1Hz,200p-1s,0.0,1.0,4.0,1,200,1.0,200.0,1,287.23852899999474,0,0
2025-03-06_unkK2-R6_LP-4nF-noR-config_3daydeg_200-1Hz_200p-1s_0offset_2.4Vpk.txt,2025-03-06,unkK2,R6,LP-4nF-noR,3,200-1Hz,200p-1s,0.0,2.4,4.0,1,200,1.0,200.0,1,287.2001960000489,0,0
2025-03-06_unkK2-R6_LP-4nF-noR-config_3daydeg_200-1Hz_200p-1s_0offset_2Vpk.txt,2025-03-06,unkK2,R6,LP-4nF-noR,3,200-1Hz,200p-1s,0.0,2.0,4.0,1,200,1.0,200.0,1,288.0131209999672,0,0
2025-03-06_unkK2-R6_LP-4nF-noR-config_3daydeg_500k-1Hz_400p-1s_0offset_0.5Vpk.txt,2025-03-06,unkK2,R6,LP-4nF-noR,3,500k-1Hz,400p-1s,0.0,0.5,4.0,1,395,1.0,500000.0,0,-9747.38788200001,0,0
2025-03-06_unkK2-R6_LP-4nF-noR-config_3daydeg_500k-1Hz_400p-1s_0offset_1.5Vpk.txt,2025-03-06,unkK2,R6,LP-4nF-noR,3,500k-1Hz,400p-1s,0.0,1.5,4.0,1,395,1.0,500000.0,0,-10484.716790000006,0,0
2025-03-06_unkK2-R6_LP-4nF-noR-config_3daydeg_500k-1Hz_400p-1s_0offset_1Vpk.txt,2025-03-06,unkK2,R6,LP-4nF-noR,3,500k-1Hz,400p-1s,0.0,1.0,4.0,1,395,1.0,500000.0,0,-10119.947849000018,0,0
2025-03-06_unkK2-R6_LP-4nF-noR-config_3daydeg_500k-1Hz_400p-1s_0offset_2.4Vpk.txt,2025-03-06,unkK2,R6,LP-4nF-noR,3,500k-1Hz,400p-1s,0.0,2.4,4.0,1,395,1.0,500000.0,0,-7977.6327920000185,0,0
2025-03-06_unkK2-R6_LP-4nF-noR-config_3daydeg_500k-1Hz_400p-1s_0offset_2Vpk.txt,2025-03-06,unkK2,R6,LP-4nF-noR,3,500k-1Hz,400p-1s,0.0,2.0,4.0,1,395,1.0,500000.0,0,-7480.140950000001,0,0
2025-03-06_unkK2-R6_LP-4nF-noR-config_3daydeg_500k-5kHz_100p-1s_0offset_0.5Vpk.txt,2025-03-06,unkK2,R6,LP-4nF-noR,3,500k-5kHz,100p-1s,0.0,0.5,4.0,1,100,5000.0,500000.0,1,142.78327700000955,1,0
2025-03-06_unkK2-R6_LP-4nF-noR-config_3daydeg_500k-5kHz_100p-1s_0offset_1.5Vpk.txt,2025-03-06,unkK2,R6,LP-4nF-noR,3,500k-5kHz,100p-1s,0.0,1.5,4.0,1,100,5000.0,500000.0,1,142.92108300002292,1,0
2025-03-06_unkK2-R6_LP-4nF-noR-config_3daydeg_500k-5kHz_100p-1s_0offset_1Vpk.txt,2025-03-06,unkK2,R6,LP-4nF-noR,3,500k-5kHz,100p-1s,0.0,1.0,4.0,1,100,5000.0,500000.0,1,142.68212300000596,1,0
2025-03-06_unkK2-R6_LP-4nF-noR-config_3daydeg_500k-5kHz_100p-1s_0offset_2.4Vpk.txt,2025-03-06,unkK2,R6,LP-4nF-noR,3,500k-5kHz,100p-1s,0.0,2.4,4.0,1,100,5000.0,500000.0,1,142.9558240000042,1,0
2025-03-06_unkK2-R6_LP-4nF-noR-config_3daydeg_500k-5kHz_100p-1s_0offset_2Vpk.txt,2025-03-06,unkK2,R6,LP-4nF-noR,3,500k-5kHz,100p-1s,0.0,2.0,4.0,1,100,5000.0,500000.0,1,142.86693899999955,1,0
2025-03-06_unkK2-R6_LP-4nF-noR-config_3daydeg_5k-200Hz_97p-1s_0offset_0.5Vpk.txt,2025-03-06,unkK2,R6,LP-4nF-noR,3,5k-200Hz,97p-1s,0.0,0.5,4.0,1,97,200.0,5000.0,1,139.14711299998453,1,0
2025-03-06_unkK2-R6_LP-4nF-noR-config_3daydeg_5k-200Hz_97p-1s_0offset_1.5Vpk.txt,2025-03-06,unkK2,R6,LP-4nF-noR,3,5k-200Hz,97p-1s,0.0,1.5,4.0,1,97,200.0,5000.0,1,138.5463409999793,1,0
2025-03-06_unkK2-R6_LP-4nF-noR-config_3daydeg_5k-200Hz_97p-1s_0offset_1Vpk.txt,2025-03-06,unkK2,R6,LP-4nF-noR,3,5k-200Hz,97p-1s,0.0,1.0,4.0,1,97,200.0,5000.0,1,138.3411250000063,1,0
2025-03-06_unkK2-R6_LP-4nF-noR-config_3daydeg_5k-200Hz_97p-1s_0offset_2.4Vpk.txt,2025-03-06,unkK2,R6,LP-4nF-noR,3,5k-200Hz,97p-1s,0.0,2.4,4.0,1,97,200.0,5000.0,1,138.82180800000788,1,0
2025-03-06_unkK2-R6_LP-4nF-noR-config_3daydeg_5k-200Hz_97p-1s_0offset_2Vpk.txt,2025-03-06,unkK2,R6,LP-4nF-noR,3,5k-200Hz,97p-1s,0.0,2.0,4.0,1,97,200.0,5000.0,1,138.5891549999942,1,0
2025-03-06_unkNa2-L6_LP-4nF-noR-config_3daydeg_500k-5kHz_100p-1s_0offset_0.5Vpk.txt,2025-03-06,unkNa2,L6,LP-4nF-noR,3,500k-5kHz,100p-1s,0.0,0.5,4.0,1,100,5000.0,500000.0,1,143.04623100004392,1,0
2025-03-06_unkNa2-L6_LP-4nF-noR-config_3daydeg_500k-5kHz_100p-1s_0offset_1.5Vpk.txt,2025-03-06,unkNa2,L6,LP-4nF-noR,3,500k-5kHz,100p-1s,0.0,1.5,4.0,1,100,5000.0,500000.0,1,143.16734499996528,1,0
2025-03-06_unkNa2-L6_LP-4nF-noR-config_3daydeg_500k-5kHz_100p-1s_0offset_1Vpk.txt,2025-03-06,unkNa2,L6,LP-4nF-noR,3,500k-5kHz,100p-1s,0.0,1.0,4.0,1,100,5000.0,500000.0,1,142.85048900003312,1,0
2025-03-06_unkNa2-L6_LP-4nF-noR-config_3daydeg_500k-5kHz_100p-1s_0offset_2.4Vpk.txt,2025-03-06,unkNa2,L6,LP-4nF-noR,3,500k-5kHz,100p-1s,0.0,2.4,4.0,1,100,5000.0,500000.0,1,143.0326880000066,1,0
2025-03-06_unkNa2-L6_LP-4nF-noR-config_3daydeg_500k-5kHz_100p-1s_0offset_2Vpk.txt,2025-03-06,unkNa2,L6,LP-4nF-noR,3,500k-5kHz,100p-1s,0.0,2.0,4.0,1,100,5000.0,500000.0,1,143.00120300002163,1,0
2025-03-06_unkNa2-L6_LP-4nF-noR-config_3daydeg_5k-200Hz_97p-1s_0offset_0.5Vpk.txt,2025-03-06,unkNa2,L6,LP-4nF-noR,3,5k-200Hz,97p-1s,0.0,0.5,4.0,1,97,200.0,5000.0,1,138.41497300000628,1,0
2025-03-06_unkNa2-L6_LP-4nF-noR-config_3daydeg_5k-200Hz_97p-1s_0offset_1.5Vpk.txt,2025-03-06,unkNa2,L6,LP-4nF-noR,3,5k-200Hz,97p-1s,0.0,1.5,4.0,1,97,200.0,5000.0,1,138.76473799999803,1,0
2025-03-06_unkNa2-L6_LP-4nF-noR-config_3daydeg_5k-200Hz_97p-1s_0offset_1Vpk.txt,2025-03-06,unkNa2,L6,LP-4nF-noR,3,5k-200Hz,97p-1s,0.0,1.0,4.0,1,97,200.0,5000.0,1,138.72825400001602,1,0
2025-03-06_unkNa2-L6_LP-4nF-noR-config_3daydeg_5k-200Hz_97p-1s_0offset_2.4Vpk.txt,2025-03-06,unkNa2,L6,LP-4nF-noR,3,5k-200Hz,97p-1s,0.0,2.4,4.0,1,97,200.0,5000.0,1,139.41847000003327,1,0
2025-03-06_unkNa2-L6_LP-4nF-noR-config_3daydeg_5k-200Hz_97p-1s_0offset_2Vpk.txt,2025-03-06,unkNa2,L6,LP-4nF-noR,3,5k-200Hz,97p-1s,0.0,2.0,4.0,1,97,200.0,5000.0,1,138.2934519999544,1,0
2025-03-06_unkNa2-R5_LP-4nF-noR-config_3daydeg_500k-5kHz_100p-1s_0offset_0.5Vpk.txt,2025-03-06,unkNa2,R5,LP-4nF-noR,3,500k-5kHz,100p-1s,0.0,0.5,4.0,1,100,5000.0,500000.0,1,142.7330410000286,1,0
2025-03-06_unkNa2-R5_LP-4nF-noR-config_3daydeg_500k-5kHz_100p-1s_0offset_1.5Vpk.txt,2025-03-06,unkNa2,R5,LP-4nF-noR,3,500k-5kHz,100p-1s,0.0,1.5,4.0,1,100,5000.0,500000.0,1,143.11565599997994,1,0
2025-03-06_unkNa2-R5_LP-4nF-noR-config_3daydeg_500k-5kHz_100p-1s_0offset_1Vpk.txt,2025-03-06,unkNa2,R5,LP-4nF-noR,3,500k-5kHz,100p-1s,0.0,1.0,4.0,1,100,5000.0,500000.0,1,142.54827800003113,1,0
2025-03-06_unkNa2-R5_LP-4nF-noR-config_3daydeg_500k-5kHz_100p-1s_0offset_2.4Vpk.txt,2025-03-06,unkNa2,R5,LP-4nF-noR,3,500k-5kHz,100p-1s,0.0,2.4,4.0,1,100,5000.0,500000.0,1,142.48276099999202,1,0
2025-03-06_unkNa2-R5_LP-4nF-noR-config_3daydeg_500k-5kHz_100p-1s_0offset_2Vpk.txt,2025-03-06,unkNa2,R5,LP-4nF-noR,3,500k-5kHz,100p-1s,0.0,2.0,4.0,1,100,5000.0,500000.0,1,142.94183999998495,1,0
2025-03-06_unkNa2-R5_LP-4nF-noR-config_3daydeg_5k-200Hz_97p-1s_0offset_0.5Vpk.txt,2025-03-06,unkNa2,R5,LP-4nF-noR,3,5k-200Hz,97p-1s,0.0,0.5,4.0,1,97,200.0,5000.0,1,138.43438900000183,1,0
2025-03-06_unkNa2-R5_LP-4nF-noR-config_3daydeg_5k-200Hz_97p-1s_0offset_1.5Vpk.txt,2025-03-06,unkNa2,R5,LP-4nF-noR,3,5k-200Hz,97p-1s,0.0,1.5,4.0,1,97,200.0,5000.0,1,138.47765399998752,1,0
2025-03-06_unkNa2-R5_LP-4nF-noR-config_3daydeg_5k-200Hz_97p-1s_0offset_1Vpk.txt,2025-03-06,unkNa2,R5,LP-4nF-noR,3,5k-200Hz,97p-1s,0.0,1.0,4.0,1,97,200.0,5000.0,1,138.3884539999999,1,0
2025-03-06_unkNa2-R5_LP-4nF-noR-config_3daydeg_5k-200Hz_97p-1s_0offset_2.4Vpk.txt,2025-03-06,unkNa2,R5,LP-4nF-noR,3,5k-200Hz,97p-1s,0.0,2.4,4.0,1,97,200.0,5000.0,1,138.78267599997343,1,0
2025-03-06_unkNa2-R5_LP-4nF-noR-config_3daydeg_5k-200Hz_97p-1s_0offset_2Vpk.txt,2025-03-06,unkNa2,R5,LP-4nF-noR,3,5k-200Hz,97p-1s,0.0,2.0,4.0,1,97,200.0,5000.0,1,138.831223999965,1,0
2025-03-06_unkNa2-R6_LP-4nF-noR-config_3daydeg_500k-5kHz_100p-1s_0offset_0.5Vpk.txt,2025-03-06,unkNa2,R6,LP-4nF-noR,3,500k-5kHz,100p-1s,0.0,0.5,4.0,1,100,5000.0,500000.0,1,143.073648999969,1,0
2025-03-06_unkNa2-R6_LP-4nF-noR-config_3daydeg_500k-5kHz_100p-1s_0offset_1.5Vpk.txt,2025-03-06,unkNa2,R6,LP-4nF-noR,3,500k-5kHz,100p-1s,0.0,1.5,4.0,1,100,5000.0,500000.0,1,143.14414200000465,1,0
2025-03-06_unkNa2-R6_LP-4nF-noR-config_3daydeg_500k-5kHz_100p-1s_0offset_1Vpk.txt,2025-03-06,unkNa2,R6,LP-4nF-noR,3,500k-5kHz,100p-1s,0.0,1.0,4.0,1,100,5000.0,500000.0,1,143.16074099997059,1,0
2025-03-06_unkNa2-R6_LP-4nF-noR-config_3daydeg_500k-5kHz_100p-1s_0offset_2.4Vpk.txt,2025-03-06,unkNa2,R6,LP-4nF-noR,3,500k-5kHz,100p-1s,0.0,2.4,4.0,1,100,5000.0,500000.0,1,143.2967049999861,1,0
2025-03-06_unkNa2-R6_LP-4nF-noR-config_3daydeg_500k-5kHz_100p-1s_0offset_2Vpk.txt,2025-03-06,unkNa2,R6,LP-4nF-noR,3,500k-5kHz,100p-1s,0.0,2.0,4.0,1,100,5000.0,500000.0,1,143.21556800004328,1,0
2025-03-06_unkNa2-R6_LP-4nF-noR-config_3daydeg_5k-200Hz_97p-1s_0offset_0.5Vpk.txt,2025-03-06,unkNa2,R6,LP-4nF-noR,3,5k-200Hz,97p-1s,0.0,0.5,4.0,1,97,200.0,5000.0,1,138.77414799999679,1,0
2025-03-06_unkNa2-R6_LP-4nF-noR-config_3daydeg_5k-200Hz_97p-1s_0offset_1.5Vpk.txt,2025-03-06,unkNa2,R6,LP-4nF-noR,3,5k-200Hz,97p-1s,0.0,1.5,4.0,1,97,200.0,5000.0,1,138.37230300001102,1,0
2025-03-06_unkNa2-R6_LP-4nF-noR-config_3daydeg_5k-200Hz_97p-1s_0offset_1Vpk.txt,2025-03-06,unkNa2,R6,LP-4nF-noR,3,5k-200Hz,97p-1s,0.0,1.0,4.0,1,97,200.0,5000.0,1,138.96662000002107,1,0
2025-03-06_unkNa2-R6_LP-4nF-noR-config_3daydeg_5k-200Hz_97p-1s_0offset_2.4Vpk.txt,2025-03-06,unkNa2,R6,LP-4nF-noR,3,5k-200Hz,97p-1s,0.0,2.4,4.0,1,97,200.0,5000.0,1,138.43163400003687,1,0
2025-03-06_unkNa2-R6_LP-4nF-noR-config_3daydeg_5k-200Hz_97p-1s_0offset_2Vpk.txt,2025-03-06,unkNa2,R6,LP-4nF-noR,3,5k-200Hz,97p-1s,0.0,2.0,4.0,1,97,200.0,5000.0,1,138.58362200000556,1,0
2025-03-07_unkK2-L5_LP-4nF-noR-config_4daydeg_200-1Hz_200p-1s_-1.4offset_1.4Vpk.txt,2025-03-07,unkK2,L5,LP-4nF-noR,4,200-1Hz,200p-1s,-1.4,1.4,4.0,1,200,1.0,200.0,1,286.8698610000429,0,0
2025-03-07_unkK2-L5_LP-4nF-noR-config_4daydeg_200-1Hz_200p-1s_1.4offset_1.4Vpk.txt,2025-03-07,unkK2,L5,LP-4nF-noR,4,200-1Hz,200p-1s,1.4,1.4,4.0,1,200,1.0,200.0,1,286.74972299998626,0,0
2025-03-07_unkK2-L5_LP-4nF-noR-config_4daydeg_500k-1Hz_400p-1s_-1.4offset_1.4Vpk.txt,2025-03-07,unkK2,L5,LP-4nF-noR,4,500k-1Hz,400p-1s,-1.4,1.4,4.0,1,395,1.0,500000.0,0,-3363.7132560000173,0,0
2025-03-07_unkK2-L5_LP-4nF-noR-config_4daydeg_500k-1Hz_400p-1s_1.4offset_1.4Vpk.txt,2025-03-07,unkK2,L5,LP-4nF-noR,4,500k-1Hz,400p-1s,1.4,1.4,4.0,1,395,1.0,500000.0,0,-1920.4578249999904,0,0
2025-03-07_unkK2-L5_LP-4nF-noR-config_4daydeg_500k-5kHz_100p-1s_-1.4offset_1.4Vpk.txt,2025-03-07,unkK2,L5,LP-4nF-noR,4,500k-5kHz,100p-1s,-1.4,1.4,4.0,1,100,5000.0,500000.0,1,143.07591000001412,1,0
2025-03-07_unkK2-L5_LP-4nF-noR-config_4daydeg_500k-5kHz_100p-1s_1.4offset_1.4Vpk.txt,2025-03-07,unkK2,L5,LP-4nF-noR,4,500k-5kHz,100p-1s,1.4,1.4,4.0,1,100,5000.0,500000.0,1,142.66337800002657,1,0
2025-03-07_unkK2-L5_LP-4nF-noR-config_4daydeg_5k-200Hz_97p-1s_-1.4offset_1.4Vpk.txt,2025-03-07,unkK2,L5,LP-4nF-noR,4,5k-200Hz,97p-1s,-1.4,1.4,4.0,1,97,200.0,5000.0,1,138.29593600000953,1,0
2025-03-07_unkK2-L5_LP-4nF-noR-config_4daydeg_5k-200Hz_97p-1s_1.4offset_1.4Vpk.txt,2025-03-07,unkK2,L5,LP-4nF-noR,4,5k-200Hz,97p-1s,1.4,1.4,4.0,1,97,200.0,5000.0,1,138.87031199998455,1,0
2025-03-07_unkK2-R5_LP-4nF-noR-config_4daydeg_200-1Hz_200p-1s_-1.4offset_1.4Vpk.txt,2025-03-07,unkK2,R5,LP-4nF-noR,4,200-1Hz,200p-1s,-1.4,1.4,4.0,1,200,1.0,200.0,1,287.7544469999848,0,0
2025-03-07_unkK2-R5_LP-4nF-noR-config_4daydeg_200-1Hz_200p-1s_1.4offset_1.4Vpk.txt,2025-03-07,unkK2,R5,LP-4nF-noR,4,200-1Hz,200p-1s,1.4,1.4,4.0,1,200,1.0,200.0,1,286.83623900002567,0,0
2025-03-07_unkK2-R5_LP-4nF-noR-config_4daydeg_500k-1Hz_400p-1s_-1.4offset_1.4Vpk.txt,2025-03-07,unkK2,R5,LP-4nF-noR,4,500k-1Hz,400p-1s,-1.4,1.4,4.0,1,395,1.0,500000.0,0,-3506.3581649999833,0,0
2025-03-07_unkK2-R5_LP-4nF-noR-config_4daydeg_500k-1Hz_400p-1s_1.4offset_1.4Vpk.txt,2025-03-07,unkK2,R5,LP-4nF-noR,4,500k-1Hz,400p-1s,1.4,1.4,4.0,1,395,1.0,500000.0,0,-2060.2360479999916,0,0
2025-03-07_unkK2-R5_LP-4nF-noR-config_4daydeg_500k-5kHz_100p-1s_-1.4offset_1.4Vpk.txt,2025-03-07,unkK2,R5,LP-4nF-noR,4,500k-5kHz,100p-1s,-1.4,1.4,4.0,1,100,5000.0,500000.0,1,142.9862430000212,1,0
2025-03-07_unkK2-R5_LP-4nF-noR-config_4daydeg_500k-5kHz_100p-1s_1.4offset_1.4Vpk.txt,2025-03-07,unkK2,R5,LP-4nF-noR,4,500k-5kHz,100p-1s,1.4,1.4,4.0,1,100,5000.0,500000.0,1,142.71715899999253,1,0
2025-03-07_unkK2-R5_LP-4nF-noR-config_4daydeg_5k-200Hz_97p-1s_-1.4offset_1.4Vpk.txt,2025-03-07,unkK2,R5,LP-4nF-noR,4,5k-200Hz,97p-1s,-1.4,1.4,4.0,1,97,200.0,5000.0,1,139.05236200004583,1,0
2025-03-07_unkK2-R5_LP-4nF-noR-config_4daydeg_5k-200Hz_97p-1s_1.4offset_1.4Vpk.txt,2025-03-07,unkK2,R5,LP-4nF-noR,4,5k-200Hz,97p-1s,1.4,1.4,4.0,1,97,200.0,5000.0,1,138.50338100001682,1,0
2025-03-07_unkK2-R6_LP-4nF-noR-config_4daydeg_200-1Hz_200p-1s_-1.4offset_1.4Vpk.txt,2025-03-07,unkK2,R6,LP-4nF-noR,4,200-1Hz,200p-1s,-1.4,1.4,4.0,1,200,1.0,200.0,1,287.30998000002,0,0
2025-03-07_unkK2-R6_LP-4nF-noR-config_4daydeg_200-1Hz_200p-1s_1.4offset_1.4Vpk.txt,2025-03-07,unkK2,R6,LP-4nF-noR,4,200-1Hz,200p-1s,1.4,1.4,4.0,1,200,1.0,200.0,1,287.2494130000123,0,0
2025-03-07_unkK2-R6_LP-4nF-noR-config_4daydeg_500k-1Hz_400p-1s_-1.4offset_1.4Vpk.txt,2025-03-07,unkK2,R6,LP-4nF-noR,4,500k-1Hz,400p-1s,-1.4,1.4,4.0,1,395,1.0,500000.0,0,-3650.634759000037,0,0
2025-03-07_unkK2-R6_LP-4nF-noR-config_4daydeg_500k-1Hz_400p-1s_1.4offset_1.4Vpk.txt,2025-03-07,unkK2,R6,LP-4nF-noR,4,500k-1Hz,400p-1s,1.4,1.4,4.0,1,395,1.0,500000.0,0,-2203.2243850000086,0,0
2025-03-07_unkK2-R6_LP-4nF-noR-config_4daydeg_500k-5kHz_100p-1s_-1.4offset_1.4Vpk.txt,2025-03-07,unkK2,R6,LP-4nF-noR,4,500k-5kHz,100p-1s,-1.4,1.4,4.0,1,100,5000.0,500000.0,1,142.9003930000472,1,0
2025-03-07_unkK2-R6_LP-4nF-noR-config_4daydeg_500k-5kHz_100p-1s_1.4offset_1.4Vpk.txt,2025-03-07,unkK2,R6,LP-4nF-noR,4,500k-5kHz,100p-1s,1.4,1.4,4.0,1,100,5000.0,500000.0,1,142.51639900001464,1,0
2025-03-07_unkK2-R6_LP-4nF-noR-config_4daydeg_5k-200Hz_97p-1s_-1.4offset_1.4Vpk.txt,2025-03-07,unkK2,R6,LP-4nF-noR,4,5k-200Hz,97p-1s,-1.4,1.4,4.0,1,97,200.0,5000.0,1,138.5970180000295,1,0
2025-03-07_unkK2-R6_LP-4nF-noR-config_4daydeg_5k-200Hz_97p-1s_1.4offset_1.4Vpk.txt,2025-03-07,unkK2,R6,LP-4nF-noR,4,5k-200Hz,97p-1s,1.4,1.4,4.0,1,97,200.0,5000.0,1,138.02264600002673,1,0
2025-03-07_unkLi2-R4_LP-4nF-noR-config_4daydeg_200-1Hz_200p-1s_-1.4offset_1.4Vpk.txt,2025-03-07,unkLi2,R4,LP-4nF-noR,4,200-1Hz,200p-1s,-1.4,1.4,4.0,1,200,1.0,200.0,1,287.09136800002307,0,0
2025-03-07_unkLi2-R4_LP-4nF-noR-config_4daydeg_200-1Hz_200p-1s_0offset_0.5Vpk.txt,2025-03-07,unkLi2,R4,LP-4nF-noR,4,200-1Hz,200p-1s,0.0,0.5,4.0,1,200,1.0,200.0,1,286.7492149999598,0,0
2025-03-07_unkLi2-R4_LP-4nF-noR-config_4daydeg_200-1Hz_200p-1s_0offset_1.5Vpk.txt,2025-03-07,unkLi2,R4,LP-4nF-noR,4,200-1Hz,200p-1s,0.0,1.5,4.0,1,200,1.0,200.0,1,286.84549400000833,0,0
2025-03-07_unkLi2-R4_LP-4nF-noR-config_4daydeg_200-1Hz_200p-1s_0offset_1Vpk.txt,2025-03-07,unkLi2,R4,LP-4nF-noR,4,200-1Hz,200p-1s,0.0,1.0,4.0,1,200,1.0,200.0,1,287.2685219999985,0,0
2025-03-07_unkLi2-R4_LP-4nF-noR-config_4daydeg_200-1Hz_200p-1s_0offset_2.4Vpk.txt,2025-03-07,unkLi2,R4,LP-4nF-noR,4,200-1Hz,200p-1s,0.0,2.4,4.0,1,200,1.0,200.0,1,287.8640379999997,0,0
2025-03-07_unkLi2-R4_LP-4nF-noR-config_4daydeg_200-1Hz_200p-1s_0offset_2Vpk.txt,2025-03-07,unkLi2,R4,LP-4nF-noR,4,200-1Hz,200p-1s,0.0,2.0,4.0,1,200,1.0,200.0,1,287.08913700003177,0,0
2025-03-07_unkLi2-R4_LP-4nF-noR-config_4daydeg_200-1Hz_200p-1s_1.4offset_1.4Vpk.txt,2025-03-07,unkLi2,R4,LP-4nF-noR,4,200-1Hz,200p-1s,1.4,1.4,4.0,1,200,1.0,200.0,1,287.47902599995723,0,0
2025-03-07_unkLi2-R4_LP-4nF-noR-config_4daydeg_500k-1Hz_400p-1s_-1.4offset_1.4Vpk.txt,2025-03-07,unkLi2,R4,LP-4nF-noR,4,500k-1Hz,400p-1s,-1.4,1.4,4.0,1,395,1.0,500000.0,0,-3134.044425000029,0,0
2025-03-07_unkLi2-R4_LP-4nF-noR-config_4daydeg_500k-1Hz_400p-1s_0offset_0.5Vpk.txt,2025-03-07,unkLi2,R4,LP-4nF-noR,4,500k-1Hz,400p-1s,0.0,0.5,4.0,1,395,1.0,500000.0,0,7776.419976000034,0,0
2025-03-07_unkLi2-R4_LP-4nF-noR-config_4daydeg_500k-1Hz_400p-1s_0offset_1.5Vpk.txt,2025-03-07,unkLi2,R4,LP-4nF-noR,4,500k-1Hz,400p-1s,0.0,1.5,4.0,1,395,1.0,500000.0,0,6486.9135689999675,0,0
2025-03-07_unkLi2-R4_LP-4nF-noR-config_4daydeg_500k-1Hz_400p-1s_0offset_1Vpk.txt,2025-03-07,unkLi2,R4,LP-4nF-noR,4,500k-1Hz,400p-1s,0.0,1.0,4.0,1,395,1.0,500000.0,0,7252.718113000039,0,0
2025-03-07_unkLi2-R4_LP-4nF-noR-config_4daydeg_500k-1Hz_400p-1s_0offset_2.4Vpk.txt,2025-03-07,unkLi2,R4,LP-4nF-noR,4,500k-1Hz,400p-1s,0.0,2.4,4.0,1,395,1.0,500000.0,0,5623.353981999971,0,0
2025-03-07_unkLi2-R4_LP-4nF-noR-config_4daydeg_500k-1Hz_400p-1s_0offset_2Vpk.txt,2025-03-07,unkLi2,R4,LP-4nF-noR,4,500k-1Hz,400p-1s,0.0,2.0,4.0,1,395,1.0,500000.0,0,6123.294197999989,0,0
2025-03-07_unkLi2-R4_LP-4nF-noR-config_4daydeg_500k-1Hz_400p-1s_1.4offset_1.4Vpk.txt,2025-03-07,unkLi2,R4,LP-4nF-noR,4,500k-1Hz,400p-1s,1.4,1.4,4.0,1,395,1.0,500000.0,0,-3123.062334999966,0,0
2025-03-07_unkLi2-R4_LP-4nF-noR-config_4daydeg_500k-5kHz_100p-1s_-1.4offset_1.4Vpk.txt,2025-03-07,unkLi2,R4,LP-4nF-noR,4,500k-5kHz,100p-1s,-1.4,1.4,4.0,1,100,5000.0,500000.0,1,143.01745300000766,1,0
2025-03-07_unkLi2-R4_LP-4nF-noR-config_4daydeg_500k-5kHz_100p-1s_0offset_0.5Vpk.txt,2025-03-07,unkLi2,R4,LP-4nF-noR,4,500k-5kHz,100p-1s,0.0,0.5,4.0,1,100,5000.0,500000.0,1,142.5757009999943,1,0
2025-03-07_unkLi2-R4_LP-4nF-noR-config_4daydeg_500k-5kHz_100p-1s_0offset_1.5Vpk.txt,2025-03-07,unkLi2,R4,LP-4nF-noR,4,500k-5kHz,100p-1s,0.0,1.5,4.0,1,100,5000.0,500000.0,1,142.8509100000374,1,0
2025-03-07_unkLi2-R4_LP-4nF-noR-config_4daydeg_500k-5kHz_100p-1s_0offset_1Vpk.txt,2025-03-07,unkLi2,R4,LP-4nF-noR,4,500k-5kHz,100p-1s,0.0,1.0,4.0,1,100,5000.0,500000.0,1,142.9387829999905,1,0
2025-03-07_unkLi2-R4_LP-4nF-noR-config_4daydeg_500k-5kHz_100p-1s_0offset_2.4Vpk.txt,2025-03-07,unkLi2,R4,LP-4nF-noR,4,500k-5kHz,100p-1s,0.0,2.4,4.0,1,100,5000.0,500000.0,1,142.7215069999802,1,0
2025-03-07_unkLi2-R4_LP-4nF-noR-config_4daydeg_500k-5kHz_100p-1s_0offset_2Vpk.txt,2025-03-07,unkLi2,R4,LP-4nF-noR,4,500k-5kHz,100p-1s,0.0,2.0,4.0,1,100,5000.0,500000.0,1,142.63701999996556,1,0
2025-03-07_unkLi2-R4_LP-4nF-noR-config_4daydeg_500k-5kHz_100p-1s_1.4offset_1.4Vpk.txt,2025-03-07,unkLi2,R4,LP-4nF-noR,4,500k-5kHz,100p-1s,1.4,1.4,4.0,1,100,5000.0,500000.0,1,143.0048179999576,1,0
2025-03-07_unkLi2-R4_LP-4nF-noR-config_4daydeg_5k-200Hz_97p-1s_-1.4offset_1.4Vpk.txt,2025-03-07,unkLi2,R4,LP-4nF-noR,4,5k-200Hz,97p-1s,-1.4,1.4,4.0,1,97,200.0,5000.0,1,138.386652999965,1,0
2025-03-07_unkLi2-R4_LP-4nF-noR-config_4daydeg_5k-200Hz_97p-1s_0offset_0.5Vpk.txt,2025-03-07,unkLi2,R4,LP-4nF-noR,4,5k-200Hz,97p-1s,0.0,0.5,4.0,1,97,200.0,5000.0,1,138.76104200002737,1,0
2025-03-07_unkLi2-R4_LP-4nF-noR-config_4daydeg_5k-200Hz_97p-1s_0offset_1.5Vpk.txt,2025-03-07,unkLi2,R4,LP-4nF-noR,4,5k-200Hz,97p-1s,0.0,1.5,4.0,1,97,200.0,5000.0,1,138.44355100003304,1,0
2025-03-07_unkLi2-R4_LP-4nF-noR-config_4daydeg_5k-200Hz_97p-1s_0offset_1Vpk.txt,2025-03-07,unkLi2,R4,LP-4nF-noR,4,5k-200Hz,97p-1s,0.0,1.0,4.0,1,97,200.0,5000.0,1,138.44027000002097,1,0
2025-03-07_unkLi2-R4_LP-4nF-noR-config_4daydeg_5k-200Hz_97p-1s_0offset_2.4Vpk.txt,2025-03-07,unkLi2,R4,LP-4nF-noR,4,5k-200Hz,97p-1s,0.0,2.4,4.0,1,97,200.0,5000.0,1,138.61055599997053,1,0
2025-03-07_unkLi2-R4_LP-4nF-noR-config_4daydeg_5k-200Hz_97p-1s_0offset_2Vpk.txt,2025-03-07,unkLi2,R4,LP-4nF-noR,4,5k-200Hz,97p-1s,0.0,2.0,4.0,1,97,200.0,5000.0,1,139.03127400000812,1,0
2025-03-07_unkLi2-R4_LP-4nF-noR-config_4daydeg_5k-200Hz_97p-1s_1.4offset_1.4Vpk.txt,2025-03-07,unkLi2,R4,LP-4nF-noR,4,5k-200Hz,97p-1s,1.4,1.4,4.0,1,97,200.0,5000.0,1,138.5450210000272,1,0
2025-03-07_unkLi2-R5_LP-4nF-noR-config_4daydeg_200-1Hz_200p-1s_-1.4offset_1.4Vpk.txt,2025-03-07,unkLi2,R5,LP-4nF-noR,4,200-1Hz,200p-1s,-1.4,1.4,4.0,1,200,1.0,200.0,1,286.85511600004975,0,0
2025-03-07_unkLi2-R5_LP-4nF-noR-config_4daydeg_200-1Hz_200p-1s_0offset_0.5Vpk.txt,2025-03-07,unkLi2,R5,LP-4nF-noR,4,200-1Hz,200p-1s,0.0,0.5,4.0,1,200,1.0,200.0,1,287.11354599997867,0,0
2025-03-07_unkLi2-R5_LP-4nF-noR-config_4daydeg_200-1Hz_200p-1s_0offset_1.5Vpk.txt,2025-03-07,unkLi2,R5,LP-4nF-noR,4,200-1Hz,200p-1s,0.0,1.5,4.0,1,200,1.0,200.0,1,287.31434099999024,0,0
2025-03-07_unkLi2-R5_LP-4nF-noR-config_4daydeg_200-1Hz_200p-1s_0offset_1Vpk.txt,2025-03-07,unkLi2,R5,LP-4nF-noR,4,200-1Hz,200p-1s,0.0,1.0,4.0,1,200,1.0,200.0,1,286.71479699999327,0,0
2025-03-07_unkLi2-R5_LP-4nF-noR-config_4daydeg_200-1Hz_200p-1s_0offset_2.4Vpk.txt,2025-03-07,unkLi2,R5,LP-4nF-noR,4,200-1Hz,200p-1s,0.0,2.4,4.0,1,200,1.0,200.0,1,287.23903399996925,0,0
2025-03-07_unkLi2-R5_LP-4nF-noR-config_4daydeg_200-1Hz_200p-1s_0offset_2Vpk.txt,2025-03-07,unkLi2,R5,LP-4nF-noR,4,200-1Hz,200p-1s,0.0,2.0,4.0,1,200,1.0,200.0,1,287.1652410000097,0,0
2025-03-07_unkLi2-R5_LP-4nF-noR-config_4daydeg_200-1Hz_200p-1s_1.4offset_1.4Vpk.txt,2025-03-07,unkLi2,R5,LP-4nF-noR,4,200-1Hz,200p-1s,1.4,1.4,4.0,1,200,1.0,200.0,1,287.0975970000145,0,0
2025-03-07_unkLi2-R5_LP-4nF-noR-config_4daydeg_500k-1Hz_400p-1s_-1.4offset_1.4Vpk.txt,2025-03-07,unkLi2,R5,LP-4nF-noR,4,500k-1Hz,400p-1s,-1.4,1.4,4.0,1,395,1.0,500000.0,0,-3029.8877160000266,0,0
2025-03-07_unkLi2-R5_LP-4nF-noR-config_4daydeg_500k-1Hz_400p-1s_0offset_0.5Vpk.txt,2025-03-07,unkLi2,R5,LP-4nF-noR,4,500k-1Hz,400p-1s,0.0,0.5,4.0,1,395,1.0,500000.0,0,8075.333602000028,0,0
2025-03-07_unkLi2-R5_LP-4nF-noR-config_4daydeg_500k-1Hz_400p-1s_0offset_1.5Vpk.txt,2025-03-07,unkLi2,R5,LP-4nF-noR,4,500k-1Hz,400p-1s,0.0,1.5,4.0,1,395,1.0,500000.0,0,6996.792173000053,0,0
2025-03-07_unkLi2-R5_LP-4nF-noR-config_4daydeg_500k-1Hz_400p-1s_0offset_1Vpk.txt,2025-03-07,unkLi2,R5,LP-4nF-noR,4,500k-1Hz,400p-1s,0.0,1.0,4.0,1,395,1.0,500000.0,0,7626.930819000001,0,0
2025-03-07_unkLi2-R5_LP-4nF-noR-config_4daydeg_500k-1Hz_400p-1s_0offset_2.4Vpk.txt,2025-03-07,unkLi2,R5,LP-4nF-noR,4,500k-1Hz,400p-1s,0.0,2.4,4.0,1,395,1.0,500000.0,0,5955.293256000034,0,0
2025-03-07_unkLi2-R5_LP-4nF-noR-config_4daydeg_500k-1Hz_400p-1s_0offset_2Vpk.txt,2025-03-07,unkLi2,R5,LP-4nF-noR,4,500k-1Hz,400p-1s,0.0,2.0,4.0,1,395,1.0,500000.0,0,6375.550965999952,0,0
2025-03-07_unkLi2-R5_LP-4nF-noR-config_4daydeg_500k-1Hz_400p-1s_1.4offset_1.4Vpk.txt,2025-03-07,unkLi2,R5,LP-4nF-noR,4,500k-1Hz,400p-1s,1.4,1.4,4.0,1,395,1.0,500000.0,0,-2860.3137350000325,0,0
2025-03-07_unkLi2-R5_LP-4nF-noR-config_4daydeg_500k-5kHz_100p-1s_-1.4offset_1.4Vpk.txt,2025-03-07,unkLi2,R5,LP-4nF-noR,4,500k-5kHz,100p-1s,-1.4,1.4,4.0,1,100,5000.0,500000.0,1,142.86259400000563,1,0
2025-03-07_unkLi2-R5_LP-4nF-noR-config_4daydeg_500k-5kHz_100p-1s_0offset_0.5Vpk.txt,2025-03-07,unkLi2,R5,LP-4nF-noR,4,500k-5kHz,100p-1s,0.0,0.5,4.0,1,100,5000.0,500000.0,1,143.0257729999721,1,0
2025-03-07_unkLi2-R5_LP-4nF-noR-config_4daydeg_500k-5kHz_100p-1s_0offset_1.5Vpk.txt,2025-03-07,unkLi2,R5,LP-4nF-noR,4,500k-5kHz,100p-1s,0.0,1.5,4.0,1,100,5000.0,500000.0,1,143.07998699997552,1,0
2025-03-07_unkLi2-R5_LP-4nF-noR-config_4daydeg_500k-5kHz_100p-1s_0offset_1Vpk.txt,2025-03-07,unkLi2,R5,LP-4nF-noR,4,500k-5kHz,100p-1s,0.0,1.0,4.0,1,100,5000.0,500000.0,1,142.84565999999177,1,0
2025-03-07_unkLi2-R5_LP-4nF-noR-config_4daydeg_500k-5kHz_100p-1s_0offset_2.4Vpk.txt,2025-03-07,unkLi2,R5,LP-4nF-noR,4,500k-5kHz,100p-1s,0.0,2.4,4.0,1,100,5000.0,500000.0,1,143.13624899997376,1,0
2025-03-07_unkLi2-R5_LP-4nF-noR-config_4daydeg_500k-5kHz_100p-1s_0offset_2Vpk.txt,2025-03-07,unkLi2,R5,LP-4nF-noR,4,500k-5kHz,100p-1s,0.0,2.0,4.0,1,100,5000.0,500000.0,1,142.9871020000428,1,0
2025-03-07_unkLi2-R5_LP-4nF-noR-config_4daydeg_500k-5kHz_100p-1s_1.4offset_1.4Vpk.txt,2025-03-07,unkLi2,R5,LP-4nF-noR,4,500k-5kHz,100p-1s,1.4,1.4,4.0,1,100,5000.0,500000.0,1,142.7172600000049,1,0
2025-03-07_unkLi2-R5_LP-4nF-noR-config_4daydeg_5k-200Hz_97p-1s_-1.4offset_1.4Vpk.txt,2025-03-07,unkLi2,R5,LP-4nF-noR,4,5k-200Hz,97p-1s,-1.4,1.4,4.0,1,97,200.0,5000.0,1,138.47008100000676,1,0
2025-03-07_unkLi2-R5_LP-4nF-noR-config_4daydeg_5k-200Hz_97p-1s_0offset_0.5Vpk.txt,2025-03-07,unkLi2,R5,LP-4nF-noR,4,5k-200Hz,97p-1s,0.0,0.5,4.0,1,97,200.0,5000.0,1,138.63292900001397,1,0
2025-03-07_unkLi2-R5_LP-4nF-noR-config_4daydeg_5k-200Hz_97p-1s_0offset_1.5Vpk.txt,2025-03-07,unkLi2,R5,LP-4nF-noR,4,5k-200Hz,97p-1s,0.0,1.5,4.0,1,97,200.0,5000.0,1,138.7597169999499,1,0
2025-03-07_unkLi2-R5_LP-4nF-noR-config_4daydeg_5k-200Hz_97p-1s_0offset_1Vpk.txt,2025-03-07,unkLi2,R5,LP-4nF-noR,4,5k-200Hz,97p-1s,0.0,1.0,4.0,1,97,200.0,5000.0,1,138.24677099997643,1,0
2025-03-07_unkLi2-R5_LP-4nF-noR-config_4daydeg_5k-200Hz_97p-1s_0offset_2.4Vpk.txt,2025-03-07,unkLi2,R5,LP-4nF-noR,4,5k-200Hz,97p-1s,0.0,2.4,4.0,1,97,200.0,5000.0,1,138.21660400001565,1,0
2025-03-07_unkLi2-R5_LP-4nF-noR-config_4daydeg_5k-200Hz_97p-1s_0offset_2Vpk.txt,2025-03-07,unkLi2,R5,LP-4nF-noR,4,5k-200Hz,97p-1s,0.0,2.0,4.0,1,97,200.0,5000.0,1,138.76444500003709,1,0
2025-03-07_unkLi2-R5_LP-4nF-noR-config_4daydeg_5k-200Hz_97p-1s_1.4offset_1.4Vpk.txt,2025-03-07,unkLi2,R5,LP-4nF-noR,4,5k-200Hz,97p-1s,1.4,1.4,4.0,1,97,200.0,5000.0,1,138.2654400000465,1,0
2025-03-07_unkLi2-R6_LP-4nF-noR-config_4daydeg_200-1Hz_200p-1s_-1.4offset_1.4Vpk.txt,2025-03-07,unkLi2,R6,LP-4nF-noR,4,200-1Hz,200p-1s,-1.4,1.4,4.0,1,200,1.0,200.0,1,286.60204899997916,0,0
2025-03-07_unkLi2-R6_LP-4nF-noR-config_4daydeg_200-1Hz_200p-1s_0offset_0.5Vpk.txt,2025-03-07,unkLi2,R6,LP-4nF-noR,4,200-1Hz,200p-1s,0.0,0.5,4.0,1,200,1.0,200.0,1,286.66925500001526,0,0
2025-03-07_unkLi2-R6_LP-4nF-noR-config_4daydeg_200-1Hz_200p-1s_0offset_1.5Vpk.txt,2025-03-07,unkLi2,R6,LP-4nF-noR,4,200-1Hz,200p-1s,0.0,1.5,4.0,1,200,1.0,200.0,1,287.3780779999797,0,0
2025-03-07_unkLi2-R6_LP-4nF-noR-config_4daydeg_200-1Hz_200p-1s_0offset_1Vpk.txt,2025-03-07,unkLi2,R6,LP-4nF-noR,4,200-1Hz,200p-1s,0.0,1.0,4.0,1,200,1.0,200.0,1,287.36452900001314,0,0
2025-03-07_unkLi2-R6_LP-4nF-noR-config_4daydeg_200-1Hz_200p-1s_0offset_2.4Vpk.txt,2025-03-07,unkLi2,R6,LP-4nF-noR,4,200-1Hz,200p-1s,0.0,2.4,4.0,1,200,1.0,200.0,1,286.4702249999973,0,0
2025-03-07_unkLi2-R6_LP-4nF-noR-config_4daydeg_200-1Hz_200p-1s_0offset_2Vpk.txt,2025-03-07,unkLi2,R6,LP-4nF-noR,4,200-1Hz,200p-1s,0.0,2.0,4.0,1,200,1.0,200.0,1,287.294045000046,0,0
2025-03-07_unkLi2-R6_LP-4nF-noR-config_4daydeg_200-1Hz_200p-1s_1.4offset_1.4Vpk.txt,2025-03-07,unkLi2,R6,LP-4nF-noR,4,200-1Hz,200p-1s,1.4,1.4,4.0,1,200,1.0,200.0,1,287.2930640000268,0,0
2025-03-07_unkLi2-R6_LP-4nF-noR-config_4daydeg_500k-1Hz_400p-1s_-1.4offset_1.4Vpk.txt,2025-03-07,unkLi2,R6,LP-4nF-noR,4,500k-1Hz,400p-1s,-1.4,1.4,4.0,1,395,1.0,500000.0,0,-3042.3181689999765,0,0
2025-03-07_unkLi2-R6_LP-4nF-noR-config_4daydeg_500k-1Hz_400p-1s_0offset_0.5Vpk.txt,2025-03-07,unkLi2,R6,LP-4nF-noR,4,500k-1Hz,400p-1s,0.0,0.5,4.0,1,395,1.0,500000.0,0,7938.789561000012,0,0
2025-03-07_unkLi2-R6_LP-4nF-noR-config_4daydeg_500k-1Hz_400p-1s_0offset_1.5Vpk.txt,2025-03-07,unkLi2,R6,LP-4nF-noR,4,500k-1Hz,400p-1s,0.0,1.5,4.0,1,395,1.0,500000.0,0,6716.988047000021,0,0
2025-03-07_unkLi2-R6_LP-4nF-noR-config_4daydeg_500k-1Hz_400p-1s_0offset_1Vpk.txt,2025-03-07,unkLi2,R6,LP-4nF-noR,4,500k-1Hz,400p-1s,0.0,1.0,4.0,1,395,1.0,500000.0,0,7418.3553339999635,0,0
2025-03-07_unkLi2-R6_LP-4nF-noR-config_4daydeg_500k-1Hz_400p-1s_0offset_2.4Vpk.txt,2025-03-07,unkLi2,R6,LP-4nF-noR,4,500k-1Hz,400p-1s,0.0,2.4,4.0,1,395,1.0,500000.0,0,5770.72091600002,0,0
2025-03-07_unkLi2-R6_LP-4nF-noR-config_4daydeg_500k-1Hz_400p-1s_0offset_2Vpk.txt,2025-03-07,unkLi2,R6,LP-4nF-noR,4,500k-1Hz,400p-1s,0.0,2.0,4.0,1,395,1.0,500000.0,0,6251.791855999967,0,0
2025-03-07_unkLi2-R6_LP-4nF-noR-config_4daydeg_500k-1Hz_400p-1s_1.4offset_1.4Vpk.txt,2025-03-07,unkLi2,R6,LP-4nF-noR,4,500k-1Hz,400p-1s,1.4,1.4,4.0,1,395,1.0,500000.0,0,-2997.4567099999986,0,0
2025-03-07_unkLi2-R6_LP-4nF-noR-config_4daydeg_500k-5kHz_100p-1s_-1.4offset_1.4Vpk.txt,2025-03-07,unkLi2,R6,LP-4nF-noR,4,500k-5kHz,100p-1s,-1.4,1.4,4.0,1,100,5000.0,500000.0,1,142.72831699997187,1,0
2025-03-07_unkLi2-R6_LP-4nF-noR-config_4daydeg_500k-5kHz_100p-1s_0offset_0.5Vpk.txt,2025-03-07,unkLi2,R6,LP-4nF-noR,4,500k-5kHz,100p-1s,0.0,0.5,4.0,1,100,5000.0,500000.0,1,142.77605599997332,1,0
2025-03-07_unkLi2-R6_LP-4nF-noR-config_4daydeg_500k-5kHz_100p-1s_0offset_1.5Vpk.txt,2025-03-07,unkLi2,R6,LP-4nF-noR,4,500k-5kHz,100p-1s,0.0,1.5,4.0,1,100,5000.0,500000.0,1,142.7834670000011,1,0
2025-03-07_unkLi2-R6_LP-4nF-noR-config_4daydeg_500k-5kHz_100p-1s_0offset_1Vpk.txt,2025-03-07,unkLi2,R6,LP-4nF-noR,4,500k-5kHz,100p-1s,0.0,1.0,4.0,1,100,5000.0,500000.0,1,142.65678499999922,1,0
2025-03-07_unkLi2-R6_LP-4nF-noR-config_4daydeg_500k-5kHz_100p-1s_0offset_2.4Vpk.txt,2025-03-07,unkLi2,R6,LP-4nF-noR,4,500k-5kHz,100p-1s,0.0,2.4,4.0,1,100,5000.0,500000.0,1,142.7880460000015,1,0
2025-03-07_unkLi2-R6_LP-4nF-noR-config_4daydeg_500k-5kHz_100p-1s_0offset_2Vpk.txt,2025-03-07,unkLi2,R6,LP-4nF-noR,4,500k-5kHz,100p-1s,0.0,2.0,4.0,1,100,5000.0,500000.0,1,142.79921399999876,1,0
2025-03-07_unkLi2-R6_LP-4nF-noR-config_4daydeg_500k-5kHz_100p-1s_1.4offset_1.4Vpk.txt,2025-03-07,unkLi2,R6,LP-4nF-noR,4,500k-5kHz,100p-1s,1.4,1.4,4.0,1,100,5000.0,500000.0,1,143.03726699994877,1,0
2025-03-07_unkLi2-R6_LP-4nF-noR-config_4daydeg_5k-200Hz_97p-1s_-1.4offset_1.4Vpk.txt,2025-03-07,unkLi2,R6,LP-4nF-noR,4,5k-200Hz,97p-1s,-1.4,1.4,4.0,1,97,200.0,5000.0,1,138.52530199999455,1,0
2025-03-07_unkLi2-R6_LP-4nF-noR-config_4daydeg_5k-200Hz_97p-1s_0offset_0.5Vpk.txt,2025-03-07,unkLi2,R6,LP-4nF-noR,4,5k-200Hz,97p-1s,0.0,0.5,4.0,1,97,200.0,5000.0,1,138.77012800000375,1,0
2025-03-07_unkLi2-R6_LP-4nF-noR-config_4daydeg_5k-200Hz_97p-1s_0offset_1.5Vpk.txt,2025-03-07,unkLi2,R6,LP-4nF-noR,4,5k-200Hz,97p-1s,0.0,1.5,4.0,1,97,200.0,5000.0,1,138.42243200005032,1,0
2025-03-07_unkLi2-R6_LP-4nF-noR-config_4daydeg_5k-200Hz_97p-1s_0offset_1Vpk.txt,2025-03-07,unkLi2,R6,LP-4nF-noR,4,5k-200Hz,97p-1s,0.0,1.0,4.0,1,97,200.0,5000.0,1,138.633983000007,1,0
2025-03-07_unkLi2-R6_LP-4nF-noR-config_4daydeg_5k-200Hz_97p-1s_0offset_2.4Vpk.txt,2025-03-07,unkLi2,R6,LP-4nF-noR,4,5k-200Hz,97p-1s,0.0,2.4,4.0,1,97,200.0,5000.0,1,138.568237999978,1,0
2025-03-07_unkLi2-R6_LP-4nF-noR-config_4daydeg_5k-200Hz_97p-1s_0offset_2Vpk.txt,2025-03-07,unkLi2,R6,LP-4nF-noR,4,5k-200Hz,97p-1s,0.0,2.0,4.0,1,97,200.0,5000.0,1,138.18469900003402,1,0
2025-03-07_unkLi2-R6_LP-4nF-noR-config_4daydeg_5k-200Hz_97p-1s_1.4offset_1.4Vpk.txt,2025-03-07,unkLi2,R6,LP-4nF-noR,4,5k-200Hz,97p-1s,1.4,1.4,4.0,1,97,200.0,5000.0,1,138.68240900000092,1,0
2025-03-07_unkNa2-L6_LP-4nF-noR-config_4daydeg_200-1Hz_200p-1s_-1.4offset_1.4Vpk.txt,2025-03-07,unkNa2,L6,LP-4nF-noR,4,200-1Hz,200p-1s,-1.4,1.4,4.0,1,200,1.0,200.0,1,286.4219110000413,0,0
2025-03-07_unkNa2-L6_LP-4nF-noR-config_4daydeg_200-1Hz_200p-1s_0offset_0.5Vpk.txt,2025-03-07,unkNa2,L6,LP-4nF-noR,4,200-1Hz,200p-1s,0.0,0.5,4.0,1,200,1.0,200.0,1,286.8993659999687,0,0
2025-03-07_unkNa2-L6_LP-4nF-noR-config_4daydeg_200-1Hz_200p-1s_0offset_1.5Vpk.txt,2025-03-07,unkNa2,L6,LP-4nF-noR,4,200-1Hz,200p-1s,0.0,1.5,4.0,1,200,1.0,200.0,1,287.09592599997995,0,0
2025-03-07_unkNa2-L6_LP-4nF-noR-config_4daydeg_200-1Hz_200p-1s_0offset_1Vpk.txt,2025-03-07,unkNa2,L6,LP-4nF-noR,4,200-1Hz,200p-1s,0.0,1.0,4.0,1,200,1.0,200.0,1,287.4252689999994,0,0
2025-03-07_unkNa2-L6_LP-4nF-noR-config_4daydeg_200-1Hz_200p-1s_0offset_2.4Vpk.txt,2025-03-07,unkNa2,L6,LP-4nF-noR,4,200-1Hz,200p-1s,0.0,2.4,4.0,1,200,1.0,200.0,1,287.2952589999768,0,0
2025-03-07_unkNa2-L6_LP-4nF-noR-config_4daydeg_200-1Hz_200p-1s_0offset_2Vpk.txt,2025-03-07,unkNa2,L6,LP-4nF-noR,4,200-1Hz,200p-1s,0.0,2.0,4.0,1,200,1.0,200.0,1,287.3896339999628,0,0
2025-03-07_unkNa2-L6_LP-4nF-noR-config_4daydeg_200-1Hz_200p-1s_1.4offset_1.4Vpk.txt,2025-03-07,unkNa2,L6,LP-4nF-noR,4,200-1Hz,200p-1s,1.4,1.4,4.0,1,200,1.0,200.0,1,286.86864400003105,0,0
2025-03-07_unkNa2-L6_LP-4nF-noR-config_4daydeg_500k-1Hz_400p-1s_-1.4offset_1.4Vpk.txt,2025-03-07,unkNa2,L6,LP-4nF-noR,4,500k-1Hz,400p-1s,-1.4,1.4,4.0,1,395,1.0,500000.0,0,2033.5869479999528,0,0
2025-03-07_unkNa2-L6_LP-4nF-noR-config_4daydeg_500k-1Hz_400p-1s_0offset_0.5Vpk.txt,2025-03-07,unkNa2,L6,LP-4nF-noR,4,500k-1Hz,400p-1s,0.0,0.5,4.0,1,395,1.0,500000.0,0,-62999.71158,0,0
2025-03-07_unkNa2-L6_LP-4nF-noR-config_4daydeg_500k-1Hz_400p-1s_0offset_1.5Vpk.txt,2025-03-07,unkNa2,L6,LP-4nF-noR,4,500k-1Hz,400p-1s,0.0,1.5,4.0,1,395,1.0,500000.0,0,-63611.392017999955,0,0
2025-03-07_unkNa2-L6_LP-4nF-noR-config_4daydeg_500k-1Hz_400p-1s_0offset_1Vpk.txt,2025-03-07,unkNa2,L6,LP-4nF-noR,4,500k-1Hz,400p-1s,0.0,1.0,4.0,1,395,1.0,500000.0,0,-63362.622277000046,0,0
2025-03-07_unkNa2-L6_LP-4nF-noR-config_4daydeg_500k-1Hz_400p-1s_0offset_2.4Vpk.txt,2025-03-07,unkNa2,L6,LP-4nF-noR,4,500k-1Hz,400p-1s,0.0,2.4,4.0,1,395,1.0,500000.0,0,-64283.36883699999,0,0
2025-03-07_unkNa2-L6_LP-4nF-noR-config_4daydeg_500k-1Hz_400p-1s_0offset_2Vpk.txt,2025-03-07,unkNa2,L6,LP-4nF-noR,4,500k-1Hz,400p-1s,0.0,2.0,4.0,1,395,1.0,500000.0,0,-63898.202350999985,0,0
2025-03-07_unkNa2-L6_LP-4nF-noR-config_4daydeg_500k-1Hz_400p-1s_1.4offset_1.4Vpk.txt,2025-03-07,unkNa2,L6,LP-4nF-noR,4,500k-1Hz,400p-1s,1.4,1.4,4.0,1,395,1.0,500000.0,0,2495.967598999967,0,0
2025-03-07_unkNa2-L6_LP-4nF-noR-config_4daydeg_500k-5kHz_100p-1s_-1.4offset_1.4Vpk.txt,2025-03-07,unkNa2,L6,LP-4nF-noR,4,500k-5kHz,100p-1s,-1.4,1.4,4.0,1,100,5000.0,500000.0,1,142.96096200001193,1,0
2025-03-07_unkNa2-L6_LP-4nF-noR-config_4daydeg_500k-5kHz_100p-1s_1.4offset_1.4Vpk.txt,2025-03-07,unkNa2,L6,LP-4nF-noR,4,500k-5kHz,100p-1s,1.4,1.4,4.0,1,100,5000.0,500000.0,1,142.2971630000393,1,0
2025-03-07_unkNa2-L6_LP-4nF-noR-config_4daydeg_5k-200Hz_97p-1s_-1.4offset_1.4Vpk.txt,2025-03-07,unkNa2,L6,LP-4nF-noR,4,5k-200Hz,97p-1s,-1.4,1.4,4.0,1,97,200.0,5000.0,1,138.64380200003507,1,0
2025-03-07_unkNa2-L6_LP-4nF-noR-config_4daydeg_5k-200Hz_97p-1s_1.4offset_1.4Vpk.txt,2025-03-07,unkNa2,L6,LP-4nF-noR,4,5k-200Hz,97p-1s,1.4,1.4,4.0,1,97,200.0,5000.0,1,138.88766900001792,0,0
2025-03-07_unkNa2-R5_LP-4nF-noR-config_4daydeg_200-1Hz_200p-1s_-1.4offset_1.4Vpk.txt,2025-03-07,unkNa2,R5,LP-4nF-noR,4,200-1Hz,200p-1s,-1.4,1.4,4.0,1,200,1.0,200.0,1,286.68639099999564,0,0
2025-03-07_unkNa2-R5_LP-4nF-noR-config_4daydeg_200-1Hz_200p-1s_0offset_0.5Vpk.txt,2025-03-07,unkNa2,R5,LP-4nF-noR,4,200-1Hz,200p-1s,0.0,0.5,4.0,1,200,1.0,200.0,1,287.73216899996623,0,0
2025-03-07_unkNa2-R5_LP-4nF-noR-config_4daydeg_200-1Hz_200p-1s_0offset_1.5Vpk.txt,2025-03-07,unkNa2,R5,LP-4nF-noR,4,200-1Hz,200p-1s,0.0,1.5,4.0,1,200,1.0,200.0,1,287.44222399999853,0,0
2025-03-07_unkNa2-R5_LP-4nF-noR-config_4daydeg_200-1Hz_200p-1s_0offset_1Vpk.txt,2025-03-07,unkNa2,R5,LP-4nF-noR,4,200-1Hz,200p-1s,0.0,1.0,4.0,1,200,1.0,200.0,1,286.95681199996034,0,0
2025-03-07_unkNa2-R5_LP-4nF-noR-config_4daydeg_200-1Hz_200p-1s_0offset_2.4Vpk.txt,2025-03-07,unkNa2,R5,LP-4nF-noR,4,200-1Hz,200p-1s,0.0,2.4,4.0,1,200,1.0,200.0,1,287.02533999999287,0,0
2025-03-07_unkNa2-R5_LP-4nF-noR-config_4daydeg_200-1Hz_200p-1s_0offset_2Vpk.txt,2025-03-07,unkNa2,R5,LP-4nF-noR,4,200-1Hz,200p-1s,0.0,2.0,4.0,1,200,1.0,200.0,1,286.5006459999713,0,0
2025-03-07_unkNa2-R5_LP-4nF-noR-config_4daydeg_200-1Hz_200p-1s_1.4offset_1.4Vpk.txt,2025-03-07,unkNa2,R5,LP-4nF-noR,4,200-1Hz,200p-1s,1.4,1.4,4.0,1,200,1.0,200.0,1,287.1176860000123,0,0
2025-03-07_unkNa2-R5_LP-4nF-noR-config_4daydeg_500k-1Hz_400p-1s_-1.4offset_1.4Vpk.txt,2025-03-07,unkNa2,R5,LP-4nF-noR,4,500k-1Hz,400p-1s,-1.4,1.4,4.0,1,395,1.0,500000.0,0,2314.1766429999843,0,0
2025-03-07_unkNa2-R5_LP-4nF-noR-config_4daydeg_500k-1Hz_400p-1s_0offset_0.5Vpk.txt,2025-03-07,unkNa2,R5,LP-4nF-noR,4,500k-1Hz,400p-1s,0.0,0.5,4.0,1,395,1.0,500000.0,0,-62902.157907999994,0,0
2025-03-07_unkNa2-R5_LP-4nF-noR-config_4daydeg_500k-1Hz_400p-1s_0offset_1.5Vpk.txt,2025-03-07,unkNa2,R5,LP-4nF-noR,4,500k-1Hz,400p-1s,0.0,1.5,4.0,1,395,1.0,500000.0,0,-63434.060540999984,0,0
2025-03-07_unkNa2-R5_LP-4nF-noR-config_4daydeg_500k-1Hz_400p-1s_0offset_1Vpk.txt,2025-03-07,unkNa2,R5,LP-4nF-noR,4,500k-1Hz,400p-1s,0.0,1.0,4.0,1,395,1.0,500000.0,0,-63096.70366,0,0
2025-03-07_unkNa2-R5_LP-4nF-noR-config_4daydeg_500k-1Hz_400p-1s_0offset_2.4Vpk.txt,2025-03-07,unkNa2,R5,LP-4nF-noR,4,500k-1Hz,400p-1s,0.0,2.4,4.0,1,395,1.0,500000.0,0,-64004.80349599995,0,0
2025-03-07_unkNa2-R5_LP-4nF-noR-config_4daydeg_500k-1Hz_400p-1s_0offset_2Vpk.txt,2025-03-07,unkNa2,R5,LP-4nF-noR,4,500k-1Hz,400p-1s,0.0,2.0,4.0,1,395,1.0,500000.0,0,-63685.92547899997,0,0
2025-03-07_unkNa2-R5_LP-4nF-noR-config_4daydeg_500k-1Hz_400p-1s_1.4offset_1.4Vpk.txt,2025-03-07,unkNa2,R5,LP-4nF-noR,4,500k-1Hz,400p-1s,1.4,1.4,4.0,1,395,1.0,500000.0,0,2780.093458999996,0,0
2025-03-07_unkNa2-R5_LP-4nF-noR-config_4daydeg_500k-5kHz_100p-1s_-1.4offset_1.4Vpk.txt,2025-03-07,unkNa2,R5,LP-4nF-noR,4,500k-5kHz,100p-1s,-1.4,1.4,4.0,1,100,5000.0,500000.0,1,143.09414600004675,1,0
2025-03-07_unkNa2-R5_LP-4nF-noR-config_4daydeg_500k-5kHz_100p-1s_1.4offset_1.4Vpk.txt,2025-03-07,unkNa2,R5,LP-4nF-noR,4,500k-5kHz,100p-1s,1.4,1.4,4.0,1,100,5000.0,500000.0,1,142.79323999996996,1,0
2025-03-07_unkNa2-R5_LP-4nF-noR-config_4daydeg_5k-200Hz_97p-1s_-1.4offset_1.4Vpk.txt,2025-03-07,unkNa2,R5,LP-4nF-noR,4,5k-200Hz,97p-1s,-1.4,1.4,4.0,1,97,200.0,5000.0,1,138.77055600000313,1,0
2025-03-07_unkNa2-R5_LP-4nF-noR-config_4daydeg_5k-200Hz_97p-1s_1.4offset_1.4Vpk.txt,2025-03-07,unkNa2,R5,LP-4nF-noR,4,5k-200Hz,97p-1s,1.4,1.4,4.0,1,97,200.0,5000.0,1,138.6860400000005,1,0
2025-03-07_unkNa2-R6_LP-4nF-noR-config_4daydeg_200-1Hz_200p-1s_-1.4offset_1.4Vpk.txt,2025-03-07,unkNa2,R6,LP-4nF-noR,4,200-1Hz,200p-1s,-1.4,1.4,4.0,1,200,1.0,200.0,1,287.4750210000202,0,0
2025-03-07_unkNa2-R6_LP-4nF-noR-config_4daydeg_200-1Hz_200p-1s_0offset_0.5Vpk.txt,2025-03-07,unkNa2,R6,LP-4nF-noR,4,200-1Hz,200p-1s,0.0,0.5,4.0,1,200,1.0,200.0,1,287.44002500001807,0,0
2025-03-07_unkNa2-R6_LP-4nF-noR-config_4daydeg_200-1Hz_200p-1s_0offset_1.5Vpk.txt,2025-03-07,unkNa2,R6,LP-4nF-noR,4,200-1Hz,200p-1s,0.0,1.5,4.0,1,200,1.0,200.0,1,287.218721000012,0,0
2025-03-07_unkNa2-R6_LP-4nF-noR-config_4daydeg_200-1Hz_200p-1s_0offset_1Vpk.txt,2025-03-07,unkNa2,R6,LP-4nF-noR,4,200-1Hz,200p-1s,0.0,1.0,4.0,1,200,1.0,200.0,1,287.30881900002714,0,0
2025-03-07_unkNa2-R6_LP-4nF-noR-config_4daydeg_200-1Hz_200p-1s_0offset_2.4Vpk.txt,2025-03-07,unkNa2,R6,LP-4nF-noR,4,200-1Hz,200p-1s,0.0,2.4,4.0,1,200,1.0,200.0,1,287.5611739999731,0,0
2025-03-07_unkNa2-R6_LP-4nF-noR-config_4daydeg_200-1Hz_200p-1s_0offset_2Vpk.txt,2025-03-07,unkNa2,R6,LP-4nF-noR,4,200-1Hz,200p-1s,0.0,2.0,4.0,1,200,1.0,200.0,1,286.72401499998523,0,0
2025-03-07_unkNa2-R6_LP-4nF-noR-config_4daydeg_200-1Hz_200p-1s_1.4offset_1.4Vpk.txt,2025-03-07,unkNa2,R6,LP-4nF-noR,4,200-1Hz,200p-1s,1.4,1.4,4.0,1,200,1.0,200.0,1,287.1124060000293,0,0
2025-03-07_unkNa2-R6_LP-4nF-noR-config_4daydeg_500k-1Hz_400p-1s_-1.4offset_1.4Vpk.txt,2025-03-07,unkNa2,R6,LP-4nF-noR,4,500k-1Hz,400p-1s,-1.4,1.4,4.0,1,395,1.0,500000.0,0,2127.758923999965,0,0
2025-03-07_unkNa2-R6_LP-4nF-noR-config_4daydeg_500k-1Hz_400p-1s_0offset_0.5Vpk.txt,2025-03-07,unkNa2,R6,LP-4nF-noR,4,500k-1Hz,400p-1s,0.0,0.5,4.0,1,395,1.0,500000.0,0,-62940.809335,0,0
2025-03-07_unkNa2-R6_LP-4nF-noR-config_4daydeg_500k-1Hz_400p-1s_0offset_1.5Vpk.txt,2025-03-07,unkNa2,R6,LP-4nF-noR,4,500k-1Hz,400p-1s,0.0,1.5,4.0,1,395,1.0,500000.0,0,-63496.442912,0,0
2025-03-07_unkNa2-R6_LP-4nF-noR-config_4daydeg_500k-1Hz_400p-1s_0offset_1Vpk.txt,2025-03-07,unkNa2,R6,LP-4nF-noR,4,500k-1Hz,400p-1s,0.0,1.0,4.0,1,395,1.0,500000.0,0,-63250.81795,0,0
2025-03-07_unkNa2-R6_LP-4nF-noR-config_4daydeg_500k-1Hz_400p-1s_0offset_2.4Vpk.txt,2025-03-07,unkNa2,R6,LP-4nF-noR,4,500k-1Hz,400p-1s,0.0,2.4,4.0,1,395,1.0,500000.0,0,-64082.24066399998,0,0
2025-03-07_unkNa2-R6_LP-4nF-noR-config_4daydeg_500k-1Hz_400p-1s_0offset_2Vpk.txt,2025-03-07,unkNa2,R6,LP-4nF-noR,4,500k-1Hz,400p-1s,0.0,2.0,4.0,1,395,1.0,500000.0,0,-63803.815157000034,0,0
2025-03-07_unkNa2-R6_LP-4nF-noR-config_4daydeg_500k-1Hz_400p-1s_1.4offset_1.4Vpk.txt,2025-03-07,unkNa2,R6,LP-4nF-noR,4,500k-1Hz,400p-1s,1.4,1.4,4.0,1,395,1.0,500000.0,0,2633.9851539999945,0,0
2025-03-07_unkNa2-R6_LP-4nF-noR-config_4daydeg_500k-5kHz_100p-1s_-1.4offset_1.4Vpk.txt,2025-03-07,unkNa2,R6,LP-4nF-noR,4,500k-5kHz,100p-1s,-1.4,1.4,4.0,1,100,5000.0,500000.0,1,142.7103009999846,1,0
2025-03-07_unkNa2-R6_LP-4nF-noR-config_4daydeg_500k-5kHz_100p-1s_1.4offset_1.4Vpk.txt,2025-03-07,unkNa2,R6,LP-4nF-noR,4,500k-5kHz,100p-1s,1.4,1.4,4.0,1,100,5000.0,500000.0,1,142.4246619999758,1,0
2025-03-07_unkNa2-R6_LP-4nF-noR-config_4daydeg_5k-200Hz_97p-1s_-1.4offset_1.4Vpk.txt,2025-03-07,unkNa2,R6,LP-4nF-noR,4,5k-200Hz,97p-1s,-1.4,1.4,4.0,1,97,200.0,5000.0,1,138.742069000029,1,0
2025-03-07_unkNa2-R6_LP-4nF-noR-config_4daydeg_5k-200Hz_97p-1s_1.4offset_1.4Vpk.txt,2025-03-07,unkNa2,R6,LP-4nF-noR,4,5k-200Hz,97p-1s,1.4,1.4,4.0,1,97,200.0,5000.0,1,138.4846419999958,1,0
2025-03-12_unkK2-L5_LP-4nF-noR-config_9daydeg_200-1Hz_200p-1s_-2.4offset_0.4Vpk.txt,2025-03-12,unkK2,L5,LP-4nF-noR,9,200-1Hz,200p-1s,-2.4,0.4,4.0,1,200,1.0,200.0,1,287.59827100000075,0,0
2025-03-12_unkK2-L5_LP-4nF-noR-config_9daydeg_200-1Hz_200p-1s_-2offset_0.8Vpk.txt,2025-03-12,unkK2,L5,LP-4nF-noR,9,200-1Hz,200p-1s,-2.0,0.8,4.0,1,200,1.0,200.0,1,287.52740599999925,0,0
2025-03-12_unkK2-L5_LP-4nF-noR-config_9daydeg_200-1Hz_200p-1s_2.4offset_0.4Vpk.txt,2025-03-12,unkK2,L5,LP-4nF-noR,9,200-1Hz,200p-1s,2.4,0.4,4.0,1,200,1.0,200.0,1,287.501671,0,0
2025-03-12_unkK2-L5_LP-4nF-noR-config_9daydeg_200-1Hz_200p-1s_2offset_0.8Vpk.txt,2025-03-12,unkK2,L5,LP-4nF-noR,9,200-1Hz,200p-1s,2.0,0.8,4.0,1,200,1.0,200.0,1,286.56741200000033,0,0
2025-03-12_unkK2-L5_LP-4nF-noR-config_9daydeg_500k-1Hz_400p-1s_-2.4offset_0.4Vpk.txt,2025-03-12,unkK2,L5,LP-4nF-noR,9,500k-1Hz,400p-1s,-2.4,0.4,4.0,1,395,1.0,500000.0,0,-5520.098961,0,0
2025-03-12_unkK2-L5_LP-4nF-noR-config_9daydeg_500k-1Hz_400p-1s_-2offset_0.8Vpk.txt,2025-03-12,unkK2,L5,LP-4nF-noR,9,500k-1Hz,400p-1s,-2.0,0.8,4.0,1,395,1.0,500000.0,0,-1459.4493939999993,0,0
2025-03-12_unkK2-L5_LP-4nF-noR-config_9daydeg_500k-1Hz_400p-1s_2.4offset_0.4Vpk.txt,2025-03-12,unkK2,L5,LP-4nF-noR,9,500k-1Hz,400p-1s,2.4,0.4,4.0,1,395,1.0,500000.0,0,-3406.89459,0,0
2025-03-12_unkK2-L5_LP-4nF-noR-config_9daydeg_500k-1Hz_400p-1s_2offset_0.8Vpk.txt,2025-03-12,unkK2,L5,LP-4nF-noR,9,500k-1Hz,400p-1s,2.0,0.8,4.0,1,395,1.0,500000.0,0,-2782.0009330000003,0,0
2025-03-12_unkK2-L5_LP-4nF-noR-config_9daydeg_500k-5kHz_100p-1s_-2.4offset_0.4Vpk.txt,2025-03-12,unkK2,L5,LP-4nF-noR,9,500k-5kHz,100p-1s,-2.4,0.4,4.0,1,100,5000.0,500000.0,1,142.95495000000028,0,0
2025-03-12_unkK2-L5_LP-4nF-noR-config_9daydeg_500k-5kHz_100p-1s_-2offset_0.8Vpk.txt,2025-03-12,unkK2,L5,LP-4nF-noR,9,500k-5kHz,100p-1s,-2.0,0.8,4.0,1,100,5000.0,500000.0,1,143.194019999999,0,0
2025-03-12_unkK2-L5_LP-4nF-noR-config_9daydeg_500k-5kHz_100p-1s_2.4offset_0.4Vpk.txt,2025-03-12,unkK2,L5,LP-4nF-noR,9,500k-5kHz,100p-1s,2.4,0.4,4.0,1,100,5000.0,500000.0,1,142.77045899999996,0,0
2025-03-12_unkK2-L5_LP-4nF-noR-config_9daydeg_500k-5kHz_100p-1s_2offset_0.8Vpk.txt,2025-03-12,unkK2,L5,LP-4nF-noR,9,500k-5kHz,100p-1s,2.0,0.8,4.0,1,100,5000.0,500000.0,1,143.06592999999998,0,0
2025-03-12_unkK2-L5_LP-4nF-noR-config_9daydeg_5k-200Hz_97p-1s_-2.4offset_0.4Vpk.txt,2025-03-12,unkK2,L5,LP-4nF-noR,9,5k-200Hz,97p-1s,-2.4,0.4,4.0,1,97,200.0,5000.0,1,138.15367400000014,0,0
2025-03-12_unkK2-L5_LP-4nF-noR-config_9daydeg_5k-200Hz_97p-1s_-2offset_0.8Vpk.txt,2025-03-12,unkK2,L5,LP-4nF-noR,9,5k-200Hz,97p-1s,-2.0,0.8,4.0,1,97,200.0,5000.0,1,138.6039039999996,0,0
2025-03-12_unkK2-L5_LP-4nF-noR-config_9daydeg_5k-200Hz_97p-1s_2.4offset_0.4Vpk.txt,2025-03-12,unkK2,L5,LP-4nF-noR,9,5k-200Hz,97p-1s,2.4,0.4,4.0,1,97,200.0,5000.0,1,138.53989699999988,0,0
2025-03-12_unkK2-L5_LP-4nF-noR-config_9daydeg_5k-200Hz_97p-1s_2offset_0.8Vpk.txt,2025-03-12,unkK2,L5,LP-4nF-noR,9,5k-200Hz,97p-1s,2.0,0.8,4.0,1,97,200.0,5000.0,1,138.6114849999999,0,0
2025-03-12_unkK2-R5_LP-4nF-noR-config_9daydeg_200-1Hz_200p-1s_-2.4offset_0.4Vpk.txt,2025-03-12,unkK2,R5,LP-4nF-noR,9,200-1Hz,200p-1s,-2.4,0.4,4.0,1,200,1.0,200.0,1,287.95418400000017,0,0
2025-03-12_unkK2-R5_LP-4nF-noR-config_9daydeg_200-1Hz_200p-1s_-2offset_0.8Vpk.txt,2025-03-12,unkK2,R5,LP-4nF-noR,9,200-1Hz,200p-1s,-2.0,0.8,4.0,1,200,1.0,200.0,1,287.4217719999997,0,0
2025-03-12_unkK2-R5_LP-4nF-noR-config_9daydeg_200-1Hz_200p-1s_2.4offset_0.4Vpk.txt,2025-03-12,unkK2,R5,LP-4nF-noR,9,200-1Hz,200p-1s,2.4,0.4,4.0,1,200,1.0,200.0,1,287.292958,0,0
2025-03-12_unkK2-R5_LP-4nF-noR-config_9daydeg_200-1Hz_200p-1s_2offset_0.8Vpk.txt,2025-03-12,unkK2,R5,LP-4nF-noR,9,200-1Hz,200p-1s,2.0,0.8,4.0,1,200,1.0,200.0,1,287.7096999999999,0,0
2025-03-12_unkK2-R5_LP-4nF-noR-config_9daydeg_500k-1Hz_400p-1s_-2.4offset_0.4Vpk.txt,2025-03-12,unkK2,R5,LP-4nF-noR,9,500k-1Hz,400p-1s,-2.4,0.4,4.0,1,395,1.0,500000.0,0,-5661.333882000001,0,0
2025-03-12_unkK2-R5_LP-4nF-noR-config_9daydeg_500k-1Hz_400p-1s_-2offset_0.8Vpk.txt,2025-03-12,unkK2,R5,LP-4nF-noR,9,500k-1Hz,400p-1s,-2.0,0.8,4.0,1,395,1.0,500000.0,0,-1634.5291899999993,0,0
2025-03-12_unkK2-R5_LP-4nF-noR-config_9daydeg_500k-1Hz_400p-1s_2.4offset_0.4Vpk.txt,2025-03-12,unkK2,R5,LP-4nF-noR,9,500k-1Hz,400p-1s,2.4,0.4,4.0,1,395,1.0,500000.0,0,-3562.5441249999994,0,0
2025-03-12_unkK2-R5_LP-4nF-noR-config_9daydeg_500k-1Hz_400p-1s_2offset_0.8Vpk.txt,2025-03-12,unkK2,R5,LP-4nF-noR,9,500k-1Hz,400p-1s,2.0,0.8,4.0,1,395,1.0,500000.0,0,-3004.633012,0,0
2025-03-12_unkK2-R5_LP-4nF-noR-config_9daydeg_500k-5kHz_100p-1s_-2.4offset_0.4Vpk.txt,2025-03-12,unkK2,R5,LP-4nF-noR,9,500k-5kHz,100p-1s,-2.4,0.4,4.0,1,100,5000.0,500000.0,1,143.44458399999985,0,0
2025-03-12_unkK2-R5_LP-4nF-noR-config_9daydeg_500k-5kHz_100p-1s_-2offset_0.8Vpk.txt,2025-03-12,unkK2,R5,LP-4nF-noR,9,500k-5kHz,100p-1s,-2.0,0.8,4.0,1,100,5000.0,500000.0,1,143.2548139999999,0,0
2025-03-12_unkK2-R5_LP-4nF-noR-config_9daydeg_500k-5kHz_100p-1s_2.4offset_0.4Vpk.txt,2025-03-12,unkK2,R5,LP-4nF-noR,9,500k-5kHz,100p-1s,2.4,0.4,4.0,1,100,5000.0,500000.0,1,143.52813600000002,0,0
2025-03-12_unkK2-R5_LP-4nF-noR-config_9daydeg_500k-5kHz_100p-1s_2offset_0.8Vpk.txt,2025-03-12,unkK2,R5,LP-4nF-noR,9,500k-5kHz,100p-1s,2.0,0.8,4.0,1,100,5000.0,500000.0,1,143.109869,0,0
2025-03-12_unkK2-R5_LP-4nF-noR-config_9daydeg_5k-200Hz_97p-1s_-2.4offset_0.4Vpk.txt,2025-03-12,unkK2,R5,LP-4nF-noR,9,5k-200Hz,97p-1s,-2.4,0.4,4.0,1,97,200.0,5000.0,1,138.81629900000007,0,0
2025-03-12_unkK2-R5_LP-4nF-noR-config_9daydeg_5k-200Hz_97p-1s_-2offset_0.8Vpk.txt,2025-03-12,unkK2,R5,LP-4nF-noR,9,5k-200Hz,97p-1s,-2.0,0.8,4.0,1,97,200.0,5000.0,1,139.05127700000048,0,0
2025-03-12_unkK2-R5_LP-4nF-noR-config_9daydeg_5k-200Hz_97p-1s_2.4offset_0.4Vpk.txt,2025-03-12,unkK2,R5,LP-4nF-noR,9,5k-200Hz,97p-1s,2.4,0.4,4.0,1,97,200.0,5000.0,1,139.0826259999999,0,0
2025-03-12_unkK2-R5_LP-4nF-noR-config_9daydeg_5k-200Hz_97p-1s_2offset_0.8Vpk.txt,2025-03-12,unkK2,R5,LP-4nF-noR,9,5k-200Hz,97p-1s,2.0,0.8,4.0,1,97,200.0,5000.0,1,139.01879400000007,0,0
2025-03-12_unkK2-R6_LP-4nF-noR-config_9daydeg_200-1Hz_200p-1s_-2.4offset_0.4Vpk.txt,2025-03-12,unkK2,R6,LP-4nF-noR,9,200-1Hz,200p-1s,-2.4,0.4,4.0,1,200,1.0,200.0,1,286.9012930000008,0,0
2025-03-12_unkK2-R6_LP-4nF-noR-config_9daydeg_200-1Hz_200p-1s_-2offset_0.8Vpk.txt,2025-03-12,unkK2,R6,LP-4nF-noR,9,200-1Hz,200p-1s,-2.0,0.8,4.0,1,200,1.0,200.0,1,287.0207620000001,0,0
2025-03-12_unkK2-R6_LP-4nF-noR-config_9daydeg_200-1Hz_200p-1s_2.4offset_0.4Vpk.txt,2025-03-12,unkK2,R6,LP-4nF-noR,9,200-1Hz,200p-1s,2.4,0.4,4.0,1,200,1.0,200.0,1,287.92605099999946,0,0
2025-03-12_unkK2-R6_LP-4nF-noR-config_9daydeg_200-1Hz_200p-1s_2offset_0.8Vpk.txt,2025-03-12,unkK2,R6,LP-4nF-noR,9,200-1Hz,200p-1s,2.0,0.8,4.0,1,200,1.0,200.0,1,287.07366100000036,0,0
2025-03-12_unkK2-R6_LP-4nF-noR-config_9daydeg_500k-1Hz_400p-1s_-2.4offset_0.4Vpk.txt,2025-03-12,unkK2,R6,LP-4nF-noR,9,500k-1Hz,400p-1s,-2.4,0.4,4.0,1,395,1.0,500000.0,0,-5798.723597,0,0
2025-03-12_unkK2-R6_LP-4nF-noR-config_9daydeg_500k-1Hz_400p-1s_-2offset_0.8Vpk.txt,2025-03-12,unkK2,R6,LP-4nF-noR,9,500k-1Hz,400p-1s,-2.0,0.8,4.0,1,395,1.0,500000.0,0,-1838.6139570000014,0,0
2025-03-12_unkK2-R6_LP-4nF-noR-config_9daydeg_500k-1Hz_400p-1s_2.4offset_0.4Vpk.txt,2025-03-12,unkK2,R6,LP-4nF-noR,9,500k-1Hz,400p-1s,2.4,0.4,4.0,1,395,1.0,500000.0,0,-3732.402706,0,0
2025-03-12_unkK2-R6_LP-4nF-noR-config_9daydeg_500k-1Hz_400p-1s_2offset_0.8Vpk.txt,2025-03-12,unkK2,R6,LP-4nF-noR,9,500k-1Hz,400p-1s,2.0,0.8,4.0,1,395,1.0,500000.0,0,-3205.423302,0,0
2025-03-12_unkK2-R6_LP-4nF-noR-config_9daydeg_500k-5kHz_100p-1s_-2.4offset_0.4Vpk.txt,2025-03-12,unkK2,R6,LP-4nF-noR,9,500k-5kHz,100p-1s,-2.4,0.4,4.0,1,100,5000.0,500000.0,1,143.29836400000022,0,0
2025-03-12_unkK2-R6_LP-4nF-noR-config_9daydeg_500k-5kHz_100p-1s_-2offset_0.8Vpk.txt,2025-03-12,unkK2,R6,LP-4nF-noR,9,500k-5kHz,100p-1s,-2.0,0.8,4.0,1,100,5000.0,500000.0,1,143.28546600000118,0,0
2025-03-12_unkK2-R6_LP-4nF-noR-config_9daydeg_500k-5kHz_100p-1s_2.4offset_0.4Vpk.txt,2025-03-12,unkK2,R6,LP-4nF-noR,9,500k-5kHz,100p-1s,2.4,0.4,4.0,1,100,5000.0,500000.0,1,142.97890299999995,0,0
2025-03-12_unkK2-R6_LP-4nF-noR-config_9daydeg_500k-5kHz_100p-1s_2offset_0.8Vpk.txt,2025-03-12,unkK2,R6,LP-4nF-noR,9,500k-5kHz,100p-1s,2.0,0.8,4.0,1,100,5000.0,500000.0,1,143.27953799999995,0,0
2025-03-12_unkK2-R6_LP-4nF-noR-config_9daydeg_5k-200Hz_97p-1s_-2.4offset_0.4Vpk.txt,2025-03-12,unkK2,R6,LP-4nF-noR,9,5k-200Hz,97p-1s,-2.4,0.4,4.0,1,97,200.0,5000.0,1,139.1863600000006,0,0
2025-03-12_unkK2-R6_LP-4nF-noR-config_9daydeg_5k-200Hz_97p-1s_-2offset_0.8Vpk.txt,2025-03-12,unkK2,R6,LP-4nF-noR,9,5k-200Hz,97p-1s,-2.0,0.8,4.0,1,97,200.0,5000.0,1,139.0743680000014,0,0
2025-03-12_unkK2-R6_LP-4nF-noR-config_9daydeg_5k-200Hz_97p-1s_2.4offset_0.4Vpk.txt,2025-03-12,unkK2,R6,LP-4nF-noR,9,5k-200Hz,97p-1s,2.4,0.4,4.0,1,97,200.0,5000.0,1,138.41180200000008,0,0
2025-03-12_unkK2-R6_LP-4nF-noR-config_9daydeg_5k-200Hz_97p-1s_2offset_0.8Vpk.txt,2025-03-12,unkK2,R6,LP-4nF-noR,9,5k-200Hz,97p-1s,2.0,0.8,4.0,1,97,200.0,5000.0,1,138.69211600000017,0,0
2025-03-12_unkNa2-L6_LP-4nF-noR-config_9daydeg_200-1Hz_200p-1s_-2.4offset_0.4Vpk.txt,2025-03-12,unkNa2,L6,LP-4nF-noR,9,200-1Hz,200p-1s,-2.4,0.4,4.0,1,200,1.0,200.0,1,287.0616289999998,0,0
2025-03-12_unkNa2-L6_LP-4nF-noR-config_9daydeg_200-1Hz_200p-1s_-2offset_0.8Vpk.txt,2025-03-12,unkNa2,L6,LP-4nF-noR,9,200-1Hz,200p-1s,-2.0,0.8,4.0,1,200,1.0,200.0,1,287.15112299999964,0,0
2025-03-12_unkNa2-L6_LP-4nF-noR-config_9daydeg_200-1Hz_200p-1s_2.4offset_0.4Vpk.txt,2025-03-12,unkNa2,L6,LP-4nF-noR,9,200-1Hz,200p-1s,2.4,0.4,4.0,1,200,1.0,200.0,1,287.2405639999997,0,0
2025-03-12_unkNa2-L6_LP-4nF-noR-config_9daydeg_200-1Hz_200p-1s_2offset_0.8Vpk.txt,2025-03-12,unkNa2,L6,LP-4nF-noR,9,200-1Hz,200p-1s,2.0,0.8,4.0,1,200,1.0,200.0,1,288.13713800000005,0,0
2025-03-12_unkNa2-L6_LP-4nF-noR-config_9daydeg_500k-1Hz_400p-1s_-2.4offset_0.4Vpk.txt,2025-03-12,unkNa2,L6,LP-4nF-noR,9,500k-1Hz,400p-1s,-2.4,0.4,4.0,1,395,1.0,500000.0,0,1670.514002,0,0
2025-03-12_unkNa2-L6_LP-4nF-noR-config_9daydeg_500k-1Hz_400p-1s_-2offset_0.8Vpk.txt,2025-03-12,unkNa2,L6,LP-4nF-noR,9,500k-1Hz,400p-1s,-2.0,0.8,4.0,1,395,1.0,500000.0,0,-1502.9597460000005,0,0
2025-03-12_unkNa2-L6_LP-4nF-noR-config_9daydeg_500k-1Hz_400p-1s_2.4offset_0.4Vpk.txt,2025-03-12,unkNa2,L6,LP-4nF-noR,9,500k-1Hz,400p-1s,2.4,0.4,4.0,1,395,1.0,500000.0,0,1794.5384970000014,0,0
2025-03-12_unkNa2-L6_LP-4nF-noR-config_9daydeg_500k-1Hz_400p-1s_2offset_0.8Vpk.txt,2025-03-12,unkNa2,L6,LP-4nF-noR,9,500k-1Hz,400p-1s,2.0,0.8,4.0,1,395,1.0,500000.0,0,-1502.7395509999988,0,0
2025-03-12_unkNa2-L6_LP-4nF-noR-config_9daydeg_500k-5kHz_100p-1s_-2.4offset_0.4Vpk.txt,2025-03-12,unkNa2,L6,LP-4nF-noR,9,500k-5kHz,100p-1s,-2.4,0.4,4.0,1,100,5000.0,500000.0,1,142.96800799999983,0,0
2025-03-12_unkNa2-L6_LP-4nF-noR-config_9daydeg_500k-5kHz_100p-1s_-2offset_0.8Vpk.txt,2025-03-12,unkNa2,L6,LP-4nF-noR,9,500k-5kHz,100p-1s,-2.0,0.8,4.0,1,100,5000.0,500000.0,1,142.41202300000077,0,0
2025-03-12_unkNa2-L6_LP-4nF-noR-config_9daydeg_500k-5kHz_100p-1s_2.4offset_0.4Vpk.txt,2025-03-12,unkNa2,L6,LP-4nF-noR,9,500k-5kHz,100p-1s,2.4,0.4,4.0,1,100,5000.0,500000.0,1,142.83463299999858,0,0
2025-03-12_unkNa2-L6_LP-4nF-noR-config_9daydeg_500k-5kHz_100p-1s_2offset_0.8Vpk.txt,2025-03-12,unkNa2,L6,LP-4nF-noR,9,500k-5kHz,100p-1s,2.0,0.8,4.0,1,100,5000.0,500000.0,1,143.1999999999989,0,0
2025-03-12_unkNa2-L6_LP-4nF-noR-config_9daydeg_5k-200Hz_97p-1s_-2.4offset_0.4Vpk.txt,2025-03-12,unkNa2,L6,LP-4nF-noR,9,5k-200Hz,97p-1s,-2.4,0.4,4.0,1,97,200.0,5000.0,1,138.89512300000206,0,0
2025-03-12_unkNa2-L6_LP-4nF-noR-config_9daydeg_5k-200Hz_97p-1s_-2offset_0.8Vpk.txt,2025-03-12,unkNa2,L6,LP-4nF-noR,9,5k-200Hz,97p-1s,-2.0,0.8,4.0,1,97,200.0,5000.0,1,138.40674900000158,0,0
2025-03-12_unkNa2-L6_LP-4nF-noR-config_9daydeg_5k-200Hz_97p-1s_2.4offset_0.4Vpk.txt,2025-03-12,unkNa2,L6,LP-4nF-noR,9,5k-200Hz,97p-1s,2.4,0.4,4.0,1,97,200.0,5000.0,1,138.4837230000012,0,0
2025-03-12_unkNa2-L6_LP-4nF-noR-config_9daydeg_5k-200Hz_97p-1s_2offset_0.8Vpk.txt,2025-03-12,unkNa2,L6,LP-4nF-noR,9,5k-200Hz,97p-1s,2.0,0.8,4.0,1,97,200.0,5000.0,1,138.7450379999991,0,0
2025-03-12_unkNa2-R5_LP-4nF-noR-config_9daydeg_200-1Hz_200p-1s_-2.4offset_0.4Vpk.txt,2025-03-12,unkNa2,R5,LP-4nF-noR,9,200-1Hz,200p-1s,-2.4,0.4,4.0,1,200,1.0,200.0,1,286.8722830000006,0,0
2025-03-12_unkNa2-R5_LP-4nF-noR-config_9daydeg_200-1Hz_200p-1s_-2offset_0.8Vpk.txt,2025-03-12,unkNa2,R5,LP-4nF-noR,9,200-1Hz,200p-1s,-2.0,0.8,4.0,1,200,1.0,200.0,1,286.79936299999827,0,0
2025-03-12_unkNa2-R5_LP-4nF-noR-config_9daydeg_200-1Hz_200p-1s_2.4offset_0.4Vpk.txt,2025-03-12,unkNa2,R5,LP-4nF-noR,9,200-1Hz,200p-1s,2.4,0.4,4.0,1,200,1.0,200.0,1,287.2802190000002,0,0
2025-03-12_unkNa2-R5_LP-4nF-noR-config_9daydeg_200-1Hz_200p-1s_2offset_0.8Vpk.txt,2025-03-12,unkNa2,R5,LP-4nF-noR,9,200-1Hz,200p-1s,2.0,0.8,4.0,1,200,1.0,200.0,1,287.8319310000006,0,0
2025-03-12_unkNa2-R5_LP-4nF-noR-config_9daydeg_500k-1Hz_400p-1s_-2.4offset_0.4Vpk.txt,2025-03-12,unkNa2,R5,LP-4nF-noR,9,500k-1Hz,400p-1s,-2.4,0.4,4.0,1,395,1.0,500000.0,0,1663.6245979999985,0,0
2025-03-12_unkNa2-R5_LP-4nF-noR-config_9daydeg_500k-1Hz_400p-1s_-2offset_0.8Vpk.txt,2025-03-12,unkNa2,R5,LP-4nF-noR,9,500k-1Hz,400p-1s,-2.0,0.8,4.0,1,395,1.0,500000.0,0,-1707.7623079999976,0,0
2025-03-12_unkNa2-R5_LP-4nF-noR-config_9daydeg_500k-1Hz_400p-1s_2.4offset_0.4Vpk.txt,2025-03-12,unkNa2,R5,LP-4nF-noR,9,500k-1Hz,400p-1s,2.4,0.4,4.0,1,395,1.0,500000.0,0,1765.4852390000015,0,0
2025-03-12_unkNa2-R5_LP-4nF-noR-config_9daydeg_500k-1Hz_400p-1s_2offset_0.8Vpk.txt,2025-03-12,unkNa2,R5,LP-4nF-noR,9,500k-1Hz,400p-1s,2.0,0.8,4.0,1,395,1.0,500000.0,0,-1569.7420600000005,0,0
2025-03-12_unkNa2-R5_LP-4nF-noR-config_9daydeg_500k-5kHz_100p-1s_-2.4offset_0.4Vpk.txt,2025-03-12,unkNa2,R5,LP-4nF-noR,9,500k-5kHz,100p-1s,-2.4,0.4,4.0,1,100,5000.0,500000.0,1,142.65082500000062,0,0
2025-03-12_unkNa2-R5_LP-4nF-noR-config_9daydeg_500k-5kHz_100p-1s_-2offset_0.8Vpk.txt,2025-03-12,unkNa2,R5,LP-4nF-noR,9,500k-5kHz,100p-1s,-2.0,0.8,4.0,1,100,5000.0,500000.0,1,143.36419599999863,0,0
2025-03-12_unkNa2-R5_LP-4nF-noR-config_9daydeg_500k-5kHz_100p-1s_2.4offset_0.4Vpk.txt,2025-03-12,unkNa2,R5,LP-4nF-noR,9,500k-5kHz,100p-1s,2.4,0.4,4.0,1,100,5000.0,500000.0,1,142.6857850000015,0,0
2025-03-12_unkNa2-R5_LP-4nF-noR-config_9daydeg_500k-5kHz_100p-1s_2offset_0.8Vpk.txt,2025-03-12,unkNa2,R5,LP-4nF-noR,9,500k-5kHz,100p-1s,2.0,0.8,4.0,1,100,5000.0,500000.0,1,142.89063999999962,0,0
2025-03-12_unkNa2-R5_LP-4nF-noR-config_9daydeg_5k-200Hz_97p-1s_-2.4offset_0.4Vpk.txt,2025-03-12,unkNa2,R5,LP-4nF-noR,9,5k-200Hz,97p-1s,-2.4,0.4,4.0,1,97,200.0,5000.0,1,138.40499099999943,0,0
2025-03-12_unkNa2-R5_LP-4nF-noR-config_9daydeg_5k-200Hz_97p-1s_-2offset_0.8Vpk.txt,2025-03-12,unkNa2,R5,LP-4nF-noR,9,5k-200Hz,97p-1s,-2.0,0.8,4.0,1,97,200.0,5000.0,1,138.70367400000032,0,0
2025-03-12_unkNa2-R5_LP-4nF-noR-config_9daydeg_5k-200Hz_97p-1s_2.4offset_0.4Vpk.txt,2025-03-12,unkNa2,R5,LP-4nF-noR,9,5k-200Hz,97p-1s,2.4,0.4,4.0,1,97,200.0,5000.0,1,138.55539599999975,0,0
2025-03-12_unkNa2-R5_LP-4nF-noR-config_9daydeg_5k-200Hz_97p-1s_2offset_0.8Vpk.txt,2025-03-12,unkNa2,R5,LP-4nF-noR,9,5k-200Hz,97p-1s,2.0,0.8,4.0,1,97,200.0,5000.0,1,138.73024500000065,0,0
2025-03-12_unkNa2-R6_LP-4nF-noR-config_9daydeg_200-1Hz_200p-1s_-2.4offset_0.4Vpk.txt,2025-03-12,unkNa2,R6,LP-4nF-noR,9,200-1Hz,200p-1s,-2.4,0.4,4.0,1,200,1.0,200.0,1,286.73545100000047,0,0
2025-03-12_unkNa2-R6_LP-4nF-noR-config_9daydeg_200-1Hz_200p-1s_-2offset_0.8Vpk.txt,2025-03-12,unkNa2,R6,LP-4nF-noR,9,200-1Hz,200p-1s,-2.0,0.8,4.0,1,200,1.0,200.0,1,286.9257949999992,0,0
2025-03-12_unkNa2-R6_LP-4nF-noR-config_9daydeg_200-1Hz_200p-1s_2.4offset_0.4Vpk.txt,2025-03-12,unkNa2,R6,LP-4nF-noR,9,200-1Hz,200p-1s,2.4,0.4,4.0,1,200,1.0,200.0,1,286.8835629999994,0,0
2025-03-12_unkNa2-R6_LP-4nF-noR-config_9daydeg_200-1Hz_200p-1s_2offset_0.8Vpk.txt,2025-03-12,unkNa2,R6,LP-4nF-noR,9,200-1Hz,200p-1s,2.0,0.8,4.0,1,200,1.0,200.0,1,287.9354770000009,0,0
2025-03-12_unkNa2-R6_LP-4nF-noR-config_9daydeg_500k-1Hz_400p-1s_-2.4offset_0.4Vpk.txt,2025-03-12,unkNa2,R6,LP-4nF-noR,9,500k-1Hz,400p-1s,-2.4,0.4,4.0,1,395,1.0,500000.0,0,1532.2054500000013,0,0
2025-03-12_unkNa2-R6_LP-4nF-noR-config_9daydeg_500k-1Hz_400p-1s_-2offset_0.8Vpk.txt,2025-03-12,unkNa2,R6,LP-4nF-noR,9,500k-1Hz,400p-1s,-2.0,0.8,4.0,1,395,1.0,500000.0,0,-1901.5703950000025,0,0
2025-03-12_unkNa2-R6_LP-4nF-noR-config_9daydeg_500k-1Hz_400p-1s_2.4offset_0.4Vpk.txt,2025-03-12,unkNa2,R6,LP-4nF-noR,9,500k-1Hz,400p-1s,2.4,0.4,4.0,1,395,1.0,500000.0,0,1555.3649100000002,0,0
2025-03-12_unkNa2-R6_LP-4nF-noR-config_9daydeg_500k-1Hz_400p-1s_2offset_0.8Vpk.txt,2025-03-12,unkNa2,R6,LP-4nF-noR,9,500k-1Hz,400p-1s,2.0,0.8,4.0,1,395,1.0,500000.0,0,-1759.1526290000002,0,0
2025-03-12_unkNa2-R6_LP-4nF-noR-config_9daydeg_500k-5kHz_100p-1s_-2.4offset_0.4Vpk.txt,2025-03-12,unkNa2,R6,LP-4nF-noR,9,500k-5kHz,100p-1s,-2.4,0.4,4.0,1,100,5000.0,500000.0,1,142.76273700000093,0,0
2025-03-12_unkNa2-R6_LP-4nF-noR-config_9daydeg_500k-5kHz_100p-1s_-2offset_0.8Vpk.txt,2025-03-12,unkNa2,R6,LP-4nF-noR,9,500k-5kHz,100p-1s,-2.0,0.8,4.0,1,100,5000.0,500000.0,1,142.52000800000314,0,0
2025-03-12_unkNa2-R6_LP-4nF-noR-config_9daydeg_500k-5kHz_100p-1s_2.4offset_0.4Vpk.txt,2025-03-12,unkNa2,R6,LP-4nF-noR,9,500k-5kHz,100p-1s,2.4,0.4,4.0,1,100,5000.0,500000.0,1,143.17036500000177,0,0
2025-03-12_unkNa2-R6_LP-4nF-noR-config_9daydeg_500k-5kHz_100p-1s_2offset_0.8Vpk.txt,2025-03-12,unkNa2,R6,LP-4nF-noR,9,500k-5kHz,100p-1s,2.0,0.8,4.0,1,100,5000.0,500000.0,1,143.13200200000028,0,0
2025-03-12_unkNa2-R6_LP-4nF-noR-config_9daydeg_5k-200Hz_97p-1s_-2.4offset_0.4Vpk.txt,2025-03-12,unkNa2,R6,LP-4nF-noR,9,5k-200Hz,97p-1s,-2.4,0.4,4.0,1,97,200.0,5000.0,1,138.93254399999933,0,0
2025-03-12_unkNa2-R6_LP-4nF-noR-config_9daydeg_5k-200Hz_97p-1s_-2offset_0.8Vpk.txt,2025-03-12,unkNa2,R6,LP-4nF-noR,9,5k-200Hz,97p-1s,-2.0,0.8,4.0,1,97,200.0,5000.0,1,138.2785729999996,0,0
2025-03-12_unkNa2-R6_LP-4nF-noR-config_9daydeg_5k-200Hz_97p-1s_2.4offset_0.4Vpk.txt,2025-03-12,unkNa2,R6,LP-4nF-noR,9,5k-200Hz,97p-1s,2.4,0.4,4.0,1,97,200.0,5000.0,1,138.82255400000213,0,0
2025-03-12_unkNa2-R6_LP-4nF-noR-config_9daydeg_5k-200Hz_97p-1s_2offset_0.8Vpk.txt,2025-03-12,unkNa2,R6,LP-4nF-noR,9,5k-200Hz,97p-1s,2.0,0.8,4.0,1,97,200.0,5000.0,1,138.90811500000018,0,0
2025-03-13_unkLi2-L3_LP-4nF-noR-config_10daydeg_200-1Hz_200p-1s_-2.4offset_0.4Vpk.txt,2025-03-13,unkLi2,L3,LP-4nF-noR,10,200-1Hz,200p-1s,-2.4,0.4,4.0,1,200,1.0,200.0,1,287.5031520000048,0,0
2025-03-13_unkLi2-L3_LP-4nF-noR-config_10daydeg_200-1Hz_200p-1s_-2offset_0.8Vpk.txt,2025-03-13,unkLi2,L3,LP-4nF-noR,10,200-1Hz,200p-1s,-2.0,0.8,4.0,1,200,1.0,200.0,1,287.1996599999984,0,0
2025-03-13_unkLi2-L3_LP-4nF-noR-config_10daydeg_200-1Hz_200p-1s_2.4offset_0.4Vpk.txt,2025-03-13,unkLi2,L3,LP-4nF-noR,10,200-1Hz,200p-1s,2.4,0.4,4.0,1,200,1.0,200.0,1,287.69516499999736,0,0
2025-03-13_unkLi2-L3_LP-4nF-noR-config_10daydeg_200-1Hz_200p-1s_2offset_0.8Vpk.txt,2025-03-13,unkLi2,L3,LP-4nF-noR,10,200-1Hz,200p-1s,2.0,0.8,4.0,1,200,1.0,200.0,1,288.22006999999576,0,0
2025-03-13_unkLi2-L3_LP-4nF-noR-config_10daydeg_500k-1Hz_400p-1s_-2.4offset_0.4Vpk.txt,2025-03-13,unkLi2,L3,LP-4nF-noR,10,500k-1Hz,400p-1s,-2.4,0.4,4.0,1,395,1.0,500000.0,0,-1806.9796130000032,0,0
2025-03-13_unkLi2-L3_LP-4nF-noR-config_10daydeg_500k-1Hz_400p-1s_-2offset_0.8Vpk.txt,2025-03-13,unkLi2,L3,LP-4nF-noR,10,500k-1Hz,400p-1s,-2.0,0.8,4.0,1,395,1.0,500000.0,0,-646.9899770000047,0,0
2025-03-13_unkLi2-L3_LP-4nF-noR-config_10daydeg_500k-1Hz_400p-1s_2.4offset_0.4Vpk.txt,2025-03-13,unkLi2,L3,LP-4nF-noR,10,500k-1Hz,400p-1s,2.4,0.4,4.0,1,395,1.0,500000.0,0,-1460.2731619999977,0,0
2025-03-13_unkLi2-L3_LP-4nF-noR-config_10daydeg_500k-1Hz_400p-1s_2offset_0.8Vpk.txt,2025-03-13,unkLi2,L3,LP-4nF-noR,10,500k-1Hz,400p-1s,2.0,0.8,4.0,1,395,1.0,500000.0,0,-672.653456,0,0
2025-03-13_unkLi2-L3_LP-4nF-noR-config_10daydeg_500k-5kHz_100p-1s_-2.4offset_0.4Vpk.txt,2025-03-13,unkLi2,L3,LP-4nF-noR,10,500k-5kHz,100p-1s,-2.4,0.4,4.0,1,100,5000.0,500000.0,1,143.0035310000094,0,0
2025-03-13_unkLi2-L3_LP-4nF-noR-config_10daydeg_500k-5kHz_100p-1s_-2offset_0.8Vpk.txt,2025-03-13,unkLi2,L3,LP-4nF-noR,10,500k-5kHz,100p-1s,-2.0,0.8,4.0,1,100,5000.0,500000.0,1,143.00707300000067,0,0
2025-03-13_unkLi2-L3_LP-4nF-noR-config_10daydeg_500k-5kHz_100p-1s_2.4offset_0.4Vpk.txt,2025-03-13,unkLi2,L3,LP-4nF-noR,10,500k-5kHz,100p-1s,2.4,0.4,4.0,1,100,5000.0,500000.0,1,143.52897600000142,0,0
2025-03-13_unkLi2-L3_LP-4nF-noR-config_10daydeg_500k-5kHz_100p-1s_2offset_0.8Vpk.txt,2025-03-13,unkLi2,L3,LP-4nF-noR,10,500k-5kHz,100p-1s,2.0,0.8,4.0,1,100,5000.0,500000.0,1,143.00283100000524,0,0
2025-03-13_unkLi2-L3_LP-4nF-noR-config_10daydeg_5k-200Hz_97p-1s_-2.4offset_0.4Vpk.txt,2025-03-13,unkLi2,L3,LP-4nF-noR,10,5k-200Hz,97p-1s,-2.4,0.4,4.0,1,97,200.0,5000.0,1,138.86368799999764,0,0
2025-03-13_unkLi2-L3_LP-4nF-noR-config_10daydeg_5k-200Hz_97p-1s_-2offset_0.8Vpk.txt,2025-03-13,unkLi2,L3,LP-4nF-noR,10,5k-200Hz,97p-1s,-2.0,0.8,4.0,1,97,200.0,5000.0,1,138.89220699999714,0,0
2025-03-13_unkLi2-L3_LP-4nF-noR-config_10daydeg_5k-200Hz_97p-1s_2.4offset_0.4Vpk.txt,2025-03-13,unkLi2,L3,LP-4nF-noR,10,5k-200Hz,97p-1s,2.4,0.4,4.0,1,97,200.0,5000.0,1,138.71692099999927,0,0
2025-03-13_unkLi2-L3_LP-4nF-noR-config_10daydeg_5k-200Hz_97p-1s_2offset_0.8Vpk.txt,2025-03-13,unkLi2,L3,LP-4nF-noR,10,5k-200Hz,97p-1s,2.0,0.8,4.0,1,97,200.0,5000.0,1,138.547934000002,0,0
2025-03-13_unkLi2-R4_LP-4nF-noR-config_10daydeg_200-1Hz_200p-1s_-2.4offset_0.4Vpk.txt,2025-03-13,unkLi2,R4,LP-4nF-noR,10,200-1Hz,200p-1s,-2.4,0.4,4.0,1,200,1.0,200.0,1,287.89799800000037,0,0
2025-03-13_unkLi2-R4_LP-4nF-noR-config_10daydeg_200-1Hz_200p-1s_-2offset_0.8Vpk.txt,2025-03-13,unkLi2,R4,LP-4nF-noR,10,200-1Hz,200p-1s,-2.0,0.8,4.0,1,200,1.0,200.0,1,287.5659900000028,0,0
2025-03-13_unkLi2-R4_LP-4nF-noR-config_10daydeg_200-1Hz_200p-1s_2.4offset_0.4Vpk.txt,2025-03-13,unkLi2,R4,LP-4nF-noR,10,200-1Hz,200p-1s,2.4,0.4,4.0,1,200,1.0,200.0,1,287.22401000000536,0,0
2025-03-13_unkLi2-R4_LP-4nF-noR-config_10daydeg_200-1Hz_200p-1s_2offset_0.8Vpk.txt,2025-03-13,unkLi2,R4,LP-4nF-noR,10,200-1Hz,200p-1s,2.0,0.8,4.0,1,200,1.0,200.0,1,288.2659180000046,0,0
2025-03-13_unkLi2-R4_LP-4nF-noR-config_10daydeg_500k-1Hz_400p-1s_-2.4offset_0.4Vpk.txt,2025-03-13,unkLi2,R4,LP-4nF-noR,10,500k-1Hz,400p-1s,-2.4,0.4,4.0,1,395,1.0,500000.0,0,-1356.2782929999958,0,0
2025-03-13_unkLi2-R4_LP-4nF-noR-config_10daydeg_500k-1Hz_400p-1s_-2offset_0.8Vpk.txt,2025-03-13,unkLi2,R4,LP-4nF-noR,10,500k-1Hz,400p-1s,-2.0,0.8,4.0,1,395,1.0,500000.0,0,-1185.0436199999967,0,0
2025-03-13_unkLi2-R4_LP-4nF-noR-config_10daydeg_500k-1Hz_400p-1s_2.4offset_0.4Vpk.txt,2025-03-13,unkLi2,R4,LP-4nF-noR,10,500k-1Hz,400p-1s,2.4,0.4,4.0,1,395,1.0,500000.0,0,-1582.8524489999982,0,0
2025-03-13_unkLi2-R4_LP-4nF-noR-config_10daydeg_500k-1Hz_400p-1s_2offset_0.8Vpk.txt,2025-03-13,unkLi2,R4,LP-4nF-noR,10,500k-1Hz,400p-1s,2.0,0.8,4.0,1,395,1.0,500000.0,0,839.1914059999981,0,0
2025-03-13_unkLi2-R4_LP-4nF-noR-config_10daydeg_500k-5kHz_100p-1s_-2.4offset_0.4Vpk.txt,2025-03-13,unkLi2,R4,LP-4nF-noR,10,500k-5kHz,100p-1s,-2.4,0.4,4.0,1,100,5000.0,500000.0,1,143.33455699999467,0,0
2025-03-13_unkLi2-R4_LP-4nF-noR-config_10daydeg_500k-5kHz_100p-1s_-2offset_0.8Vpk.txt,2025-03-13,unkLi2,R4,LP-4nF-noR,10,500k-5kHz,100p-1s,-2.0,0.8,4.0,1,100,5000.0,500000.0,1,143.38061999999627,0,0
2025-03-13_unkLi2-R4_LP-4nF-noR-config_10daydeg_500k-5kHz_100p-1s_2.4offset_0.4Vpk.txt,2025-03-13,unkLi2,R4,LP-4nF-noR,10,500k-5kHz,100p-1s,2.4,0.4,4.0,1,100,5000.0,500000.0,1,142.9613309999986,0,0
2025-03-13_unkLi2-R4_LP-4nF-noR-config_10daydeg_500k-5kHz_100p-1s_2offset_0.8Vpk.txt,2025-03-13,unkLi2,R4,LP-4nF-noR,10,500k-5kHz,100p-1s,2.0,0.8,4.0,1,100,5000.0,500000.0,1,142.77640899999824,0,0
2025-03-13_unkLi2-R4_LP-4nF-noR-config_10daydeg_5k-200Hz_97p-1s_-2.4offset_0.4Vpk.txt,2025-03-13,unkLi2,R4,LP-4nF-noR,10,5k-200Hz,97p-1s,-2.4,0.4,4.0,1,97,200.0,5000.0,1,138.67614199999662,0,0
2025-03-13_unkLi2-R4_LP-4nF-noR-config_10daydeg_5k-200Hz_97p-1s_-2offset_0.8Vpk.txt,2025-03-13,unkLi2,R4,LP-4nF-noR,10,5k-200Hz,97p-1s,-2.0,0.8,4.0,1,97,200.0,5000.0,1,138.78883900000073,0,0
2025-03-13_unkLi2-R4_LP-4nF-noR-config_10daydeg_5k-200Hz_97p-1s_2.4offset_0.4Vpk.txt,2025-03-13,unkLi2,R4,LP-4nF-noR,10,5k-200Hz,97p-1s,2.4,0.4,4.0,1,97,200.0,5000.0,1,138.60366599999543,0,0
2025-03-13_unkLi2-R4_LP-4nF-noR-config_10daydeg_5k-200Hz_97p-1s_2offset_0.8Vpk.txt,2025-03-13,unkLi2,R4,LP-4nF-noR,10,5k-200Hz,97p-1s,2.0,0.8,4.0,1,97,200.0,5000.0,1,138.6537559999997,0,0
2025-03-13_unkLi2-R6_LP-4nF-noR-config_10daydeg_200-1Hz_200p-1s_-2.4offset_0.4Vpk.txt,2025-03-13,unkLi2,R6,LP-4nF-noR,10,200-1Hz,200p-1s,-2.4,0.4,4.0,1,200,1.0,200.0,1,287.00992099998984,0,0
2025-03-13_unkLi2-R6_LP-4nF-noR-config_10daydeg_200-1Hz_200p-1s_-2offset_0.8Vpk.txt,2025-03-13,unkLi2,R6,LP-4nF-noR,10,200-1Hz,200p-1s,-2.0,0.8,4.0,1,200,1.0,200.0,1,287.4092279999895,0,0
2025-03-13_unkLi2-R6_LP-4nF-noR-config_10daydeg_200-1Hz_200p-1s_2.4offset_0.4Vpk.txt,2025-03-13,unkLi2,R6,LP-4nF-noR,10,200-1Hz,200p-1s,2.4,0.4,4.0,1,200,1.0,200.0,1,287.6859379999951,0,0
2025-03-13_unkLi2-R6_LP-4nF-noR-config_10daydeg_200-1Hz_200p-1s_2offset_0.8Vpk.txt,2025-03-13,unkLi2,R6,LP-4nF-noR,10,200-1Hz,200p-1s,2.0,0.8,4.0,1,200,1.0,200.0,1,287.0039439999964,0,0
2025-03-13_unkLi2-R6_LP-4nF-noR-config_10daydeg_500k-1Hz_400p-1s_-2.4offset_0.4Vpk.txt,2025-03-13,unkLi2,R6,LP-4nF-noR,10,500k-1Hz,400p-1s,-2.4,0.4,4.0,1,395,1.0,500000.0,0,-1590.6168599999946,0,0
2025-03-13_unkLi2-R6_LP-4nF-noR-config_10daydeg_500k-1Hz_400p-1s_-2offset_0.8Vpk.txt,2025-03-13,unkLi2,R6,LP-4nF-noR,10,500k-1Hz,400p-1s,-2.0,0.8,4.0,1,395,1.0,500000.0,0,-1291.754218999995,0,0
2025-03-13_unkLi2-R6_LP-4nF-noR-config_10daydeg_500k-1Hz_400p-1s_2.4offset_0.4Vpk.txt,2025-03-13,unkLi2,R6,LP-4nF-noR,10,500k-1Hz,400p-1s,2.4,0.4,4.0,1,395,1.0,500000.0,0,-1681.539883999998,0,0
2025-03-13_unkLi2-R6_LP-4nF-noR-config_10daydeg_500k-1Hz_400p-1s_2offset_0.8Vpk.txt,2025-03-13,unkLi2,R6,LP-4nF-noR,10,500k-1Hz,400p-1s,2.0,0.8,4.0,1,395,1.0,500000.0,0,640.350575000004,0,0
2025-03-13_unkLi2-R6_LP-4nF-noR-config_10daydeg_500k-5kHz_100p-1s_-2.4offset_0.4Vpk.txt,2025-03-13,unkLi2,R6,LP-4nF-noR,10,500k-5kHz,100p-1s,-2.4,0.4,4.0,1,100,5000.0,500000.0,1,143.26925499999197,0,0
2025-03-13_unkLi2-R6_LP-4nF-noR-config_10daydeg_500k-5kHz_100p-1s_-2offset_0.8Vpk.txt,2025-03-13,unkLi2,R6,LP-4nF-noR,10,500k-5kHz,100p-1s,-2.0,0.8,4.0,1,100,5000.0,500000.0,1,142.92549199999485,0,0
2025-03-13_unkLi2-R6_LP-4nF-noR-config_10daydeg_500k-5kHz_100p-1s_2.4offset_0.4Vpk.txt,2025-03-13,unkLi2,R6,LP-4nF-noR,10,500k-5kHz,100p-1s,2.4,0.4,4.0,1,100,5000.0,500000.0,1,142.7655470000027,0,0
2025-03-13_unkLi2-R6_LP-4nF-noR-config_10daydeg_500k-5kHz_100p-1s_2offset_0.8Vpk.txt,2025-03-13,unkLi2,R6,LP-4nF-noR,10,500k-5kHz,100p-1s,2.0,0.8,4.0,1,100,5000.0,500000.0,1,143.59270999999717,0,0
2025-03-13_unkLi2-R6_LP-4nF-noR-config_10daydeg_5k-200Hz_97p-1s_-2.4offset_0.4Vpk.txt,2025-03-13,unkLi2,R6,LP-4nF-noR,10,5k-200Hz,97p-1s,-2.4,0.4,4.0,1,97,200.0,5000.0,1,138.83465699999942,0,0
2025-03-13_unkLi2-R6_LP-4nF-noR-config_10daydeg_5k-200Hz_97p-1s_-2offset_0.8Vpk.txt,2025-03-13,unkLi2,R6,LP-4nF-noR,10,5k-200Hz,97p-1s,-2.0,0.8,4.0,1,97,200.0,5000.0,1,138.51299599999038,0,0
2025-03-13_unkLi2-R6_LP-4nF-noR-config_10daydeg_5k-200Hz_97p-1s_2.4offset_0.4Vpk.txt,2025-03-13,unkLi2,R6,LP-4nF-noR,10,5k-200Hz,97p-1s,2.4,0.4,4.0,1,97,200.0,5000.0,1,138.6210749999882,0,0
2025-03-13_unkLi2-R6_LP-4nF-noR-config_10daydeg_5k-200Hz_97p-1s_2offset_0.8Vpk.txt,2025-03-13,unkLi2,R6,LP-4nF-noR,10,5k-200Hz,97p-1s,2.0,0.8,4.0,1,97,200.0,5000.0,1,139.0917749999935,0,0
2025-03-26_unkLi2-L3_LP-4nF-noR-config_23daydeg_200-1Hz_200p-1s_-0.5offset_0.25Vpk.txt,2025-03-26,unkLi2,L3,LP-4nF-noR,23,200-1Hz,200p-1s,-0.5,0.25,4.0,1,200,1.0,200.0,1,287.85846700007096,0,0
2025-03-26_unkLi2-L3_LP-4nF-noR-config_23daydeg_200-1Hz_200p-1s_-1.5offset_0.25Vpk.txt,2025-03-26,unkLi2,L3,LP-4nF-noR,23,200-1Hz,200p-1s,-1.5,0.25,4.0,1,200,1.0,200.0,1,287.7048319999594,0,0
2025-03-26_unkLi2-L3_LP-4nF-noR-config_23daydeg_200-1Hz_200p-1s_-1offset_0.25Vpk.txt,2025-03-26,unkLi2,L3,LP-4nF-noR,23,200-1Hz,200p-1s,-1.0,0.25,4.0,1,200,1.0,200.0,1,287.99273999989964,0,0
2025-03-26_unkLi2-L3_LP-4nF-noR-config_23daydeg_200-1Hz_200p-1s_-2.5offset_0.25Vpk.txt,2025-03-26,unkLi2,L3,LP-4nF-noR,23,200-1Hz,200p-1s,-2.5,0.25,4.0,1,200,1.0,200.0,1,287.56929900008254,0,0
2025-03-26_unkLi2-L3_LP-4nF-noR-config_23daydeg_200-1Hz_200p-1s_-2offset_0.25Vpk.txt,2025-03-26,unkLi2,L3,LP-4nF-noR,23,200-1Hz,200p-1s,-2.0,0.25,4.0,1,200,1.0,200.0,1,287.1325530000031,0,0
2025-03-26_unkLi2-L3_LP-4nF-noR-config_23daydeg_200-1Hz_200p-1s_0.5offset_0.25Vpk.txt,2025-03-26,unkLi2,L3,LP-4nF-noR,23,200-1Hz,200p-1s,0.5,0.25,4.0,1,200,1.0,200.0,1,287.7371529999655,0,0
2025-03-26_unkLi2-L3_LP-4nF-noR-config_23daydeg_200-1Hz_200p-1s_0offset_0.25Vpk.txt,2025-03-26,unkLi2,L3,LP-4nF-noR,23,200-1Hz,200p-1s,0.0,0.25,4.0,1,200,1.0,200.0,1,287.56669200002216,0,0
2025-03-26_unkLi2-L3_LP-4nF-noR-config_23daydeg_200-1Hz_200p-1s_1.5offset_0.25Vpk.txt,2025-03-26,unkLi2,L3,LP-4nF-noR,23,200-1Hz,200p-1s,1.5,0.25,4.0,1,200,1.0,200.0,1,287.5999689998571,0,0
2025-03-26_unkLi2-L3_LP-4nF-noR-config_23daydeg_200-1Hz_200p-1s_1offset_0.25Vpk.txt,2025-03-26,unkLi2,L3,LP-4nF-noR,23,200-1Hz,200p-1s,1.0,0.25,4.0,1,200,1.0,200.0,1,287.471787000075,0,0
2025-03-26_unkLi2-L3_LP-4nF-noR-config_23daydeg_200-1Hz_200p-1s_2.5offset_0.25Vpk.txt,2025-03-26,unkLi2,L3,LP-4nF-noR,23,200-1Hz,200p-1s,2.5,0.25,4.0,1,200,1.0,200.0,1,287.26574099995196,0,0
2025-03-26_unkLi2-L3_LP-4nF-noR-config_23daydeg_200-1Hz_200p-1s_2offset_0.25Vpk.txt,2025-03-26,unkLi2,L3,LP-4nF-noR,23,200-1Hz,200p-1s,2.0,0.25,4.0,1,200,1.0,200.0,1,288.0804439999629,0,0
2025-03-26_unkLi2-L3_LP-4nF-noR-config_23daydeg_500k-1Hz_400p-1s_-0.5offset_0.25Vpk.txt,2025-03-26,unkLi2,L3,LP-4nF-noR,23,500k-1Hz,400p-1s,-0.5,0.25,4.0,1,395,1.0,500000.0,0,4974.143830999965,0,0
2025-03-26_unkLi2-L3_LP-4nF-noR-config_23daydeg_500k-1Hz_400p-1s_-1.5offset_0.25Vpk.txt,2025-03-26,unkLi2,L3,LP-4nF-noR,23,500k-1Hz,400p-1s,-1.5,0.25,4.0,1,395,1.0,500000.0,0,4686.890846000053,0,0
2025-03-26_unkLi2-L3_LP-4nF-noR-config_23daydeg_500k-1Hz_400p-1s_-1offset_0.25Vpk.txt,2025-03-26,unkLi2,L3,LP-4nF-noR,23,500k-1Hz,400p-1s,-1.0,0.25,4.0,1,395,1.0,500000.0,0,4827.89094000007,0,0
2025-03-26_unkLi2-L3_LP-4nF-noR-config_23daydeg_500k-1Hz_400p-1s_-2.5offset_0.25Vpk.txt,2025-03-26,unkLi2,L3,LP-4nF-noR,23,500k-1Hz,400p-1s,-2.5,0.25,4.0,1,395,1.0,500000.0,0,4411.776312999893,0,0
2025-03-26_unkLi2-L3_LP-4nF-noR-config_23daydeg_500k-1Hz_400p-1s_-2offset_0.25Vpk.txt,2025-03-26,unkLi2,L3,LP-4nF-noR,23,500k-1Hz,400p-1s,-2.0,0.25,4.0,1,395,1.0,500000.0,0,4552.132141000126,0,0
2025-03-26_unkLi2-L3_LP-4nF-noR-config_23daydeg_500k-1Hz_400p-1s_0.5offset_0.25Vpk.txt,2025-03-26,unkLi2,L3,LP-4nF-noR,23,500k-1Hz,400p-1s,0.5,0.25,4.0,1,395,1.0,500000.0,0,5804.087176000001,0,0
2025-03-26_unkLi2-L3_LP-4nF-noR-config_23daydeg_500k-1Hz_400p-1s_0offset_0.25Vpk.txt,2025-03-26,unkLi2,L3,LP-4nF-noR,23,500k-1Hz,400p-1s,0.0,0.25,4.0,1,395,1.0,500000.0,0,5987.66184299998,0,0
2025-03-26_unkLi2-L3_LP-4nF-noR-config_23daydeg_500k-1Hz_400p-1s_1.5offset_0.25Vpk.txt,2025-03-26,unkLi2,L3,LP-4nF-noR,23,500k-1Hz,400p-1s,1.5,0.25,4.0,1,395,1.0,500000.0,0,5562.284036000026,0,0
2025-03-26_unkLi2-L3_LP-4nF-noR-config_23daydeg_500k-1Hz_400p-1s_1offset_0.25Vpk.txt,2025-03-26,unkLi2,L3,LP-4nF-noR,23,500k-1Hz,400p-1s,1.0,0.25,4.0,1,395,1.0,500000.0,0,5727.714341999963,0,0
2025-03-26_unkLi2-L3_LP-4nF-noR-config_23daydeg_500k-1Hz_400p-1s_2.5offset_0.25Vpk.txt,2025-03-26,unkLi2,L3,LP-4nF-noR,23,500k-1Hz,400p-1s,2.5,0.25,4.0,1,395,1.0,500000.0,0,5147.0146210000385,0,0
2025-03-26_unkLi2-L3_LP-4nF-noR-config_23daydeg_500k-1Hz_400p-1s_2offset_0.25Vpk.txt,2025-03-26,unkLi2,L3,LP-4nF-noR,23,500k-1Hz,400p-1s,2.0,0.25,4.0,1,395,1.0,500000.0,0,5296.21527600009,0,0
2025-03-26_unkLi2-L3_LP-4nF-noR-config_23daydeg_500k-5kHz_100p-1s_-0.5offset_0.25Vpk.txt,2025-03-26,unkLi2,L3,LP-4nF-noR,23,500k-5kHz,100p-1s,-0.5,0.25,4.0,1,100,5000.0,500000.0,1,143.45984299993142,0,0
2025-03-26_unkLi2-L3_LP-4nF-noR-config_23daydeg_500k-5kHz_100p-1s_-1.5offset_0.25Vpk.txt,2025-03-26,unkLi2,L3,LP-4nF-noR,23,500k-5kHz,100p-1s,-1.5,0.25,4.0,1,100,5000.0,500000.0,1,143.34938000002876,0,0
2025-03-26_unkLi2-L3_LP-4nF-noR-config_23daydeg_500k-5kHz_100p-1s_-1offset_0.25Vpk.txt,2025-03-26,unkLi2,L3,LP-4nF-noR,23,500k-5kHz,100p-1s,-1.0,0.25,4.0,1,100,5000.0,500000.0,1,142.73783300002106,0,0
2025-03-26_unkLi2-L3_LP-4nF-noR-config_23daydeg_500k-5kHz_100p-1s_-2.5offset_0.25Vpk.txt,2025-03-26,unkLi2,L3,LP-4nF-noR,23,500k-5kHz,100p-1s,-2.5,0.25,4.0,1,100,5000.0,500000.0,1,143.15076900017448,0,0
2025-03-26_unkLi2-L3_LP-4nF-noR-config_23daydeg_500k-5kHz_100p-1s_-2offset_0.25Vpk.txt,2025-03-26,unkLi2,L3,LP-4nF-noR,23,500k-5kHz,100p-1s,-2.0,0.25,4.0,1,100,5000.0,500000.0,1,143.33705400000326,0,0
2025-03-26_unkLi2-L3_LP-4nF-noR-config_23daydeg_500k-5kHz_100p-1s_0.5offset_0.25Vpk.txt,2025-03-26,unkLi2,L3,LP-4nF-noR,23,500k-5kHz,100p-1s,0.5,0.25,4.0,1,100,5000.0,500000.0,1,142.85207200003788,0,0
2025-03-26_unkLi2-L3_LP-4nF-noR-config_23daydeg_500k-5kHz_100p-1s_0offset_0.25Vpk.txt,2025-03-26,unkLi2,L3,LP-4nF-noR,23,500k-5kHz,100p-1s,0.0,0.25,4.0,1,100,5000.0,500000.0,1,143.39107599994168,0,0
2025-03-26_unkLi2-L3_LP-4nF-noR-config_23daydeg_500k-5kHz_100p-1s_1.5offset_0.25Vpk.txt,2025-03-26,unkLi2,L3,LP-4nF-noR,23,500k-5kHz,100p-1s,1.5,0.25,4.0,1,100,5000.0,500000.0,1,143.0757810000796,0,0
2025-03-26_unkLi2-L3_LP-4nF-noR-config_23daydeg_500k-5kHz_100p-1s_1offset_0.25Vpk.txt,2025-03-26,unkLi2,L3,LP-4nF-noR,23,500k-5kHz,100p-1s,1.0,0.25,4.0,1,100,5000.0,500000.0,1,142.70849699992687,0,0
2025-03-26_unkLi2-L3_LP-4nF-noR-config_23daydeg_500k-5kHz_100p-1s_2.5offset_0.25Vpk.txt,2025-03-26,unkLi2,L3,LP-4nF-noR,23,500k-5kHz,100p-1s,2.5,0.25,4.0,1,100,5000.0,500000.0,1,142.74952299986035,0,0
2025-03-26_unkLi2-L3_LP-4nF-noR-config_23daydeg_500k-5kHz_100p-1s_2offset_0.25Vpk.txt,2025-03-26,unkLi2,L3,LP-4nF-noR,23,500k-5kHz,100p-1s,2.0,0.25,4.0,1,100,5000.0,500000.0,1,142.96137699997053,0,0
2025-03-26_unkLi2-L3_LP-4nF-noR-config_23daydeg_5k-200Hz_97p-1s_-0.5offset_0.25Vpk.txt,2025-03-26,unkLi2,L3,LP-4nF-noR,23,5k-200Hz,97p-1s,-0.5,0.25,4.0,1,97,200.0,5000.0,1,138.6496830000542,0,0
2025-03-26_unkLi2-L3_LP-4nF-noR-config_23daydeg_5k-200Hz_97p-1s_-1.5offset_0.25Vpk.txt,2025-03-26,unkLi2,L3,LP-4nF-noR,23,5k-200Hz,97p-1s,-1.5,0.25,4.0,1,97,200.0,5000.0,1,138.86659800005145,0,0
2025-03-26_unkLi2-L3_LP-4nF-noR-config_23daydeg_5k-200Hz_97p-1s_-1offset_0.25Vpk.txt,2025-03-26,unkLi2,L3,LP-4nF-noR,23,5k-200Hz,97p-1s,-1.0,0.25,4.0,1,97,200.0,5000.0,1,138.58955099992454,0,0
2025-03-26_unkLi2-L3_LP-4nF-noR-config_23daydeg_5k-200Hz_97p-1s_-2.5offset_0.25Vpk.txt,2025-03-26,unkLi2,L3,LP-4nF-noR,23,5k-200Hz,97p-1s,-2.5,0.25,4.0,1,97,200.0,5000.0,1,138.75347599992529,0,0
2025-03-26_unkLi2-L3_LP-4nF-noR-config_23daydeg_5k-200Hz_97p-1s_-2offset_0.25Vpk.txt,2025-03-26,unkLi2,L3,LP-4nF-noR,23,5k-200Hz,97p-1s,-2.0,0.25,4.0,1,97,200.0,5000.0,1,138.291685000062,0,0
2025-03-26_unkLi2-L3_LP-4nF-noR-config_23daydeg_5k-200Hz_97p-1s_0.5offset_0.25Vpk.txt,2025-03-26,unkLi2,L3,LP-4nF-noR,23,5k-200Hz,97p-1s,0.5,0.25,4.0,1,97,200.0,5000.0,1,138.75150800007395,0,0
2025-03-26_unkLi2-L3_LP-4nF-noR-config_23daydeg_5k-200Hz_97p-1s_0offset_0.25Vpk.txt,2025-03-26,unkLi2,L3,LP-4nF-noR,23,5k-200Hz,97p-1s,0.0,0.25,4.0,1,97,200.0,5000.0,1,138.2447210000828,0,0
2025-03-26_unkLi2-L3_LP-4nF-noR-config_23daydeg_5k-200Hz_97p-1s_1.5offset_0.25Vpk.txt,2025-03-26,unkLi2,L3,LP-4nF-noR,23,5k-200Hz,97p-1s,1.5,0.25,4.0,1,97,200.0,5000.0,1,138.47448999993503,0,0
2025-03-26_unkLi2-L3_LP-4nF-noR-config_23daydeg_5k-200Hz_97p-1s_1offset_0.25Vpk.txt,2025-03-26,unkLi2,L3,LP-4nF-noR,23,5k-200Hz,97p-1s,1.0,0.25,4.0,1,97,200.0,5000.0,1,139.15694000013173,0,0
2025-03-26_unkLi2-L3_LP-4nF-noR-config_23daydeg_5k-200Hz_97p-1s_2.5offset_0.25Vpk.txt,2025-03-26,unkLi2,L3,LP-4nF-noR,23,5k-200Hz,97p-1s,2.5,0.25,4.0,1,97,200.0,5000.0,1,139.1283650000114,0,0
2025-03-26_unkLi2-L3_LP-4nF-noR-config_23daydeg_5k-200Hz_97p-1s_2offset_0.25Vpk.txt,2025-03-26,unkLi2,L3,LP-4nF-noR,23,5k-200Hz,97p-1s,2.0,0.25,4.0,1,97,200.0,5000.0,1,138.8512829998508,0,0
