file,campaign,salt,pixel,day,n_pts,dur,dt_med,v_min,v_max,cls,v_read,pulse_levels,n_pulses,period_s,tail_s,pot_depot,n_reads,i_read0,i_read_peak,pot_ratio,frac_to_peak,read_sat,any_sat,floor_suspect,growth_exp,polarity,amp,n_cycles,steps,rate_Vps,n_cycles_used,onoff_first,onoff_med,narea_med,i_peak_max,cycle_gain,v_hold,i_start,i_end,drift_ratio,t63,err,tau,beta,t_half,fit_ok,tail_drop
"2025-02-04-NaTr/L4/pulses/50 pulses, -3V, 3V, 0.04bp, -1.5V constant.txt",2025-02-04-NaTr,NaTr,L4,,300,12.29622044,0.04140194000000008,-3.0,3.0,PULSE,-2.0,-3;3,100,0.12296220440000001,0.040272180000000546,True,100,5.1513779908475e-09,2.6465568225900003e-08,5.137570621476742,0.52,False,False,False,0.26735920794310775,,,,,,,,,,,,,,,,,,,,,,
"2025-02-04-NaTr/L4/pulses/50 pulses, -3V, 3V, 0.04bp, -2V constnat.txt",2025-02-04-NaTr,NaTr,L4,,300,12.29622044,0.04140194000000008,-3.0,3.0,PULSE,-2.0,-3;3,100,0.12296220440000001,0.040272180000000546,True,100,5.1513779908475e-09,2.6465568225900003e-08,5.137570621476742,0.52,False,False,False,0.26735920794310775,,,,,,,,,,,,,,,,,,,,,,
"2025-02-04-NaTr/L4/pulses/50pulses, -3V, 3V, 0.04BP, -12V constant.txt",2025-02-04-NaTr,NaTr,L4,,300,12.29608186,0.04140241999999983,-3.0,3.0,PULSE,-1.2,-3;3,100,0.1229608186,0.040250419999999565,True,100,6.719346856764999e-09,1.3010867405560001e-08,1.9363291824205704,0.52,False,False,False,0.08536221526166307,,,,,,,,,,,,,,,,,,,,,,
"2025-02-04-NaTr/L4/pulses/50pulses, -3V, 3V, 0.04bp, -1V constant.txt",2025-02-04-NaTr,NaTr,L4,,300,12.29593166,0.04139961999999997,-3.0,3.0,PULSE,-1.0,-3;3,100,0.12295931660000001,0.040262060000001654,True,100,1.0037183528697499e-08,1.407752279179e-08,1.4025371511381346,0.33,False,False,False,,,,,,,,,,,,,,,,,,,,,,,
"2025-02-04-NaTr/L4/Dual/-3V, 3V_300steps.txt",2025-02-04-NaTr,NaTr,L4,,6010,6939.3901643,0.915895300000102,-3.0,3.0,SWEEP,,,,,,,,,,,,,False,,,BIPOLAR,3.0,10,300,0.020710212207980975,10,1.820310255661175,2.3600887633750016,0.1739069510682834,4.2214594487e-08,1.009548139478801,,,,,,,,,,,
"2025-02-04-NaTr/L4/CONSTANTv/-1.2V, 300 s.txt",2025-02-04-NaTr,NaTr,L4,,15000,307.0318217,0.020342640000009737,-1.2,-1.2,VCONST,,,,,,,,,,,,,False,,,,,,,,,,,,,,-1.2,1.165062713e-09,7.2777766036e-09,6.2466822793255075,0.0,,,,,,
"2025-02-04-NaTr/L4/CONSTANTv/-1.5V, 300s.txt",2025-02-04-NaTr,NaTr,L4,,15000,306.54789742,0.020342080000002483,-1.5,-1.5,VCONST,,,,,,,,,,,,,False,,,,,,,,,,,,,,-1.5,1.7098500393e-09,1.2590135156999998e-07,73.63297872691986,194.8057003,,,,,,
"2025-02-04-NaTr/L4/CONSTANTv/-1V, 300s.txt",2025-02-04-NaTr,NaTr,L4,,15000,321.01105376,0.02034545999998727,-1.0,-1.0,VCONST,,,,,,,,,,,,,False,,,,,,,,,,,,,,-1.0,1.0304574971000001e-09,9.0130924946e-10,0.8746690203104349,1.54874246,,,,,,
"2025-02-04-NaTr/L4/CONSTANTv/-2.5V, 300s.txt",2025-02-04-NaTr,NaTr,L4,,15000,306.91334826,0.020341900000005353,-2.5,-2.5,VCONST,,,,,,,,,,,,,False,,,,,,,,,,,,,,-2.5,4.6120476327e-09,2.18607783605e-06,473.99290079972985,147.8560871,,,,,,
"2025-02-04-NaTr/L4/CONSTANTv/-2V, 300s.txt",2025-02-04-NaTr,NaTr,L4,,15000,307.5306057,0.020341220000005933,-2.0,-2.0,VCONST,,,,,,,,,,,,,False,,,,,,,,,,,,,,-2.0,2.805791155e-09,7.1716567618e-07,255.601944892438,123.77842284,,,,,,
"2025-02-04-NaTr/L4/CONSTANTv/-3V, 300s.txt",2025-02-04-NaTr,NaTr,L4,,15000,306.8007431,0.020341699999988805,-3.0,-3.0,VCONST,,,,,,,,,,,,,False,,,,,,,,,,,,,,-3.0,6.1472746893000005e-09,5.0730914154e-06,825.2586181369553,155.58082424,,,,,,
"2025-02-04-NaTr/L4/neg Hyst/-2V, 0V, 10 steps.txt",2025-02-04-NaTr,NaTr,L4,,42,46.41645842,0.9158953600000004,-2.0,0.0,SWEEP,,,,,,,,,,,,,False,,,NEG,2.0,2,10,0.15597539751390682,2,0.7178849971068163,0.7770570228773288,0.1298482548165842,2.0417729729e-09,1.0092582836278072,,,,,,,,,,,
"2025-02-04-NaTr/L4/neg Hyst/-2V, 0V, 100 steps.txt",2025-02-04-NaTr,NaTr,L4,,402,458.10181636,0.9158918599999879,-2.0,0.0,SWEEP,,,,,,,,,,,,,False,,,NEG,2.0,2,100,0.016295999327178817,2,1.5194513862358374,1.7078265362746055,0.11311577526706981,6.589615964e-09,1.691204843438913,,,,,,,,,,,
"2025-02-04-NaTr/L4/neg Hyst/-2V, 0V, 150 steps.txt",2025-02-04-NaTr,NaTr,L4,,602,766.93658528,1.5045772799999213,-2.0,0.0,SWEEP,,,,,,,,,,,,,False,,,NEG,2.0,2,150,0.006624304076051445,2,2.69312041594343,2.6152586216494704,0.1557648209872594,1.3981392044e-08,1.381111877005181,,,,,,,,,,,
"2025-02-04-NaTr/L4/neg Hyst/-2V, 0V, 200 steps.txt",2025-02-04-NaTr,NaTr,L4,,802,885.61472184,0.915886539999974,-2.0,0.0,SWEEP,,,,,,,,,,,,,False,,,NEG,2.0,2,200,0.00816836631107708,2,2.7422414523980883,2.557404864484557,0.14182525971125542,1.7470441094e-08,1.1734835012764608,,,,,,,,,,,
"2025-02-04-NaTr/L4/neg Hyst/-2V, 0V, 25 steps.txt",2025-02-04-NaTr,NaTr,L4,,102,121.02134426,0.9159119800000042,-2.0,0.0,SWEEP,,,,,,,,,,,,,False,,,NEG,2.0,2,25,0.06422399826210859,2,0.9141969451689032,0.9072615274948533,0.0642855546725836,2.3160993123e-09,1.111216412460547,,,,,,,,,,,
"2025-02-04-NaTr/L4/neg Hyst/-2V, 0V, 250 steps.txt",2025-02-04-NaTr,NaTr,L4,,1002,1147.6877697,0.9158892600000001,-2.0,0.0,SWEEP,,,,,,,,,,,,,False,,,NEG,2.0,2,200,0.006537934457377312,2,2.7028421034079497,2.7659446410024024,0.15930331622220686,1.916876613e-08,1.6817677435837264,,,,,,,,,,,
"2025-02-04-NaTr/L4/neg Hyst/-2V, 0V, 300 steps.txt",2025-02-04-NaTr,NaTr,L4,,1202,1365.0726099,0.9158907800000016,-2.0,0.0,SWEEP,,,,,,,,,,,,,False,,,NEG,2.0,2,200,0.005450082740701806,2,3.0180302345104804,2.8881277276037496,0.1573887373014488,2.2646219122e-08,1.4106088703310924,,,,,,,,,,,
"2025-02-04-NaTr/L4/neg Hyst/-2V, 0V, 350 steps.txt",2025-02-04-NaTr,NaTr,L4,,1402,1473.8335862,0.9158821399999937,-2.0,0.0,SWEEP,,,,,,,,,,,,,False,,,NEG,2.0,2,200,0.0046726542463350566,2,3.093419706814366,3.0027173996809484,0.16316174384833904,2.7398030511e-08,1.3670485679839537,,,,,,,,,,,
"2025-02-04-NaTr/L4/neg Hyst/-2V, 0V, 400 steps.txt",2025-02-04-NaTr,NaTr,L4,,1602,1824.6197572,0.9158920199999994,-2.0,0.0,SWEEP,,,,,,,,,,,,,False,,,NEG,2.0,2,200,0.004089257543765833,2,2.706810365554459,3.133271040560814,0.20217636905919684,2.3474584054e-08,2.3246424822808067,,,,,,,,,,,
"2025-02-04-NaTr/L4/neg Hyst/-2V, 0V, 500steps.txt",2025-02-04-NaTr,NaTr,L4,,2002,2152.6097433,0.915881739999918,-2.0,0.0,SWEEP,,,,,,,,,,,,,False,,,NEG,2.0,2,200,0.0032722597974311238,2,4.7676962566518375,4.355743560680985,0.18003437930628755,4.8903146421e-08,1.4965229382383327,,,,,,,,,,,
"2025-02-04-NaTr/L4/neg Hyst/-2V, 0V, 50steps.txt",2025-02-04-NaTr,NaTr,L4,,202,234.78283888,0.9158975199999997,-2.0,0.0,SWEEP,,,,,,,,,,,,,False,,,NEG,2.0,2,50,0.032430451713669574,2,1.0184035010597021,1.1051000005479341,0.013847118596894012,3.0402844686e-09,1.1926891407612648,,,,,,,,,,,
"2025-02-04-NaTr/L4/neg Hyst/-2V, 0V, 600steps.txt",2025-02-04-NaTr,NaTr,L4,,2402,2565.2818227,0.9158798599999614,-2.0,0.0,SWEEP,,,,,,,,,,,,,False,,,NEG,2.0,2,200,0.002727342864960835,2,4.323807373935138,4.290369758892025,0.1733185137453656,5.7894496308e-08,2.01855411942533,,,,,,,,,,,
"2025-02-04-NaTr/L5/pos Hyast (ojo que los electrodos estaban al reves)/100steps,-2V.txt",2025-02-04-NaTr,NaTr,L5,,2010,2450.7714599,1.5045598000001519,-2.0,0.0,SWEEP,,,,,,,,,,,,,False,,,NEG,2.0,10,100,0.012565451128505501,10,1.2718678450956524,1.917583294145047,0.12906129862790505,2.0760040798e-08,0.544656287860986,,,,,,,,,,,
2025-02-04-NaTr/L5/pos Hyast (ojo que los electrodos estaban al reves)/200steps_-1.6V.txt,2025-02-04-NaTr,NaTr,L5,,4010,5044.2921085,1.5045698999997512,-1.6,0.0,SWEEP,,,,,,,,,,,,,False,,,NEG,1.6,10,160,0.005038680742946797,10,0.881928005879534,1.0203948783742152,0.014665141290274126,7.2186878697e-10,1.0528140336150476,,,,,,,,,,,
2025-02-04-NaTr/L5/pos Hyast (ojo que los electrodos estaban al reves)/200steps_2V.txt,2025-02-04-NaTr,NaTr,L5,,4010,5184.1973894,1.5045769399999926,-2.0,0.0,SWEEP,,,,,,,,,,,,,False,,,NEG,2.0,10,200,0.006298321458344772,10,0.9827327548329617,1.5587758963003853,0.16503362239440011,2.2553194867e-09,2.112560566559086,,,,,,,,,,,
"2025-02-04-NaTr/L5/pos Hyast (ojo que los electrodos estaban al reves)/300steps, -1.6V.txt",2025-02-04-NaTr,NaTr,L5,,6010,6931.7544261,0.915893399999959,0.0,1.6,SWEEP,,,,,,,,,,,,,False,,,POS,1.6,10,160,0.0055227347122260755,10,2.569119510416694,2.1104096883559897,0.15215365767856426,2.4045533564e-08,1.4255720433372554,,,,,,,,,,,
"2025-02-04-NaTr/L5/pos Hyast (ojo que los electrodos estaban al reves)/400srteps, -2V.txt",2025-02-04-NaTr,NaTr,L5,,8010,10333.748483,1.5045752999999422,-2.0,0.0,SWEEP,,,,,,,,,,,,,False,,,NEG,2.0,10,200,0.0031530957025609958,10,0.09701916438627915,3.0630303684401476,0.23226632682832396,1.0162622743e-08,1.2169538848736128,,,,,,,,,,,
"2025-02-04-NaTr/L5/pos Hyast (ojo que los electrodos estaban al reves)/500steps,-2V.txt",2025-02-04-NaTr,NaTr,L5,,10010,12197.628416,1.5045575999993162,-2.0,0.0,SWEEP,,,,,,,,,,,,,False,,,NEG,2.0,10,200,0.002523136233671294,10,1.3007208524824807,3.976821429875992,0.24139284585652837,1.2748216704e-08,3.1766931578734994,,,,,,,,,,,
"2025-02-04-NaTr/L5/pos Hyast (ojo que los electrodos estaban al reves)/50steps, -2V.txt",2025-02-04-NaTr,NaTr,L5,,1010,1244.1771525,1.5045646400000123,-2.0,0.0,SWEEP,,,,,,,,,,,,,False,,,NEG,2.0,10,50,0.025006411406981705,10,0.8015558928752692,1.2550362478273906,0.03246445585517288,4.2490029273e-09,0.4598972911038691,,,,,,,,,,,
"2025-02-04-NaTr/L5/post Hyst/-1.1V, steps 200.txt",2025-02-04-NaTr,NaTr,L5,,802,993.34113122,1.5045671199999973,-1.1,0.0,SWEEP,,,,,,,,,,,,,False,,,NEG,1.1,2,110,0.002734815324794293,2,0.6754599097261315,0.6950829861765814,0.007908645241080904,2.2092905283e-09,0.6811436657712665,,,,,,,,,,,
2025-02-04-NaTr/L5/post Hyst/-1.2V steps 200.txt,2025-02-04-NaTr,NaTr,L5,,802,996.77040162,1.5045671999999968,-1.25,0.0,SWEEP,,,,,,,,,,,,,False,,,NEG,1.25,2,125,0.0031077445220229925,2,0.7684973882882549,0.8058331516641415,0.053680585473483367,3.4834641838e-09,1.1179333053674947,,,,,,,,,,,
"2025-02-04-NaTr/L5/post Hyst/-1.6V, steps 200.txt",2025-02-04-NaTr,NaTr,L5,,802,986.77778066,1.5045703800000183,-1.6,0.0,SWEEP,,,,,,,,,,,,,False,,,NEG,1.6,2,160,0.003977904580630996,2,1.8794654709500382,2.013112108570189,0.14148634530392656,1.807441663e-08,1.2312119927274447,,,,,,,,,,,
"2025-02-04-NaTr/L5/post Hyst/-1V,steps 200.txt",2025-02-04-NaTr,NaTr,L5,,802,1073.9391287,1.5045844999999645,-1.0,0.0,SWEEP,,,,,,,,,,,,,False,,,NEG,1.0,2,100,0.002486167030866301,2,3.391967871550864,2.0904906181762217,0.014565784977317867,4.670710041e-09,0.21588392074197696,,,,,,,,,,,
2025-02-04-NaTr/L5/post Hyst/-2V steps 300.txt,2025-02-04-NaTr,NaTr,L5,,1202,1145.3815625,0.9158740000000307,-2.0,0.0,SWEEP,,,,,,,,,,,,,False,,,NEG,2.0,2,200,0.005450182593288767,2,5.8700433160876955,5.3266608555522215,0.1732996626504841,1.1480710782e-07,1.095516844132584,,,,,,,,,,,
"2025-02-04-NaTr/L5/post Hyst/-2V, steps 100.txt",2025-02-04-NaTr,NaTr,L5,,402,381.247178,0.9158630000000016,-2.0,0.0,SWEEP,,,,,,,,,,,,,False,,,NEG,2.0,2,100,0.016296512834701623,2,3.8349481278749584,4.0919285917705235,0.1770368782023003,4.3998213073e-08,1.4999055322153239,,,,,,,,,,,
"2025-02-04-NaTr/L5/post Hyst/-2V, steps 200.txt",2025-02-04-NaTr,NaTr,L5,,802,793.78492024,0.915873759999954,-2.0,0.0,SWEEP,,,,,,,,,,,,,False,,,NEG,2.0,2,200,0.008168480291547073,2,7.092315544354085,6.848281025887424,0.1975677166958228,9.2720938483e-08,1.4502745219864965,,,,,,,,,,,
"2025-02-04-NaTr/L5/post Hyst/-2V, steps 25.txt",2025-02-04-NaTr,NaTr,L5,,102,105.97874432,0.9158795999999967,-2.0,0.0,SWEEP,,,,,,,,,,,,,False,,,NEG,2.0,2,25,0.06422626883682628,2,2.051108560357616,1.7660338705981777,0.04886133248507864,2.7750928666e-08,1.1446808161192563,,,,,,,,,,,
"2025-02-04-NaTr/L5/post Hyst/-2V, steps 400.txt",2025-02-04-NaTr,NaTr,L5,,1602,1450.9196021,0.9158669000000828,-2.0,0.0,SWEEP,,,,,,,,,,,,,False,,,NEG,2.0,2,200,0.0040893697021473175,2,9.001220467082534,7.39016459429274,0.16653273420895726,1.3066778592e-07,1.1882822433899283,,,,,,,,,,,
"2025-02-04-NaTr/L5/post Hyst/-2V, steps 50.txt",2025-02-04-NaTr,NaTr,L5,,202,228.9637497,0.9158790000000039,-2.0,0.0,SWEEP,,,,,,,,,,,,,False,,,NEG,2.0,2,50,0.032431107490213856,2,1.797894872933379,2.014349752405441,0.08292314416829373,3.6926479652e-08,1.1503594997972506,,,,,,,,,,,
"2025-02-04-NaTr/L5/post Hyst/-2V, steps 500.txt",2025-02-04-NaTr,NaTr,L5,,2002,1870.4246305,0.91587410000011,-2.0,0.0,SWEEP,,,,,,,,,,,,,False,,,NEG,2.0,2,200,0.003272287093829421,2,11.13140811965498,8.705977464889397,0.14749358297451304,1.4530610315e-07,1.1045866073219708,,,,,,,,,,,
"2025-02-04-NaTr/L5/V constant/-0.5s, 120 s.txt",2025-02-04-NaTr,NaTr,L5,,6000,127.15997864,0.02034299999999689,-0.5,-0.5,VCONST,,,,,,,,,,,,,False,,,,,,,,,,,,,,-0.5,4.4656189857e-10,1.6370904632e-10,0.3665987780064449,2.23994552,,,,,,
"2025-02-04-NaTr/L5/V constant/-1.5V, 120 s.txt",2025-02-04-NaTr,NaTr,L5,,6000,122.70786336,0.020342540000001463,-1.5,-1.5,VCONST,,,,,,,,,,,,,False,,,,,,,,,,,,,,-1.5,5.29325916435e-09,3.5007360566e-08,6.613573883133082,76.02970954,,,,,,
"2025-02-04-NaTr/L5/V constant/-1.75V, 120 s.txt",2025-02-04-NaTr,NaTr,L5,,6000,122.46810538,0.020342640000002632,-1.75,-1.75,VCONST,,,,,,,,,,,,,False,,,,,,,,,,,,,,-1.75,1.15778675535e-08,1.1777956387999999e-07,10.17282011007244,68.130754,,,,,,
"2025-02-04-NaTr/L5/V constant/-1V, 120 s.txt",2025-02-04-NaTr,NaTr,L5,,6000,122.63722908,0.02034100000000194,-1.0,-1.0,VCONST,,,,,,,,,,,,,False,,,,,,,,,,,,,,-1.0,1.8353603082e-09,1.7607817426e-09,0.9593657085931308,0.67135238,,,,,,
"2025-02-04-NaTr/L5/V constant/-2.25V, 120 s.txt",2025-02-04-NaTr,NaTr,L5,,6000,122.61384298,0.02034112000001187,-2.25,-2.25,VCONST,,,,,,,,,,,,,False,,,,,,,,,,,,,,-2.25,6.97446012055e-08,5.9664944274e-07,8.55477603179626,61.2149556,,,,,,
"2025-02-04-NaTr/L5/V constant/-2.5V, 120 s.txt",2025-02-04-NaTr,NaTr,L5,,6000,122.57125436,0.020343179999997574,-2.5,-2.5,VCONST,,,,,,,,,,,,,False,,,,,,,,,,,,,,-2.5,1.4278339222e-07,1.2520304153499999e-06,8.768739808484709,63.4958746,,,,,,
"2025-02-04-NaTr/L5/V constant/-2.75v, 120 s.txt",2025-02-04-NaTr,NaTr,L5,,6000,122.89109608,0.020341279999996686,-2.75,-2.75,VCONST,,,,,,,,,,,,,False,,,,,,,,,,,,,,-2.75,1.91185790755e-07,2.1513296814999998e-06,11.25256052243379,70.56932922,,,,,,
"2025-02-04-NaTr/L5/V constant/-2V, 120 s.txt",2025-02-04-NaTr,NaTr,L5,,6000,122.58432148,0.020341899999991142,-2.0,-2.0,VCONST,,,,,,,,,,,,,False,,,,,,,,,,,,,,-2.0,3.2298885344e-08,2.9198690754e-07,9.04015430966694,62.69428652,,,,,,
"2025-02-04-NaTr/L5/V constant/-3V, 120 s.txt",2025-02-04-NaTr,NaTr,L5,,6000,122.48367406,0.020341899999998247,-3.0,-3.0,VCONST,,,,,,,,,,,,,False,,,,,,,,,,,,,,-3.0,1.7159254639499999e-07,2.8181630114e-06,16.42357474498157,78.42821222,,,,,,
"2025-02-04-NaTr/L5/pulses/-1.5V reading, 250 pulses, -3V. 3V.txt",2025-02-04-NaTr,NaTr,L5,,1500,61.6453932,0.04140233999999765,-3.0,3.0,PULSE,-1.5,-3;3,500,0.1232907864,0.04025824,True,500,1.95723259823e-09,1.495936885476e-08,7.6431226765221085,0.504,False,False,False,-0.06338712178989568,,,,,,,,,,,,,,,,,,,,,,
"2025-02-04-NaTr/L5/pulses/-1.5V reading, 50 pulses -3V, 3V.txt",2025-02-04-NaTr,NaTr,L5,,300,12.29587194,0.04140505999999977,-3.0,3.0,PULSE,-1.5,-3;3,100,0.1229587194,0.040256979999998777,True,100,1.5243131201725002e-09,1.1848169379010001e-08,7.772792362811384,0.52,False,False,False,0.01644674503008515,,,,,,,,,,,,,,,,,,,,,,
"2025-02-04-NaTr/L5/pulses/-1.5V reading, 50 pulses -5V, 5V.txt",2025-02-04-NaTr,NaTr,L5,,300,12.29613186,0.041402000000000605,-5.0,5.0,PULSE,-1.5,-5;5,100,0.1229613186,0.040257079999999945,True,100,6.17728801443e-09,1.561711542304e-08,2.528150765604386,0.52,False,False,False,0.022096804423606998,,,,,,,,,,,,,,,,,,,,,,
"2025-02-04-NaTr/L5/pulses/-1.5V reading, 50 pulses, -4V, 4V.txt",2025-02-04-NaTr,NaTr,L5,,300,12.29586814,0.041401299999999974,-4.0,4.0,PULSE,-1.5,-4;4,100,0.12295868139999999,0.040259060000000346,True,100,3.6452547647325e-09,1.36948074215e-08,3.756886227540523,0.52,False,False,False,0.027060890729518627,,,,,,,,,,,,,,,,,,,,,,
"2025-02-04-NaTr/L5/pulses/-1V reading, 50 pulses 4 V,-4V.txt",2025-02-04-NaTr,NaTr,L5,,300,12.2961273,0.041402799999999296,-5.0,5.0,PULSE,-1.0,-5;5,100,0.122961273,0.040273539999999386,True,100,1.1754309525625e-08,1.8655555322800003e-08,1.5871247292008035,0.11,False,False,False,0.23546474473789633,,,,,,,,,,,,,,,,,,,,,,
"2025-02-04-NaTr/L5/pulses/-1V reading, 50 pulses, -5V, 5V.txt",2025-02-04-NaTr,NaTr,L5,,300,12.2961273,0.041402799999999296,-5.0,5.0,PULSE,-1.0,-5;5,100,0.122961273,0.040273539999999386,True,100,1.1754309525625e-08,1.8655555322800003e-08,1.5871247292008035,0.11,False,False,False,0.23546474473789633,,,,,,,,,,,,,,,,,,,,,,
"2025-02-04-NaTr/L5/pulses/-1V, 250 pulses, -3V, 3V.txt",2025-02-04-NaTr,NaTr,L5,,1500,61.64653394,0.04140256000000031,-3.0,3.0,PULSE,-1.0,-3;3,500,0.12329306788,0.04025771999999961,True,500,5.3769326769e-09,1.1053634807420002e-08,2.0557510148691,0.504,False,False,False,-0.05636212340780579,,,,,,,,,,,,,,,,,,,,,,
"2025-02-04-NaTr/L5/pulses/-1V, 50 pulses,-3V 3V.txt",2025-02-04-NaTr,NaTr,L5,,300,12.2959956,0.04140097999999992,-3.0,3.0,PULSE,-1.0,-3;3,100,0.122959956,0.040277319999999506,True,100,4.3655745685074996e-09,8.266943041340001e-09,1.8936666666917796,0.44,False,False,False,0.1554286837805376,,,,,,,,,,,,,,,,,,,,,,
"2025-02-04-NaTr/L5/pulses/-2V reading, 50 pulses, -4V, 4V.txt",2025-02-04-NaTr,NaTr,L5,,300,12.2959832,0.041401220000000016,-4.0,4.0,PULSE,-2.0,-4;4,100,0.122959832,0.0402629000000001,True,100,2.2955646272924997e-09,1.9508297555100002e-08,8.498256735254294,0.52,False,False,False,0.10476294248162057,,,,,,,,,,,,,,,,,,,,,,
"2025-02-04-NaTr/L5/pulses/-2V reading, 50 pulses, -5V, V.txt",2025-02-04-NaTr,NaTr,L5,,,,,,,PARSE_FAIL,,,,,,,,,,,,,,,,,,,,,,,,,,,,,,,,EMPTY,,,,,
"2025-02-04-NaTr/L5/pulses/-2V reading, 50 pulses,-3V, 3V.txt",2025-02-04-NaTr,NaTr,L5,,300,12.29578184,0.04140074000000027,-3.0,3.0,PULSE,-2.0,-3;3,100,0.1229578184,0.040263879999999475,True,100,2.979504643007e-09,1.7879938241300002e-08,6.000976801048065,0.52,False,False,False,0.34815024291831964,,,,,,,,,,,,,,,,,,,,,,
"2025-02-04-NaTr/L5/pulses/-2V, 250 pulses, -3V, 3V.txt",2025-02-04-NaTr,NaTr,L5,,1500,61.64608256,0.04140252000000011,-3.0,3.0,PULSE,-2.0,-3;3,500,0.12329216512,0.04028316000000132,True,500,1.549778971835e-09,2.18889908864e-08,14.123943661774273,0.504,False,False,False,0.4530984773963942,,,,,,,,,,,,,,,,,,,,,,
"2025-02-04-NaTr/L5/Dual/200steps, -2V, 2V.txt",2025-02-04-NaTr,NaTr,L5,,4010,4907.4670558,1.5045704999997724,-2.0,2.0,SWEEP,,,,,,,,,,,,,False,,,BIPOLAR,2.0,10,200,0.012596696833992295,10,1.562056356239309,3.073843468738569,0.05274746456761267,2.1040037268e-08,0.5698110378461141,,,,,,,,,,,
"2025-02-04-NaTr/L5/Dual/200steps, -3V_3V.txt",2025-02-04-NaTr,NaTr,L5,,4010,4499.8271387,0.915889999999763,-3.0,3.0,SWEEP,,,,,,,,,,,,,False,,,BIPOLAR,3.0,10,200,0.031039674721642735,10,1.5946051986773584,0.7304059674340085,0.1588407910207818,1.1490612906e-07,0.4085025871204938,,,,,,,,,,,
"2025-02-04-NaTr/L5/neg Hyst/100steps, -1.6V.txt",2025-02-04-NaTr,NaTr,L5,,2010,2506.8543491,1.5045835999999895,0.0,1.6,SWEEP,,,,,,,,,,,,,False,,,POS,1.6,10,100,0.010052201891242762,10,1.666776582797386,1.76825135093776,0.13929722621917068,1.3338407712e-08,1.87252893266978,,,,,,,,,,,
"2025-02-04-NaTr/L5/neg Hyst/200steps, -1.6V.txt",2025-02-04-NaTr,NaTr,L5,,4010,4574.935839,0.9158901000000697,0.0,1.6,SWEEP,,,,,,,,,,,,,False,,,POS,1.6,10,160,0.00827724568869732,10,3.5429512201190305,2.6141632984958583,0.16767561655644153,2.7226022326e-08,1.1772447433470317,,,,,,,,,,,
"2025-02-04-NaTr/L5/neg Hyst/400steps, -1.6V.txt",2025-02-04-NaTr,NaTr,L5,,8010,9137.5084097,0.9158909000000222,0.0,1.6,SWEEP,,,,,,,,,,,,,False,,,POS,1.6,10,160,0.004143786044917904,10,2.882817581960079,2.1182594480418295,0.15558913796685714,3.2627156088e-08,0.9664937983794656,,,,,,,,,,,
"2025-02-04-NaTr/L7/Neg/-1.2V, 0V, 200 steps.txt",2025-02-04-NaTr,NaTr,L7,,802,1052.1603553,1.5045775000000958,-1.2,0.0,SWEEP,,,,,,,,,,,,,False,,,NEG,1.2,2,120,0.0029834143172169977,2,0.6594906799654123,0.7143655481641193,0.04106914680027251,3.2656686244e-09,1.1257084633507173,,,,,,,,,,,
"2025-02-04-NaTr/L7/Neg/-1V, 0V, 200 steps.txt",2025-02-04-NaTr,NaTr,L7,,802,966.77533848,1.504544359999997,-1.0,0.0,SWEEP,,,,,,,,,,,,,False,,,NEG,1.0,2,100,0.0024862333597477824,2,0.6825336517520892,0.6660205500548626,0.05205086349815699,1.194010224e-09,0.9857059544743061,,,,,,,,,,,
"2025-02-04-NaTr/L7/Neg/-2V, 0V, 10 steps.txt",2025-02-04-NaTr,NaTr,L7,,42,51.84512046,1.5045756399999988,-2.0,0.0,SWEEP,,,,,,,,,,,,,False,,,NEG,2.0,2,10,0.09494846191790196,2,2.008984734546958,2.1370158567636057,0.12545659022019276,2.0495903641e-08,1.7387631543170803,,,,,,,,,,,
"2025-02-04-NaTr/L7/Neg/-2V, 0V, 100steps.txt",2025-02-04-NaTr,NaTr,L7,,402,393.47700636,0.9158638799999608,-2.0,0.0,SWEEP,,,,,,,,,,,,,False,,,NEG,2.0,2,100,0.016296497176336945,2,11.87064159190422,10.561402389526492,0.25513903518341174,1.0597091205e-07,2.156867055414765,,,,,,,,,,,
"2025-02-04-NaTr/L7/Neg/-2V, 0V, 25 steps.txt",2025-02-04-NaTr,NaTr,L7,,102,109.15996838,0.9158778600000019,-2.0,0.0,SWEEP,,,,,,,,,,,,,False,,,NEG,2.0,2,25,0.06422639085496026,2,4.247063754563803,3.666841369420278,0.17181352977430567,3.77145426e-08,1.3096185665240592,,,,,,,,,,,
"2025-02-04-NaTr/L7/Neg/-2V, 0V, 300 steps.txt",2025-02-04-NaTr,NaTr,L7,,1202,1067.6609045,0.9158634799999845,-2.0,0.0,SWEEP,,,,,,,,,,,,,False,,,NEG,2.0,2,200,0.005450245196419457,2,13.421077712039388,10.85041469626591,0.1575851635284297,1.9807930585e-07,1.1125923050165472,,,,,,,,,,,
"2025-02-04-NaTr/L7/Neg/-2V, 0V, 400 steps.txt",2025-02-04-NaTr,NaTr,L7,,1602,1432.4538002,0.9158633999999211,-2.0,0.0,SWEEP,,,,,,,,,,,,,False,,,NEG,2.0,2,200,0.004089385329799453,2,7.693841125318992,7.295520291269067,0.14892590529855615,2.3143229555e-07,0.9437756054353754,,,,,,,,,,,
"2025-02-04-NaTr/L7/Neg/-2V, 0V, 50 steps.txt",2025-02-04-NaTr,NaTr,L7,,202,210.55555472,0.9158738399999962,-2.0,0.0,SWEEP,,,,,,,,,,,,,False,,,NEG,2.0,2,50,0.032431290205897606,2,5.375209701347267,5.9615910498540305,0.22168982694427564,5.4895238577e-08,1.9010537981689222,,,,,,,,,,,
"2025-02-04-NaTr/L7/Neg/-2V, 0V, 500 steps.txt",2025-02-04-NaTr,NaTr,L7,,2002,1819.5805758,0.9158681000001252,-2.0,0.0,SWEEP,,,,,,,,,,,,,False,,,NEG,2.0,2,200,0.0032723085311111796,2,10.203474887191115,8.314553799838512,0.15042169865054286,2.2725885174e-07,1.0513120692736562,,,,,,,,,,,
"2025-02-04-NaTr/L7/Neg/-2v, 0v, 200 STEPS.txt",2025-02-04-NaTr,NaTr,L7,,802,792.50543664,0.9158725400000094,-2.0,0.0,SWEEP,,,,,,,,,,,,,False,,,NEG,2.0,2,200,0.008168491172477626,2,19.56907205268599,14.968129427044413,0.25886018489591955,1.2847999642e-07,2.0746390139217565,,,,,,,,,,,
"2025-02-04-NaTr/L7/pulses/pulse-3V, reading -1V, 250pulses.txt",2025-02-04-NaTr,NaTr,L7,,1500,61.64539404,0.04140221999999971,-3.0,3.0,PULSE,-1.0,-3;3,500,0.12329078808,0.04027156000000076,True,500,7.940980139949999e-08,9.9687895271e-08,1.2553600879755844,0.032,False,False,False,,,,,,,,,,,,,,,,,,,,,,,
"2025-02-04-NaTr/L7/Dual/-3V, 3V 200 steps.txt",2025-02-04-NaTr,NaTr,L7,,4010,4018.9165672,0.9158785399999942,-3.0,3.0,SWEEP,,,,,,,,,,,,,False,,,BIPOLAR,3.0,10,200,0.03104006310792934,10,2.6769468997941783,13.766228008588264,0.14208718445118323,2.0638908609e-06,0.14087612678957814,,,,,,,,,,,
"2025-02-04-NaTr/L7/Vconst/-1.2V, 300s.txt",2025-02-04-NaTr,NaTr,L7,,15000,305.09475466,0.02033825999999994,-1.2,-1.2,VCONST,,,,,,,,,,,,,False,,,,,,,,,,,,,,-1.2,2.0845618565e-09,2.07273842535e-08,9.94328097718409,180.25401682,,,,,,
"2025-02-04-NaTr/L7/Vconst/-1.5V, 300s.txt",2025-02-04-NaTr,NaTr,L7,,15000,305.10840226,0.020337160000003962,-1.5,-1.5,VCONST,,,,,,,,,,,,,False,,,,,,,,,,,,,,-1.5,6.663867679899999e-09,1.6592184692500002e-07,24.898730721419412,148.9391888,,,,,,
"2025-02-04-NaTr/L7/Vconst/-1V, 300s.txt",2025-02-04-NaTr,NaTr,L7,,15000,305.087242,0.020337419999997053,-1.0,-1.0,VCONST,,,,,,,,,,,,,False,,,,,,,,,,,,,,-1.0,1.3033059075999999e-09,2.564775059e-09,1.967899511575881,0.0,,,,,,
"2025-02-04-NaTr/L7/Vconst/-2.5V, 300s.txt",2025-02-04-NaTr,NaTr,L7,,15000,305.05624484,0.02033704000000114,-2.5,-2.5,VCONST,,,,,,,,,,,,,False,,,,,,,,,,,,,,-2.5,1.59598130265e-07,2.7634141588499997e-06,17.31482790093825,79.7070766,,,,,,
"2025-02-04-NaTr/L7/Vconst/-2V, 300s.txt",2025-02-04-NaTr,NaTr,L7,,15000,305.11751148,0.02034009999999853,-2.0,-2.0,VCONST,,,,,,,,,,,,,False,,,,,,,,,,,,,,-2.0,2.7564965421e-08,8.1859798229e-07,29.69704368525571,105.503463,,,,,,
"2025-02-04-NaTr/L7/Vconst/-3V, 300s.txt",2025-02-04-NaTr,NaTr,L7,,15000,305.0608451,0.0203371799999843,-3.0,-3.0,VCONST,,,,,,,,,,,,,False,,,,,,,,,,,,,,-3.0,3.1124545785e-07,6.759282769099999e-06,21.716888065744985,108.22157578,,,,,,
"2025-02-12-NaTr/neg Hys/-1.5V, 200 steps.txt",2025-02-12-NaTr,NaTr,unk,,802,980.71815824,1.5045621799999935,-1.5,0.0,SWEEP,,,,,,,,,,,,,False,,,NEG,1.5,2,150,0.0037293058692852285,2,0.23472660493387695,0.13208497525588586,0.19103315763973577,3.0502889103e-09,0.9367280859369421,,,,,,,,,,,
"2025-02-12-NaTr/neg Hys/-1V, 200 steps 2.txt",2025-02-12-NaTr,NaTr,unk,,802,999.9172837,1.5045727199999988,-1.0,0.0,SWEEP,,,,,,,,,,,,,False,,,NEG,1.0,2,100,0.0024861864962249032,2,1.332132564800553,1.1763828194747172,0.2187506672335764,1.664105298e-09,1.5588732543605568,,,,,,,,,,,
"2025-02-12-NaTr/neg Hys/-1V, 200 steps.txt",2025-02-12-NaTr,NaTr,unk,,802,996.2454862,1.5045683199999758,-1.25,0.0,SWEEP,,,,,,,,,,,,,False,,,NEG,1.25,2,125,0.003107742208619371,2,0.006595727721917126,0.12009831450456056,0.2680967413786438,1.8291927972e-09,0.8954769340920953,,,,,,,,,,,
"2025-02-12-NaTr/neg Hys/-2V, 200 steps.txt",2025-02-12-NaTr,NaTr,unk,,802,861.86161158,0.9158875399999999,-2.0,0.0,SWEEP,,,,,,,,,,,,,False,,,NEG,2.0,2,200,0.008168357392551425,2,0.28033640369036744,0.24687255865745994,0.05780707583097519,1.1592533156e-07,1.3463333611044557,,,,,,,,,,,
"2025-02-12-NaTr/neg Hys/-3V, 0V, 10 steps.txt",2025-02-12-NaTr,NaTr,unk,,42,41.49637126,0.9158585799999992,-3.0,0.0,SWEEP,,,,,,,,,,,,,False,,,NEG,3.0,2,10,0.2339724920038577,2,4.63528268842502,5.114303284398272,0.16864195572430463,2.1834875952e-07,1.3554100211996365,,,,,,,,,,,
"2025-02-12-NaTr/neg Hys/-3V, 0V, 100 steps.txt",2025-02-12-NaTr,NaTr,unk,,402,326.06357148,0.6125334399999929,-3.0,0.0,SWEEP,,,,,,,,,,,,,False,,,NEG,3.0,2,100,0.036549938729047673,2,22.447088406563314,21.841222467905446,0.22997004723782874,7.765825103e-07,1.0484482536321693,,,,,,,,,,,
"2025-02-12-NaTr/neg Hys/-3V, 0V, 200steps.txt",2025-02-12-NaTr,NaTr,unk,,802,665.62625618,0.6125308200000177,-3.0,0.0,SWEEP,,,,,,,,,,,,,False,,,NEG,3.0,2,200,0.018320621217323863,2,31.8486573634021,31.00473075626541,0.21616941552883392,1.8300816009e-06,0.7273277553555016,,,,,,,,,,,
"2025-02-12-NaTr/neg Hys/-3V, 0V, 25 steps.txt",2025-02-12-NaTr,NaTr,unk,,102,101.3616931,0.9158583399999998,-3.0,0.0,SWEEP,,,,,,,,,,,,,False,,,NEG,3.0,2,25,0.09634163960077831,2,12.41262125678782,10.776671092610698,0.1878991265158118,2.6523025554e-07,1.0664014898014675,,,,,,,,,,,
"2025-02-12-NaTr/neg Hys/-3V, 0V, 50 steps.txt",2025-02-12-NaTr,NaTr,unk,,202,182.4820346,0.6625233000000037,-3.0,0.0,SWEEP,,,,,,,,,,,,,False,,,NEG,3.0,2,50,0.06724964306243163,2,13.445424698527162,14.867368106886945,0.21050057828499713,4.0831173465e-07,1.0896587713091586,,,,,,,,,,,
"2025-02-12-NaTr/neg Hys/-3V, 400 steps.txt",2025-02-12-NaTr,NaTr,unk,,1602,1259.6623181,0.6625208600000292,-3.0,0.0,SWEEP,,,,,,,,,,,,,False,,,NEG,3.0,2,300,0.00847969908161026,2,35.348475065481885,25.995547823416146,0.21432795093252321,2.5154877221e-06,0.6828442176875453,,,,,,,,,,,
"2025-02-12-NaTr/neg Hys/-3V, 600 steps.txt",2025-02-12-NaTr,NaTr,unk,,2402,1913.1149439,0.6125263800000198,-3.0,0.0,SWEEP,,,,,,,,,,,,,False,,,NEG,3.0,2,300,0.006117087727712582,2,25.26394081859571,16.720303517669432,0.20607409363616103,2.8696176742e-06,0.7419093312468977,,,,,,,,,,,
"2025-02-12-NaTr/neg Hys/-3V, 700 steps.txt",2025-02-12-NaTr,NaTr,unk,,2802,2154.4314067,0.6125288999999157,-3.0,0.0,SWEEP,,,,,,,,,,,,,False,,,NEG,3.0,2,300,0.005243820225772122,2,20.172338456357153,13.005664947301106,0.20331260237728266,2.8528411349e-06,0.8490231234291643,,,,,,,,,,,
2025-02-12-NaTr/neg Hys/New Text Document.txt,2025-02-12-NaTr,NaTr,unk,,,,,,,PARSE_FAIL,,,,,,,,,,,,,,,,,,,,,,,,,,,,,,,,EMPTY,,,,,
"2025-02-12-NaTr/Dual/-3V, 3V, 200 steps.txt",2025-02-12-NaTr,NaTr,unk,,4010,3986.5931151,0.915874439999925,-3.0,3.0,SWEEP,,,,,,,,,,,,,False,,,BIPOLAR,3.0,10,200,0.03104020206175896,10,14.734793187932894,1.458496661392533,0.1018130025354895,1.5445766621e-07,1.0168399228745353,,,,,,,,,,,
2025-02-12-NaTr/Vconst/-1.5V.txt,2025-02-12-NaTr,NaTr,unk,,15000,305.0145081,0.020331920000003834,-1.5,-1.5,VCONST,,,,,,,,,,,,,False,,,,,,,,,,,,,,-1.5,8.3446502686e-07,8.3446502686e-07,1.0,305.0145081,,,,,,
"2025-02-12-NaTr/Vconst/-1V, -1V constante b.txt",2025-02-12-NaTr,NaTr,unk,,30000,610.44621614,0.020346500000016476,-1.0,-1.0,VCONST,,,,,,,,,,,,,False,,,,,,,,,,,,,,-1.0,1.3533281162e-09,8.731149137e-11,0.0645161290339266,16.39484506,,,,,,
"2025-02-12-NaTr/Vconst/-1V, -1V constnat.txt",2025-02-12-NaTr,NaTr,unk,,30000,610.23439928,0.020339520000021594,-1.5,-1.0,PULSE,-1.5,-1,1,610.23439928,305.0657394400001,False,,,,,,,,,,,,,,,,,,,,,,,,,,,,,,,
2025-02-12-NaTr/Vconst/-1V.txt,2025-02-12-NaTr,NaTr,unk,,15000,305.00890476,0.020331500000001057,-1.0,-1.0,VCONST,,,,,,,,,,,,,False,,,,,,,,,,,,,,-1.0,8.6426734924e-07,8.9406967163e-07,1.0344827586234826,1.38279746,,,,,,
"2025-02-12-NaTr/Vconst/-2.5V, -2.5V constant.txt",2025-02-12-NaTr,NaTr,unk,,30000,610.26541596,0.020341060000021116,-2.5,-2.5,VCONST,,,,,,,,,,,,,False,,,,,,,,,,,,,,-2.5,1.70737621375e-07,1.66395911945e-05,97.4570868476233,399.47398172,,,,,,
2025-02-12-NaTr/Vconst/-2.5V.txt,2025-02-12-NaTr,NaTr,unk,,15000,305.06087312,0.020337120000000652,-2.5,-2.5,VCONST,,,,,,,,,,,,,False,,,,,,,,,,,,,,-2.5,6.2584877014e-07,6.8694353104e-06,10.976190476276454,206.42397214,,,,,,
"2025-02-12-NaTr/Vconst/-2V, -2.5V constant.txt",2025-02-12-NaTr,NaTr,unk,,30000,610.18077806,0.020337860000040564,-2.0,-2.0,VCONST,,,,,,,,,,,,,False,,,,,,,,,,,,,,-2.0,9.6624717116e-09,7.3362025432e-07,75.92469879516165,473.59978046,,,,,,
"2025-02-12-NaTr/Vconst/-2V, -2V consrtnat.txt",2025-02-12-NaTr,NaTr,unk,,30000,610.27992614,0.02034163999999805,-2.0,-2.0,VCONST,,,,,,,,,,,,,False,,,,,,,,,,,,,,-2.0,3.60669218935e-08,1.59189949045e-06,44.13738148075489,404.01798032,,,,,,
2025-02-12-NaTr/Vconst/-2V.txt,2025-02-12-NaTr,NaTr,unk,,15000,305.05722242,0.020334980000001224,-2.0,-2.0,VCONST,,,,,,,,,,,,,False,,,,,,,,,,,,,,-2.0,8.1956386566e-07,4.6193599701e-07,0.5636363636383603,223.26660168,,,,,,
"2025-02-12-NaTr/Vconst/-3V, -3V consrant.txt",2025-02-12-NaTr,NaTr,unk,,30000,610.25105226,0.020340760000010505,-3.0,-3.0,VCONST,,,,,,,,,,,,,False,,,,,,,,,,,,,,-3.0,4.9200025387e-08,4.6272114559499995e-05,940.4896480343355,443.68625996,,,,,,
"2025-02-12-NaTr/Vconst/-3V, -3V constant b.txt",2025-02-12-NaTr,NaTr,unk,,15050,306.14413808,0.020341479999999024,-3.0,-3.0,VCONST,,,,,,,,,,,,,False,,,,,,,,,,,,,,-3.0,1.0219810065e-07,3.9142330934e-05,383.0044852599714,226.86570096,,,,,,
2025-02-12-NaTr/Vconst/-3V.txt,2025-02-12-NaTr,NaTr,unk,,15000,305.2595567,0.020337319999981673,-3.0,-3.0,VCONST,,,,,,,,,,,,,False,,,,,,,,,,,,,,-3.0,7.7486038208e-07,3.2603740692e-05,42.07692307674836,155.10317514,,,,,,
"2025-02-12-NaTr/pulses, relaxation/-2.25V _0.02b_-5V_100s_relaxation.txt",2025-02-12-NaTr,NaTr,unk,,2459,698.91548644,0.04161405000000329,-5.0,-2.25,PULSE,-2.25,-5,1200,0.5824295720333333,598.82033638,False,1201,1.84518285095e-08,1.4235777780400002e-05,771.5104100967909,0.9958368026644463,False,False,False,1.4073203312533962,,,,,,,,,,,,,,,,,,3.632287905597927,0.37766180430040225,1.3762790822299855,True,0.9837414813148724
"2025-02-12-NaTr/pulses, relaxation/-2.25V, 0.02bp, -5V, 100s relaxation b.txt",2025-02-12-NaTr,NaTr,unk,,2519,701.2277846,0.04160384000000006,-5.0,-2.25,PULSE,-2.25,-5,1230,0.5701038899186991,598.8203547799999,False,1231,3.8457801565499996e-07,1.2694275938000003e-05,33.00832450440401,0.9967506092607636,False,False,False,1.0130359371244555,,,,,,,,,,,,,,,,,,4.226653819685904,0.3539051127962207,1.5004811084012628,True,0.9277875483646197
"2025-02-12-NaTr/pulses, relaxation/-2.25V, 0.02bp, -5V, 50s relaxation.txt",2025-02-12-NaTr,NaTr,unk,,1319,651.31122484,0.04160420999999914,-5.0,-2.25,PULSE,-2.25,-5,630,1.0338273410158731,598.8206466400001,False,631,8.5565261543e-08,4.894030280400001e-06,57.196462584766984,0.993660855784469,False,False,False,1.383298368025122,,,,,,,,,,,,,,,,,,5.349734904461425,0.40766471132291615,2.1770966923135116,True,0.9045515675700044
"2025-02-12-NaTr/pulses, relaxation/-2.25V, 0.02bp,-5V,75s relaxation.txt",2025-02-12-NaTr,NaTr,unk,,1919,676.27942026,0.04161052000000165,-5.0,-2.25,PULSE,-2.25,-5,930,0.7271821723225808,598.8203888400001,False,931,2.5937333703e-07,8.50108917802e-06,32.775493716367365,0.9957035445757251,False,False,False,1.0261013127546907,,,,,,,,,,,,,,,,,,4.915540342953027,0.36931593513395955,1.822103188903495,True,0.9298764055382233
"2025-02-12-NaTr/pulses, relaxation/-2.5V _0.02b_-5V_100s_relaxation.txt",2025-02-12-NaTr,NaTr,unk,,2519,701.23176056,0.04160293000000159,-5.0,-2.5,PULSE,-2.5,-5,1230,0.5701071224065041,598.82049048,False,1231,4.11859946325e-06,3.41853359714e-05,8.300233192480494,0.9967506092607636,False,False,False,0.39972115609606096,,,,,,,,,,,,,,,,,,5.33741479731094,0.3820442322339231,2.044993461176728,True,0.9632821882032049
"2025-02-17-KTr/-200s, -2.25V, -5V, 0.02s.txt",2025-02-17-KTr,KTr,unk,,4859,799.61047444,0.04178167999999971,-5.0,-2.25,PULSE,-2.25,-5,2400,0.3331710310166667,598.8210014599999,False,2401,9.19541344045e-06,2.94177327306e-05,3.199174558176296,0.9908371511870054,False,True,False,0.3236935368668746,,,,,,,,,,,,,,,,,,1.3444692372233713,0.8896937176570233,0.8905155421425635,True,0.30169688299815933
"2025-02-17-KTr/-400s, -2.25V, -5V, 0.02s.txt",2025-02-17-KTr,KTr,unk,,9659,1000.5860824,0.04178163999998219,-5.0,-2.25,PULSE,-2.25,-5,4800,0.20845543383333334,598.82076348,False,4801,8.940696716300001e-07,3.7312717177e-05,41.73356770840273,0.9991668402416163,False,True,False,0.4687158787854681,,,,,,,,,,,,,,,,,,3.6250551949940446,0.5297812901632721,1.8149360188588437,True,0.46350765172359654
"2025-02-17-KTr/100s, -2.25V, -5V, 0.02s (2).txt",2025-02-17-KTr,KTr,unk,,2459,699.23909058,0.04178624000000397,-5.0,-2.25,PULSE,-2.25,-5,1200,0.58269924215,598.8209229,False,1201,1.4666991774e-05,2.4668825790399998e-05,1.6819281124933967,0.9966694421315571,False,True,False,0.1557729463499659,,,,,,,,,,,,,,,,,,0.9378553139626866,0.948338634871307,0.6372211291337592,True,0.26217508977676274
"2025-02-17-KTr/100s, -2.25V, -5V, 0.02s.txt",2025-02-17-KTr,KTr,unk,,14399,1199.2569481,0.04180214000000504,-5.0,-2.25,PULSE,-2.25,-5,7170,0.16726038327754533,598.8207631,False,7171,1.3913959265e-05,3.4571602009400004e-05,2.484670348026925,0.12299539813136243,False,True,False,0.26898152245268303,,,,,,,,,,,,,,,,,,1.8453001456312284,0.7499262256176328,1.1319139671923466,True,0.35894143354027264
"2025-02-17-KTr/400s, -2.25V, -5V, 0.02s.txt",2025-02-17-KTr,KTr,unk,,14399,1199.0750713,0.041792369999996026,-5.0,-2.25,PULSE,-2.25,-5,7170,0.1672350169177127,598.82090262,False,7171,1.3523153029e-05,5.2483822219e-05,3.881034408650853,0.9895412076418909,False,True,False,0.3416508628550223,,,,,,,,,,,,,,,,,,3.7327916676948836,0.5364670585216023,1.8850586810105636,True,0.5775209534182101
"2025-02-17-KTr/50s, -2,25V, -5V, 0.02s.txt",2025-02-17-KTr,KTr,unk,,1259,649.05420214,0.041760220000002235,-5.0,-2.25,PULSE,-2.25,-5,600,1.0817570035666668,598.82109144,False,601,5.3325202316000004e-06,1.78893096746e-05,3.354757018752536,0.9933444259567388,False,True,False,0.27995104786946323,,,,,,,,,,,,,,,,,,0.8133697310023018,0.9829490884308663,0.5602118825324136,True,0.2707847731320827
"2025-02-17-KTr/600 s, -2.25V, -5V, 0,02_third.txt",2025-02-17-KTr,KTr,unk,,14399,1199.0750713,0.041792369999996026,-5.0,-2.25,PULSE,-2.25,-5,7170,0.1672350169177127,598.82090262,False,7171,1.3523153029e-05,5.2483822219e-05,3.881034408650853,0.9895412076418909,False,True,False,0.3416508628550223,,,,,,,,,,,,,,,,,,3.7327916676948836,0.5364670585216023,1.8850586810105636,True,0.5775209534182101
"2025-02-17-KTr/600s, -2.25V, -5V, 0.02 s_second.txt",2025-02-17-KTr,KTr,unk,,14399,1199.1917204,0.04180630999999835,-5.0,-2.25,PULSE,-2.25,-5,7170,0.16725128596931657,598.8207799599999,False,7171,4.0316255763e-05,0.000113856466488,2.8240833463630097,0.08311253660577325,False,True,False,0.49957430909763384,,,,,,,,,,,,,,,,,,2.5890575531575846,0.5144429584534894,1.2697851975711658,True,0.5598697696862154
"2025-02-17-KTr/600s, -2.25V, -5V, 0.02s.txt",2025-02-17-KTr,KTr,unk,,14459,1200.8583095,0.04180647000004001,-5.0,-2.25,PULSE,-2.25,-5,7200,0.16678587631944444,598.8209179799999,False,7201,6.47731940265e-05,0.000101841124708,1.5722727007461572,0.04596583807804472,False,True,False,0.4723504761448801,,,,,,,,,,,,,,,,,,0.8009977278697727,0.9936607006782542,0.5539126106741967,True,0.4604731797111191
"2025-02-17-KTr/600s, -2.25V, -5V, 0.02s_forth.txt",2025-02-17-KTr,KTr,unk,,19259,1400.8022116,0.04177058000004763,-5.0,-2.25,PULSE,-2.25,-5,9600,0.14591689704166666,598.8206747199999,False,9601,3.2305251807e-08,2.25015217438e-05,696.5282882866835,0.15852515362983022,False,True,False,1.8169270064824632,,,,,,,,,,,,,,,,,,14.612498743746762,0.36558225175261766,5.3619704251815,True,0.3827557381142933
"2025-02-17-KTr/pot depot -2.25V, pulses -5V, 5000pulses.txt",2025-02-17-KTr,KTr,unk,,20000,831.24331482,0.041677660000004835,-5.0,5.0,PULSE,-2.25,-5;5,10000,0.083124331482,0.0,True,10000,1.1214055121e-05,5.3173676133e-05,4.741699194381907,0.4997,False,True,False,0.42205827723252237,,,,,,,,,,,,,,,,,,,,,,
"2025-02-17-KTr/pot depot -2.25V, pulses, -5V, 7200 pulses.txt",2025-02-17-KTr,KTr,unk,,28800,1197.0611492,0.04167789999996785,-5.0,5.0,PULSE,-2.25,-5;5,14400,0.08312924647222222,0.0,True,14400,2.73622572425e-05,4.2092055082000006e-05,1.538325391394288,0.476875,False,True,False,0.08077882056062544,,,,,,,,,,,,,,,,,,,,,,
"2025-02-17-KTr/pot depot, -2.25V, pulses -5V, 7200 pulses_second.txt",2025-02-17-KTr,KTr,unk,,28800,1197.1087932,0.04168010000000777,-5.0,5.0,PULSE,-2.25,-5;5,14400,0.08313255508333334,0.0,True,14400,4.6733766794e-06,1.6271695495e-05,3.4817855720307724,0.4997916666666667,False,True,False,0.3638373934343966,,,,,,,,,,,,,,,,,,,,,,
2025-01-23-LiTr/New Text Document.txt,2025-01-23-LiTr,LiTr,unk,,2515,2448.7027084,0.020354909999998227,-4.0,0.0,PULSE,0.0,-4;-3.5;-3;-1.5,394,6.214981493401016,0.0,False,390,1.2936652638e-08,2.01104558072e-07,15.545331833466518,0.9923076923076923,False,False,False,0.27860329116664,,,,,,,,,,,,,,,,,,,,,,
"2025-01-23-LiTr/R5_Day5, negative V/Dual-5V. 10 cuycles.txt",2025-01-23-LiTr,LiTr,R5,5,16010,6011.4356369,0.21813859999974738,-5.0,5.0,SWEEP,,,,,,,,,,,,,False,,,BIPOLAR,5.0,10,800,0.05440386415237036,10,10.452030908121342,3.0270699907396166,0.167069003248203,0.00012567872182,0.057611242578278474,,,,,,,,,,,
2025-01-23-LiTr/R5_Dat 4 constant voltages/-0.3v_120s.txt,2025-01-23-LiTr,LiTr,R5,,6000,122.86781418,0.020344800000000163,-0.3,-0.3,VCONST,,,,,,,,,,,,,False,,,,,,,,,,,,,,-0.3,3.3197949278500004e-08,3.11459231735e-08,0.9381881667513433,31.1588144,,,,,,
"2025-01-23-LiTr/R5_Dat 4 constant voltages/-0.5V, 120 s.txt",2025-01-23-LiTr,LiTr,R5,,6000,122.71181172,0.020345640000002163,-0.5,-0.5,VCONST,,,,,,,,,,,,,False,,,,,,,,,,,,,,-0.5,4.6252978336499995e-08,4.3653130887999996e-08,0.9437907018746864,32.85782188,,,,,,
"2025-01-23-LiTr/R5_Dat 4 constant voltages/-1.5V, 120s.txt",2025-01-23-LiTr,LiTr,R5,,6000,122.54443632,0.020345020000007707,-1.5,-1.5,VCONST,,,,,,,,,,,,,False,,,,,,,,,,,,,,-1.5,2.49995650845e-07,5.738961590399999e-07,2.295624572268346,7.14211706,,,,,,
"2025-01-23-LiTr/R5_Dat 4 constant voltages/-1.5V, 300 s.txt",2025-01-23-LiTr,LiTr,R5,,15000,313.84621824,0.020344619999988822,-1.5,-1.5,VCONST,,,,,,,,,,,,,False,,,,,,,,,,,,,,-1.5,5.2170582876e-07,6.34852540315e-07,1.216878373438781,2.80807938,,,,,,
"2025-01-23-LiTr/R5_Dat 4 constant voltages/-1V, 120 s.txt",2025-01-23-LiTr,LiTr,R5,,6000,122.6888476,0.02034516000000508,-1.0,-1.0,VCONST,,,,,,,,,,,,,False,,,,,,,,,,,,,,-1.0,1.06198626785e-07,1.49799689095e-07,1.4105614510277116,13.74410922,,,,,,
"2025-01-23-LiTr/R5_Dat 4 constant voltages/-1V, 300s.txt",2025-01-23-LiTr,LiTr,R5,,15000,305.16791742,0.02034447999999145,-1.0,-1.0,VCONST,,,,,,,,,,,,,False,,,,,,,,,,,,,,-1.0,1.2178372799e-07,1.58164880305e-07,1.2987357417567915,24.33375416,,,,,,
"2025-01-23-LiTr/R5_Dat 4 constant voltages/-2.5V,120s second.txt",2025-01-23-LiTr,LiTr,R5,,6000,122.03384356,0.020340999999998388,-2.5,-2.5,VCONST,,,,,,,,,,,,,False,,,,,,,,,,,,,,-2.5,3.9726251089e-07,2.7392809442999997e-07,0.6895392515551242,15.54206194,,,,,,
"2025-01-23-LiTr/R5_Dat 4 constant voltages/-2.5V,120s.txt",2025-01-23-LiTr,LiTr,R5,,6000,122.0596696,0.02034482000000537,-2.5,-2.5,VCONST,,,,,,,,,,,,,False,,,,,,,,,,,,,,-2.5,4.18502850155e-07,2.69253519035e-07,0.6433732026801661,31.7616764,,,,,,
"2025-01-23-LiTr/R5_Dat 4 constant voltages/-2V, 120 s.txt",2025-01-23-LiTr,LiTr,R5,,6000,123.23421332,0.02034467999999734,-2.0,-2.0,VCONST,,,,,,,,,,,,,False,,,,,,,,,,,,,,-2.0,6.170462256699999e-07,1.5130499378e-06,2.452085232604904,4.41203604,,,,,,
"2025-01-23-LiTr/R5_Dat 4 constant voltages/-3V, 120s.txt",2025-01-23-LiTr,LiTr,R5,,6000,2989.0810999,0.6757822999998098,0.0,0.0,VCONST,,,,,,,,,,,,,False,,,,,,,,,,,,,,0.0,9.11477116005e-10,1.16081366745e-10,0.1273552179277787,201.97823342,,,,,,
"2025-01-23-LiTr/R5_Dat 4 constant voltages/-3V,300s.txt",2025-01-23-LiTr,LiTr,R5,,15000,305.6163931,0.020341520000002333,-3.0,-3.0,VCONST,,,,,,,,,,,,,False,,,,,,,,,,,,,,-3.0,4.45234309155e-06,6.0184829636e-05,13.517563314072406,107.53901672,,,,,,
"2025-01-23-LiTr/R5_Dat 4 constant voltages/-4V, 120 s.txt",2025-01-23-LiTr,LiTr,R5,,6000,123.00629038,0.02034236000000078,-4.0,-4.0,VCONST,,,,,,,,,,,,,False,,,,,,,,,,,,,,-4.0,7.155737193900001e-07,5.71277050765e-05,79.83482837407618,90.53636722,,,,,,
"2025-01-23-LiTr/R5_Dat 4 constant voltages/transient -3V, 60s.txt",2025-01-23-LiTr,LiTr,R5,,6000,122.0338543,0.02034082000000126,-3.0,-0.1,PULSE,-3.0,-0.1,1,122.0338543,0.0,False,,,,,,,,,,,,,,,,,,,,,,,,,,,,,,,
"2025-01-23-LiTr/L6_Day5_Vconstant/-2.5V,2mins/D1_all.txt",2025-01-23-LiTr,LiTr,L6,5,6000,122.59441734,0.020343079999999958,-2.5,-2.5,VCONST,,,,,,,,,,,,,False,,,,,,,,,,,,,,-2.5,3.22028336085e-06,1.4500961697e-05,4.503007987835096,28.67910058,,,,,,
"2025-01-23-LiTr/L6_Day5_Vconstant/-2V,2mins/D1_all.txt",2025-01-23-LiTr,LiTr,L6,5,6000,122.13582648,0.020344379999997386,-2.0,-2.0,VCONST,,,,,,,,,,,,,False,,,,,,,,,,,,,,-2.0,1.8527443899e-06,4.2977344492499995e-06,2.3196585954752047,14.8519665,,,,,,
"2025-01-23-LiTr/L6_Day5_Vconstant/-1.5V,2mins/D1_all.txt",2025-01-23-LiTr,LiTr,L6,5,6000,122.09784088,0.0203441600000005,-1.5,-1.5,VCONST,,,,,,,,,,,,,False,,,,,,,,,,,,,,-1.5,9.4411564078e-07,8.38064238455e-07,0.8876711731654149,5.59525374,,,,,,
"2025-01-23-LiTr/L6_Day5_Vconstant/-1V,2mins/D1_all.txt",2025-01-23-LiTr,LiTr,L6,5,6000,122.16951834,0.02034371999999962,-1.0,-1.0,VCONST,,,,,,,,,,,,,False,,,,,,,,,,,,,,-1.0,4.13247221335e-07,3.7190739022e-07,0.8999634383954205,11.583961,,,,,,
"2025-01-23-LiTr/L6_Day5_Vconstant/-3V,2mins/D1_all.txt",2025-01-23-LiTr,LiTr,L6,5,6000,122.573042,0.02034349999999563,-3.0,-3.0,VCONST,,,,,,,,,,,,,False,,,,,,,,,,,,,,-3.0,5.45822149435e-06,4.1747276555e-05,7.648512724925894,37.68014634,,,,,,
"2025-01-23-LiTr/R6_Day6_Relaxation-w-Vc/reading voltage -1.5V, pulses -2V, -2.5V, -3V.txt",2025-01-23-LiTr,LiTr,R6,6,10975,3543.9060746,0.050346280000006516,-3.0,-1.5,PULSE,-3.0,-2.5;-2;-1.5,6,590.6510124333333,0.0,False,,,,,,,,,,,,,,,,,,,,,,,,,,,,,,,
"2025-01-23-LiTr/R5_Day3_dinamic studies/Cycles, -1.6V, 100 steps.txt",2025-01-23-LiTr,LiTr,R5,3,2010,407.56275054,0.20241696000002207,-1.6,0.0,SWEEP,,,,,,,,,,,,,False,,,NEG,1.6,10,100,0.07471892725516226,10,1.5872548023507465,1.2812511414308387,0.07760088644364595,1.8599166651e-07,0.6703667481967335,,,,,,,,,,,
"2025-01-23-LiTr/R5_Day3_dinamic studies/Cycles, -1.6V, 1000steps.txt",2025-01-23-LiTr,LiTr,R5,3,20010,4051.0700052,0.20241698000000952,-1.6,0.0,SWEEP,,,,,,,,,,,,,False,,,NEG,1.6,10,160,0.0075054986978366324,10,1.3982042648908568,1.135147998472446,0.0396109272459734,2.7552414394e-07,0.753352126829223,,,,,,,,,,,
"2025-01-23-LiTr/R5_Day3_dinamic studies/Cycles, -1.6V, 1steps.txt",2025-01-23-LiTr,LiTr,R5,3,30,6.77730844,0.20242497999999998,-1.6,0.0,PULSE,0.0,-1.6,10,0.6777308439999999,0.0,False,11,1.4788383850854998e-09,6.8685039878e-09,4.644526445263248,0.9090909090909091,False,False,False,1.5209361105284962,,,,,,,,,,,,,,,,,,,,,,
"2025-01-23-LiTr/R5_Day3_dinamic studies/Cycles, -1.6V, 2 steps.txt",2025-01-23-LiTr,LiTr,R5,3,50,10.82568734,0.20242095999999998,-1.6,0.0,PULSE,-0.8,-1.6;0,21,0.515508920952381,0.0,True,20,2.5656845537e-08,2.7488567866e-08,1.0713931229916185,0.9,False,False,False,,,,,,,,,,,,,,,,,,,,,,,
"2025-01-23-LiTr/R5_Day3_dinamic studies/Cycles, -1.6V, 200 steps.txt",2025-01-23-LiTr,LiTr,R5,3,4010,812.39653516,0.20241692000001876,-1.6,0.0,SWEEP,,,,,,,,,,,,,False,,,NEG,1.6,10,160,0.037452636773375625,10,1.7185440853384941,1.4721506112686535,0.08731017121174892,2.3259417503e-07,0.5891295847470218,,,,,,,,,,,
"2025-01-23-LiTr/R5_Day3_dinamic studies/Cycles, -1.6V, 2000steps.txt",2025-01-23-LiTr,LiTr,R5,3,8002,1619.641057,0.20241704000000027,-1.6,0.0,SWEEP,,,,,,,,,,,,,False,,,NEG,1.6,2,160,0.002963436465085284,2,1.4295567501659987,1.3132834471519004,0.05490534535120123,2.724082151e-07,0.7021194193052808,,,,,,,,,,,
"2025-01-23-LiTr/R5_Day3_dinamic studies/Cycles, -1.6V, 400steps.txt",2025-01-23-LiTr,LiTr,R5,3,8010,1622.0642535,0.20241677999999297,-1.6,0.0,SWEEP,,,,,,,,,,,,,False,,,NEG,1.6,10,160,0.018749710029413186,10,1.5634099809027506,1.3100213603170046,0.063676032252851,2.2802123567e-07,0.7487236350963329,,,,,,,,,,,
"2025-01-23-LiTr/R5_Day3_dinamic studies/Cycles, -1.6V, 5 steps.txt",2025-01-23-LiTr,LiTr,R5,3,110,22.97066526,0.20241860000000145,-1.6,0.0,PULSE,-1.28,-1.6;-0.96;-0.64;-0.32;0,81,0.28358846,0.0,True,20,5.0441485655e-08,5.17702574145e-08,1.0263428355102044,0.35,False,False,False,,,,,,,,,,,,,,,,,,,,,,,
"2025-01-23-LiTr/R5_Day3_dinamic studies/Cycles, -1.6V, 75 steps.txt",2025-01-23-LiTr,LiTr,R5,3,1510,306.35514882,0.20241761999999852,-1.6,0.0,SWEEP,,,,,,,,,,,,,False,,,NEG,1.6,10,75,0.09945996959714266,10,1.520271336185553,1.248977384471023,0.0719707451646068,1.7555794329e-07,0.7162380587490192,,,,,,,,,,,
"2025-01-23-LiTr/R5_Day3_dinamic studies/Cycles, -1.6V- 40 steps.txt",2025-01-23-LiTr,LiTr,R5,3,810,164.66178768,0.20241623999999092,-1.6,0.0,SWEEP,,,,,,,,,,,,,False,,,NEG,1.6,10,40,0.18541429382115066,10,1.4965047186846718,1.3850839156639008,0.09554277478132245,1.0685289453e-07,0.9968000306625115,,,,,,,,,,,
"2025-01-23-LiTr/R5_Day3_dinamic studies/Cycles, -1.6V_21 steps.txt",2025-01-23-LiTr,LiTr,R5,3,1290,263.8397055,0.20241795999999113,-1.6,0.0,SWEEP,,,,,,,,,,,,,False,,,NEG,1.6,30,21,0.3615207591937328,30,1.4790455183941025,1.4173514667593803,0.08776917549949528,9.9606040749e-08,1.3679302124399322,,,,,,,,,,,
"2025-01-23-LiTr/R5_Day3_dinamic studies/Cycles, -1.6V_50steps.txt",2025-01-23-LiTr,LiTr,R5,3,1010,205.14668104,0.20241744000000494,-1.6,0.0,SWEEP,,,,,,,,,,,,,False,,,NEG,1.6,10,50,0.14869771053813033,10,1.4625532778573014,1.3667816621870765,0.097048054793345,1.0763869795e-07,0.9891497789749747,,,,,,,,,,,
"2025-01-23-LiTr/R5_Day3_dinamic studies/Cycles, -1V, 200steps.txt",2025-01-23-LiTr,LiTr,R5,3,802,162.23687988,0.202417159999996,-1.0,0.0,SWEEP,,,,,,,,,,,,,False,,,NEG,1.0,2,100,0.018479897549458967,2,1.032653061228717,0.9931677744417425,0.006441896390572256,4.3595719035e-08,0.890599574417594,,,,,,,,,,,
"2025-01-23-LiTr/R5_Day3_dinamic studies/Cycles, -3V, 200steps.txt",2025-01-23-LiTr,LiTr,R5,3,4010,1276.4838031,0.21813120000001618,-3.0,0.0,SWEEP,,,,,,,,,,,,,False,,,NEG,3.0,10,200,0.06516474415580141,10,4.197031600827792,1.59579740589498,0.10494433767729291,7.0976766438e-06,0.7466525405365214,,,,,,,,,,,
"2025-01-23-LiTr/R5_Day3_dinamic studies/Cycles, -3V, 400steps.txt",2025-01-23-LiTr,LiTr,R5,3,8010,2485.7229592,0.21812869999985196,-3.0,0.0,SWEEP,,,,,,,,,,,,,False,,,NEG,3.0,10,300,0.0326234230934246,10,2.526671893347044,1.230945452031824,0.10882750333920282,7.9770816228e-06,0.9328547352243346,,,,,,,,,,,
"2025-01-23-LiTr/R5_Day3_dinamic studies/Cycles,-3V, 300 steps.txt",2025-01-23-LiTr,LiTr,R5,3,6010,1995.629676,0.2181311800000003,-3.0,0.0,SWEEP,,,,,,,,,,,,,False,,,NEG,3.0,10,300,0.04347930915537724,10,3.8253458551929644,1.7153574464038006,0.14754508324843513,6.6322209022e-06,0.8849033844987299,,,,,,,,,,,
"2025-01-23-LiTr/R5_Day3_dinamic studies/DualCycles, -1.6V, 400steps.txt",2025-01-23-LiTr,LiTr,R5,3,8010,6417.9604062,0.6125114000001304,-1.6,1.6,SWEEP,,,,,,,,,,,,,False,,,BIPOLAR,1.6,10,320,0.012392441773611342,10,0.7885277347113114,0.742414304871381,0.05315730302051553,3.3264223021e-07,1.268598760717429,,,,,,,,,,,
"2025-01-23-LiTr/R5_Day3_dinamic studies/REVISAR_RAMON_DualCycles, -3V, 700steps.txt",2025-01-23-LiTr,LiTr,R5,3,14010,5560.0880274,0.21814169999970545,-3.0,3.0,SWEEP,,,,,,,,,,,,,False,,,BIPOLAR,3.0,10,600,0.03730164827674431,10,0.5010109365151075,0.06668973170726845,0.06073197448424138,1.9637591322e-05,0.42873512858309804,,,,,,,,,,,
"2025-01-23-LiTr/L4_Day5_Vconstant/-2.5V,2mins/D1_all.txt",2025-01-23-LiTr,LiTr,L4,5,6000,122.08844352,0.020339159999998913,-2.5,-2.5,VCONST,,,,,,,,,,,,,False,,,,,,,,,,,,,,-2.5,3.1223498809000003e-07,3.7919198802999996e-07,1.2144442567105898,107.34257448,,,,,,
"2025-01-23-LiTr/L4_Day5_Vconstant/-2V,2mins/D1_all.txt",2025-01-23-LiTr,LiTr,L4,5,6000,122.04187142,0.02034207999999893,-2.0,-2.0,VCONST,,,,,,,,,,,,,False,,,,,,,,,,,,,,-2.0,2.2479787276e-07,1.6905880784e-07,0.7520480766314526,17.109328,,,,,,
"2025-01-23-LiTr/L4_Day5_Vconstant/-1.5V,2mins/D1_all.txt",2025-01-23-LiTr,LiTr,L4,5,6000,122.04390514,0.02034067999999678,-1.5,-1.5,VCONST,,,,,,,,,,,,,False,,,,,,,,,,,,,,-1.5,1.3397357179e-07,1.0616872714e-07,0.7924602272037402,34.85605652,,,,,,
"2025-01-23-LiTr/L4_Day5_Vconstant/-1V,2mins/D1_all.txt",2025-01-23-LiTr,LiTr,L4,5,6000,122.0998414,0.0203399399999995,-1.0,-1.0,VCONST,,,,,,,,,,,,,False,,,,,,,,,,,,,,-1.0,7.40810719435e-08,6.39674908595e-08,0.8634795526215737,2.25816388,,,,,,
"2025-01-23-LiTr/L4_Day5_Vconstant/-3V,2mins/D1_all.txt",2025-01-23-LiTr,LiTr,L4,5,6000,122.05233498,0.02034172000000467,-3.0,-3.0,VCONST,,,,,,,,,,,,,False,,,,,,,,,,,,,,-3.0,4.24809513785e-07,2.8845061024e-06,6.790116531758926,93.97790908,,,,,,
"2025-01-23-LiTr/R6_Day5_Vconstant/-2.5V,2mins/D1_all.txt",2025-01-23-LiTr,LiTr,R6,5,6000,122.06834128,0.020342200000001753,-2.5,-2.5,VCONST,,,,,,,,,,,,,False,,,,,,,,,,,,,,-2.5,2.2747553884999998e-07,1.1912859918e-05,52.3698503066542,20.28352406,,,,,,
"2025-01-23-LiTr/R6_Day5_Vconstant/-2V,2mins/D1_all.txt",2025-01-23-LiTr,LiTr,R6,5,6000,122.1034471,0.02034103999999104,-2.0,-2.0,VCONST,,,,,,,,,,,,,False,,,,,,,,,,,,,,-2.0,1.2979762687e-07,3.2506250136e-06,25.043793881190854,13.8559016,,,,,,
"2025-01-23-LiTr/R6_Day5_Vconstant/-1.5V,2mins/D1_all.txt",2025-01-23-LiTr,LiTr,R6,5,6000,122.06060958,0.020339339999999595,-1.5,-1.5,VCONST,,,,,,,,,,,,,False,,,,,,,,,,,,,,-1.5,2.89744548355e-08,3.8196378682e-07,13.182777346064555,14.24086608,,,,,,
"2025-01-23-LiTr/R6_Day5_Vconstant/-1V,2mins/D1_all.txt",2025-01-23-LiTr,LiTr,R6,5,6000,122.03501094,0.020340880000006223,-1.0,-1.0,VCONST,,,,,,,,,,,,,False,,,,,,,,,,,,,,-1.0,4.0006398194e-09,2.559886525e-09,0.6398692810551292,1.0578987,,,,,,
"2025-01-23-LiTr/R6_Day5_Vconstant/-3V,2mins/D1_all.txt",2025-01-23-LiTr,LiTr,R6,5,6000,122.0499319,0.020340640000000576,-3.0,-3.0,VCONST,,,,,,,,,,,,,False,,,,,,,,,,,,,,-3.0,1.65338860825e-07,3.5966964788e-05,217.53485301963343,41.66357144,,,,,,
"2025-01-23-LiTr/R5_Day6_Relaxation-w-Vpul/-3,-35,-4Vpulses,10minrelax.txt",2025-01-23-LiTr,LiTr,R5,6,2515,2448.7027084,0.020354909999998227,-4.0,0.0,PULSE,0.0,-4;-3.5;-3;-1.5,394,6.214981493401016,0.0,False,390,1.2936652638e-08,2.01104558072e-07,15.545331833466518,0.9923076923076923,False,False,False,0.27860329116664,,,,,,,,,,,,,,,,,,,,,,
"2025-01-23-LiTr/R5_Day6_Relaxation-w-Vpul/-reading-3V, -4V, 0V, 250 pulses.txt",2025-01-23-LiTr,LiTr,R5,6,1000,41.35973122,0.04140037999999979,-4.0,0.0,PULSE,-3.0,-4;0,500,0.08271946244,0.0,True,500,6.2235776568e-06,3.73628921804e-05,6.003442752831498,0.482,False,False,False,0.39128588206884213,,,,,,,,,,,,,,,,,,,,,,
"2025-01-23-LiTr/R5_Day6_Relaxation-w-Vpul/3,3.5,4Vpulses,10minrelax.txt",2025-01-23-LiTr,LiTr,R5,6,15475,2717.6150222,0.02035105999999587,-1.5,4.0,PULSE,0.0,-1.5;3;3.5;4,2554,1.0640622639780737,0.0,True,2550,8.9930836111e-09,1.29104591908e-08,1.4355987055279742,0.9901960784313726,False,False,False,,,,,,,,,,,,,,,,,,,,,,,
"2025-01-23-LiTr/R5_Day6_Relaxation-w-Vpul/PULSES -4V, 0.5V.txt",2025-01-23-LiTr,LiTr,R5,6,4000,165.5636762,0.041401059999998324,-4.0,0.5,PULSE,0.0,-4;0.5,2000,0.0827818381,0.0,True,2000,5.0138623919e-08,8.345057722200001e-07,16.643970396318846,0.4985,False,False,False,0.5550586578283646,,,,,,,,,,,,,,,,,,,,,,
"2025-01-23-LiTr/R5_Day6_Relaxation-w-Vpul/Pulses -4V, 4V.txt",2025-01-23-LiTr,LiTr,R5,6,4000,165.55991422,0.04139997999999778,-4.0,4.0,PULSE,0.0,-4;4,2000,0.08277995711,0.0,True,2000,2.2924359655000001e-07,8.789851563060001e-07,3.8342844447316367,0.4845,False,False,False,0.2818223260247274,,,,,,,,,,,,,,,,,,,,,,
"2025-01-23-LiTr/R5_Day6_Relaxation-w-Vpul/pulses-4V,2v.txt",2025-01-23-LiTr,LiTr,R5,6,4000,165.56087462,0.0414003400000027,-4.0,2.0,PULSE,0.0,-4;2,2000,0.08278043731,0.0,True,2000,5.812762538e-08,8.21615685708e-07,14.13468519205489,0.4985,False,False,False,0.5392939226902629,,,,,,,,,,,,,,,,,,,,,,
"2025-01-23-LiTr/R5_Day6_Relaxation-w-Vpul/reading -0.5V, -4V, 0V, 250 pulses.txt",2025-01-23-LiTr,LiTr,R5,6,1000,41.35942924,0.041400340000000924,-4.0,0.0,PULSE,-0.5,-4;0,500,0.08271885847999999,0.0,True,500,3.3828837331e-07,6.189075065780001e-07,1.8295263905237644,0.114,False,False,False,0.18196895045912728,,,,,,,,,,,,,,,,,,,,,,
"2025-01-23-LiTr/R5_Day6_Relaxation-w-Vpul/-1V reading voltage/-1V, reading , -3V, 3V, 250 pulses, 0.25 delay tme.txt",2025-01-23-LiTr,LiTr,R5,6,3500,142.01421368,0.04026465999999829,-3.0,0.0,PULSE,-1.0,-3;0,500,0.28402842736,0.20131213999999886,True,500,4.4552871259e-07,5.28132659384e-07,1.1854065618213403,0.058,False,False,False,,,,,,,,,,,,,,,,,,,,,,,
"2025-01-23-LiTr/R5_Day6_Relaxation-w-Vpul/-1V reading voltage/-1V, reading, -3V, 3V, 250 pulses, 0.25 s delay time.txt",2025-01-23-LiTr,LiTr,R5,6,3500,142.1678158,0.04026434000002155,-3.0,3.0,PULSE,-1.0,-3;3,500,0.28433563159999997,0.2013419200000044,True,500,4.7154753701999995e-07,5.34394348506e-07,1.1332777854872655,0.078,False,False,False,,,,,,,,,,,,,,,,,,,,,,,
"2025-01-23-LiTr/R5_Day6_Relaxation-w-Vpul/-1V reading voltage/-reading -1V, -3V, 0V, 250 pulses, 0.08delay time.txt",2025-01-23-LiTr,LiTr,R5,6,1500,61.49067,0.0413952799999997,-3.0,0.0,PULSE,-1.0,-3;0,500,0.12298134000000001,0.040248779999998874,True,500,5.820402293449999e-07,1.0454779840000002e-06,1.796229764352424,0.18,False,False,False,0.18098200654266772,,,,,,,,,,,,,,,,,,,,,,
"2025-01-23-LiTr/R5_Day6_Relaxation-w-Vpul/-1V reading voltage/-reading -1V, -3V, 3V, 250 pulses, 0.08 delay tiem.txt",2025-01-23-LiTr,LiTr,R5,6,1500,61.64543964,0.04140152000000086,-3.0,3.0,PULSE,-1.0,-3;3,500,0.12329087928,0.04025467999999677,True,500,5.097099347049999e-07,7.94856168794e-07,1.5594284409112638,0.226,False,False,False,0.0988505412471239,,,,,,,,,,,,,,,,,,,,,,
"2025-01-23-LiTr/R5_Day6_Relaxation-w-Vpul/-1V reading voltage/reading  -1V, -3V, 0V. 250 pulses, 0.12 s delay tiem.txt",2025-01-23-LiTr,LiTr,R5,6,2000,81.62242294,0.040292759999999817,-3.0,0.0,PULSE,-1.0,-3;0,500,0.16324484588000002,0.08051568000000486,True,500,4.1436578613e-07,6.786343874420001e-07,1.6377664618021586,0.144,False,False,False,0.12811356828563547,,,,,,,,,,,,,,,,,,,,,,
"2025-01-23-LiTr/R5_Day6_Relaxation-w-Vpul/-1V reading voltage/reading - 1V, -3V, 3V, 250 pulses, 0.12 s delay time.txt",2025-01-23-LiTr,LiTr,R5,6,2000,81.77620956,0.04029594000000003,-3.0,3.0,PULSE,-1.0,-3;3,500,0.16355241912,0.08051238000000183,True,500,4.5454362407e-07,7.11996108292e-07,1.5663977461981782,0.144,False,False,False,0.150563684822748,,,,,,,,,,,,,,,,,,,,,,
"2025-01-23-LiTr/R5_Day6_Relaxation-w-Vpul/-1V reading voltage/reading -1V,  3V, 2V, 250 pulses.txt",2025-01-23-LiTr,LiTr,R5,6,1000,41.51395974,0.04168074000000033,-3.0,2.0,PULSE,-1.0,-3;2,500,0.08302791947999999,0.0,True,500,6.6780194174e-07,1.5446508768800002e-06,2.3130374147390396,0.308,False,False,False,0.2250166560040666,,,,,,,,,,,,,,,,,,,,,,
"2025-01-23-LiTr/R5_Day6_Relaxation-w-Vpul/-1V reading voltage/reading -1V, -3V, 0V, 250 pulses, 0.06delay times.txt",2025-01-23-LiTr,LiTr,R5,6,1000,41.35844428,0.041399379999999875,-3.0,0.0,PULSE,-1.0,-3;0,500,0.08271688856000001,0.0,True,500,4.8986112233e-07,1.4104938600200002e-06,2.879374981445877,0.388,False,False,False,0.26498327058384563,,,,,,,,,,,,,,,,,,,,,,
"2025-01-23-LiTr/R5_Day6_Relaxation-w-Vpul/-1V reading voltage/reading -1V, -3V, 0V, 250 pulses, 0.1 s delay time.txt",2025-01-23-LiTr,LiTr,R5,6,1500,61.49100378,0.04139576000000034,-3.0,0.0,PULSE,-1.0,-3;0,500,0.12298200756,0.040253120000002696,True,500,5.359397619e-07,1.0753064998500002e-06,2.0063943306573315,0.214,False,False,False,0.19965923774456923,,,,,,,,,,,,,,,,,,,,,,
"2025-01-23-LiTr/R5_Day6_Relaxation-w-Vpul/-1V reading voltage/reading -1V, -3V, 0V, 250 pulses, 0.15 delay time.txt",2025-01-23-LiTr,LiTr,R5,6,2000,81.6220826,0.04029536000000178,-3.0,0.0,PULSE,-1.0,-3;0,500,0.16324416519999999,0.0805537199999975,True,500,4.1317252908e-07,7.065042154860001e-07,1.7099496354686352,0.176,False,False,False,0.13445510408092937,,,,,,,,,,,,,,,,,,,,,,
"2025-01-23-LiTr/R5_Day6_Relaxation-w-Vpul/-1V reading voltage/reading -1V, -3V, 0V, 250 pulses, 0.2 s delay time.txt",2025-01-23-LiTr,LiTr,R5,6,2999,121.88293194,0.04026551999999839,-3.0,0.0,PULSE,-1.0,-3;0,500,0.24376586388000002,0.1610658600000079,True,500,4.8743095249e-07,6.02129148322e-07,1.235311679010276,0.128,False,False,False,,,,,,,,,,,,,,,,,,,,,,,
"2025-01-23-LiTr/R5_Day6_Relaxation-w-Vpul/-1V reading voltage/reading -1V, -3V, 0V, 250 pulses, 0.3 s delay time.txt",2025-01-23-LiTr,LiTr,R5,6,4000,162.14446914,0.04026358000000041,-3.0,0.0,PULSE,-1.0,-3;0,500,0.32428893828000005,0.2416139400000077,True,500,4.4035550673e-07,5.22995833306e-07,1.1876672945222646,0.052,False,False,False,,,,,,,,,,,,,,,,,,,,,,,
"2025-01-23-LiTr/R5_Day6_Relaxation-w-Vpul/-1V reading voltage/reading -1V, -3V, 0V.txt",2025-01-23-LiTr,LiTr,R5,6,1000,41.35948696,0.04140106000000188,-3.0,0.0,PULSE,-1.0,-3;0,500,0.08271897392,0.0,True,500,5.7622673921e-07,1.7455051420400001e-06,3.029198444405872,0.314,False,False,False,0.30804415777792105,,,,,,,,,,,,,,,,,,,,,,
"2025-01-23-LiTr/R5_Day6_Relaxation-w-Vpul/-1V reading voltage/reading -1V, -3V, 1V plses 250.txt",2025-01-23-LiTr,LiTr,R5,6,1000,41.5133251,0.041688819999997406,-3.0,1.0,PULSE,-1.0,-3;1,500,0.08302665020000001,0.0,True,500,6.3110201154e-07,1.4742021449e-06,2.335917360337178,0.38,False,False,False,0.1946133125500563,,,,,,,,,,,,,,,,,,,,,,
"2025-01-23-LiTr/R5_Day6_Relaxation-w-Vpul/-1V reading voltage/reading -1V, -3V, 3V 250 pulses.txt",2025-01-23-LiTr,LiTr,R5,6,1000,41.51345738,0.0416882199999975,-3.0,3.0,PULSE,-1.0,-3;3,500,0.08302691476,0.0,True,500,7.2791590355e-07,1.888020779e-06,2.5937347567105506,0.366,False,False,False,0.24849383342426384,,,,,,,,,,,,,,,,,,,,,,
"2025-01-23-LiTr/R5_Day6_Relaxation-w-Vpul/-1V reading voltage/reading -1V, -3V, 3V, 250 pulses 0.1 delay time.txt",2025-01-23-LiTr,LiTr,R5,6,1500,61.64538952,0.041402280000003344,-3.0,3.0,PULSE,-1.0,-3;3,500,0.12329077904,0.04025338000000289,True,500,6.11100404055e-07,1.2595730368000002e-06,2.0611556275237493,0.304,False,False,False,0.1864817310700998,,,,,,,,,,,,,,,,,,,,,,
"2025-01-23-LiTr/R5_Day6_Relaxation-w-Vpul/-1V reading voltage/reading -1V, -3V, 3V, 250 pulses, 0.06 delay time.txt",2025-01-23-LiTr,LiTr,R5,6,1000,41.5130654,0.04168023999999804,-3.0,3.0,PULSE,-1.0,-3;3,500,0.0830261308,0.0,True,500,5.9092417359e-07,1.31750712172e-06,2.2295705280016587,0.324,False,False,False,0.19678422031733883,,,,,,,,,,,,,,,,,,,,,,
"2025-01-23-LiTr/R5_Day6_Relaxation-w-Vpul/-1V reading voltage/reading -1V, -3V, 3V, 250 pulses, 0.2 s delay time.txt",2025-01-23-LiTr,LiTr,R5,6,3000,122.03928598,0.040266219999999464,-3.0,3.0,PULSE,-1.0,-3;3,500,0.24407857196000002,0.16103084000000933,True,500,4.5548949856e-07,6.069545634080001e-07,1.3325325069553675,0.082,False,False,False,,,,,,,,,,,,,,,,,,,,,,,
"2025-01-23-LiTr/R5_Day6_Relaxation-w-Vpul/-1V reading voltage/reading -1V, -3V, 3V, 250 pulses, 0.25s delay time.txt",2025-01-23-LiTr,LiTr,R5,6,4000,162.29882194,0.0402635800000013,-3.0,3.0,PULSE,-1.0,-3;3,500,0.32459764388,0.24156734000001734,True,500,4.3764885049e-07,4.85419877806e-07,1.109153782221785,0.024,False,False,False,,,,,,,,,,,,,,,,,,,,,,,
"2025-01-23-LiTr/R5_Day6_Relaxation-w-Vpul/-1V reading voltage/reading -1V, -3V, 3V, 250 pulses, 0.3s delay time.txt",2025-01-23-LiTr,LiTr,R5,6,4000,162.2998841,0.040264120000003345,-3.0,3.0,PULSE,-1.0,-3;3,500,0.3245997682,0.2415996000000007,True,500,3.978057066e-07,4.7162175178599997e-07,1.1855580348932078,0.066,False,False,False,,,,,,,,,,,,,,,,,,,,,,,
"2025-01-23-LiTr/R5_Day6_Relaxation-w-Vpul/-1V reading voltage/reading time -1V, -3V, 3V, 250 pulses, 0.15 delay time.txt",2025-01-23-LiTr,LiTr,R5,6,2000,81.77720038,0.04029820000000228,-3.0,3.0,PULSE,-1.0,-3;3,500,0.16355440076,0.0805204799999899,True,500,4.5371416491e-07,6.84603583066e-07,1.5088873921355306,0.116,False,False,False,0.13327600211231724,,,,,,,,,,,,,,,,,,,,,,
"2025-01-23-LiTr/R5_Day6_Relaxation-w-Vpul/-1.5V reading voltage/reading - 1.5V, -2V, 2V, 250 pulses.txt",2025-01-23-LiTr,LiTr,R5,6,1000,41.51318534,0.04168182000000087,-2.0,2.0,PULSE,-1.5,-2;2,500,0.08302637068,0.0,True,500,8.7170337792e-07,1.62372598424e-06,1.862704705945302,0.268,False,False,False,0.1606383671300909,,,,,,,,,,,,,,,,,,,,,,
"2025-01-23-LiTr/R5_Day6_Relaxation-w-Vpul/-1.5V reading voltage/reading - 1.5V, -3V, 3V, 100pulses.txt",2025-01-23-LiTr,LiTr,R5,6,,,,,,PARSE_FAIL,,,,,,,,,,,,,,,,,,,,,,,,,,,,,,,,EMPTY,,,,,
"2025-01-23-LiTr/R5_Day6_Relaxation-w-Vpul/-1.5V reading voltage/reading - 1.5V, -3V, 3V, 50 pulses.txt",2025-01-23-LiTr,LiTr,R5,6,200,8.26981692,0.041689219999999416,-3.0,3.0,PULSE,-1.5,-3;3,100,0.0826981692,0.0,True,100,1.1602678569e-06,3.0532566597600004e-06,2.631510165176584,0.47,False,False,False,0.2823515637042217,,,,,,,,,,,,,,,,,,,,,,
"2025-01-23-LiTr/R5_Day6_Relaxation-w-Vpul/-1.5V reading voltage/reading - 1.5V, pulses -4V, 4V, 1000pulses.txt",2025-01-23-LiTr,LiTr,R5,6,4000,166.1943597,0.04167773999999724,-4.0,4.0,PULSE,-1.5,-4;4,2000,0.08309717985000001,0.0,True,2000,1.2492891983e-06,7.2918977821399995e-06,5.836837292808281,0.0915,False,False,False,0.6106711062444873,,,,,,,,,,,,,,,,,,,,,,
"2025-01-23-LiTr/R5_Day6_Relaxation-w-Vpul/-1.5V reading voltage/reading -1.5V, -2V, 0V, 250 pulses.txt",2025-01-23-LiTr,LiTr,R5,6,1000,41.3593362,0.041400619999997446,-2.0,0.0,PULSE,-1.5,-2;0,500,0.0827186724,0.0,True,500,8.3586201072e-07,1.492688898e-06,1.7858077994407455,0.246,False,False,False,0.16383890908186172,,,,,,,,,,,,,,,,,,,,,,
"2025-01-23-LiTr/R5_Day6_Relaxation-w-Vpul/-1.5V reading voltage/reading -1.5V, -3V, 0.5V 250 pulses second.txt",2025-01-23-LiTr,LiTr,R5,6,1000,41.51258944,0.041685239999999624,-3.0,0.5,PULSE,-1.5,-3;0.5,500,0.08302517888,0.0,True,500,8.9465174824e-07,3.1359930290000006e-06,3.505266753425867,0.39,False,False,False,0.29649824585207113,,,,,,,,,,,,,,,,,,,,,,
"2025-01-23-LiTr/R5_Day6_Relaxation-w-Vpul/-1.5V reading voltage/reading -1.5V, -3V, 1V, 500pulses.txt",2025-01-23-LiTr,LiTr,R5,6,2000,83.06866646,0.04168045999999492,-3.0,1.0,PULSE,-1.5,-3;1,1000,0.08306866646000001,0.0,True,1000,1.2352466001e-06,4.8390356824e-06,3.9174652915525154,0.181,False,False,False,0.3865899056751985,,,,,,,,,,,,,,,,,,,,,,
"2025-01-23-LiTr/R5_Day6_Relaxation-w-Vpul/-1.5V reading voltage/reading -1.5V, -3V, 2 V 500 pulses.txt",2025-01-23-LiTr,LiTr,R5,6,2000,83.06785488,0.04168007999999901,-3.0,2.0,PULSE,-1.5,-3;2,1000,0.08306785488,0.0,True,1000,1.03417551145e-06,4.2495288653e-06,4.10909832833095,0.175,False,False,False,0.4092338433873796,,,,,,,,,,,,,,,,,,,,,,
"2025-01-23-LiTr/R5_Day6_Relaxation-w-Vpul/-1.5V reading voltage/reading -1.5V, -3V, 2V, 250pulses.txt",2025-01-23-LiTr,LiTr,R5,6,1000,41.51340162,0.041686939999998174,-3.0,2.0,PULSE,-1.5,-3;2,500,0.08302680324,0.0,True,500,1.0893418221e-06,4.1325110942199995e-06,3.793585273586091,0.324,False,False,False,0.3435153581394289,,,,,,,,,,,,,,,,,,,,,,
"2025-01-23-LiTr/R5_Day6_Relaxation-w-Vpul/-1.5V reading voltage/reading -1.5V, -3V, 3V pulses 25.txt",2025-01-23-LiTr,LiTr,R5,6,100,4.11410242,0.04169665999999994,-3.0,3.0,PULSE,-1.5,-3;3,50,0.0822820484,0.0,True,50,1.3521203072499999e-06,2.4528533686000005e-06,1.8140792320386923,0.44,False,False,False,0.21537937129288184,,,,,,,,,,,,,,,,,,,,,,
"2025-01-23-LiTr/R5_Day6_Relaxation-w-Vpul/-1.5V reading voltage/reading -1.5V, -3V, 3V, 250 pulses.txt",2025-01-23-LiTr,LiTr,R5,6,1000,41.51314026,0.041677679999999384,-3.0,3.0,PULSE,-1.5,-3;3,500,0.08302628052,0.0,True,500,1.1422816897e-06,4.21481672674e-06,3.689822540924163,0.376,False,False,False,0.3440545829497887,,,,,,,,,,,,,,,,,,,,,,
"2025-01-23-LiTr/R5_Day6_Relaxation-w-Vpul/-1.5V reading voltage/reading -1.5V, -3V,0.5V,500pulses.txt",2025-01-23-LiTr,LiTr,R5,6,2000,83.06778692,0.04168491999999446,-3.0,0.5,PULSE,-1.5,-3;0.5,1000,0.08306778692,0.0,True,1000,1.4246688806499998e-06,4.8253510613e-06,3.386998289103116,0.176,False,False,False,0.3565932146360417,,,,,,,,,,,,,,,,,,,,,,
"2025-01-23-LiTr/R5_Day6_Relaxation-w-Vpul/-1.5V reading voltage/reading -1.5V, pulses -3V, 0V, 250 pulse.txt",2025-01-23-LiTr,LiTr,R5,6,1000,41.35967056,0.04140051999999983,-3.0,0.0,PULSE,-1.5,-3;0,500,0.08271934112,0.0,True,500,9.7794691101e-07,2.8287002351200007e-06,2.892488542346933,0.484,False,False,False,0.21205654291331313,,,,,,,,,,,,,,,,,,,,,,
"2025-01-23-LiTr/R5_Day6_Relaxation-w-Vpul/-1.5V reading voltage/reading -1.5Vm -3V, 3V, 250 pulses second.txt",2025-01-23-LiTr,LiTr,R5,6,1000,41.51328954,0.04168612000000138,-3.0,3.0,PULSE,-1.5,-3;3,500,0.08302657908000001,0.0,True,500,1.1700176401e-06,2.90431198666e-06,2.482280511951745,0.492,False,False,False,0.18542730771897814,,,,,,,,,,,,,,,,,,,,,,
"2025-01-23-LiTr/R5_Day6_Relaxation-w-Vpul/-1.5V reading voltage/reading, -1.5V, -2V, 1V, 250 pulses.txt",2025-01-23-LiTr,LiTr,R5,6,1000,41.5134152,0.04168673999999584,-2.0,1.0,PULSE,-1.5,-2;1,500,0.0830268304,0.0,True,500,8.1054167822e-07,1.53167056848e-06,1.8896876121702268,0.272,False,False,False,0.17386508828489525,,,,,,,,,,,,,,,,,,,,,,
"2025-01-23-LiTr/R5_Day6_Relaxation-w-Vpul/-1.5V reading voltage/reading, -1.5V, -3V, 1V, 250 pulses.txt",2025-01-23-LiTr,LiTr,R5,6,1000,41.51288222,0.041688660000005484,-3.0,0.5,PULSE,-1.5,-3;0.5,500,0.08302576444,0.0,True,500,1.1871889001e-06,3.2495765481200003e-06,2.737202603432596,0.244,False,False,False,0.2815308821460365,,,,,,,,,,,,,,,,,,,,,,
"2025-01-23-LiTr/R5_Day6_Relaxation-w-Vpul/-1.5V reading voltage/reading-1.5V, -3V, 1V, 250 pulses.txt",2025-01-23-LiTr,LiTr,R5,6,1000,41.51322504,0.041680840000001496,-3.0,1.0,PULSE,-1.5,-3;1,500,0.08302645008000001,0.0,True,500,1.1221563909e-06,3.5415898310200003e-06,3.1560572659391517,0.272,False,False,False,0.297952228020216,,,,,,,,,,,,,,,,,,,,,,
"2025-01-23-LiTr/R5_Day6_Relaxation-w-Vpul/-1.5V reading voltage/reading-1.5V, -4V,4V, 500pulses.txt",2025-01-23-LiTr,LiTr,R5,6,2000,83.06748438,0.04167882000000134,-4.0,4.0,PULSE,-1.5,-4;4,1000,0.08306748438,0.0,True,1000,2.18248897e-06,8.78072460182e-06,4.023261845772352,0.149,False,False,False,0.40877315078358034,,,,,,,,,,,,,,,,,,,,,,
"2025-01-23-LiTr/R5_Day6_Relaxation-w-Vpul/-1.5V reading voltage/reading-1.5V,-3V,3V,500pulses.txt",2025-01-23-LiTr,LiTr,R5,6,2000,83.06836816,0.041678300000000945,-3.0,3.0,PULSE,-1.5,-3;3,1000,0.08306836816,0.0,True,1000,1.38786708705e-06,4.64924669358e-06,3.349922148137593,0.261,False,False,False,0.3018281575718262,,,,,,,,,,,,,,,,,,,,,,
"2025-01-23-LiTr/R5_Day6_Relaxation-w-Vpul/-1.5V reading voltage/reading-1.5V_pulses-4V,-0.5V_1000-1000 pulses.txt",2025-01-23-LiTr,LiTr,R5,6,4000,166.17826522,0.04168031999999755,-4.0,0.5,PULSE,-1.5,-4;0.5,2000,0.08308913260999999,0.0,True,2000,4.70310624225e-07,3.14121716656e-06,6.67902659383093,0.291,False,False,False,0.4685833119389367,,,,,,,,,,,,,,,,,,,,,,
"2025-01-23-LiTr/R5_Day6_Relaxation-w-Vpul/-2V reading voltage/reading -2V, -3V, 0V, 250 pulses.txt",2025-01-23-LiTr,LiTr,R5,6,1000,41.35912056,0.041400279999999956,-3.0,0.0,PULSE,-2.0,-3;0,500,0.08271824112000001,0.0,True,500,1.8975697458e-06,6.4935942646e-06,3.4220582821646714,0.492,False,False,False,0.2489351305370687,,,,,,,,,,,,,,,,,,,,,,
"2025-01-23-LiTr/R5pulsescontinuous/puslses to reach saturation_-3V,-4V,=5V.txt",2025-01-23-LiTr,LiTr,unk,,,,,,,PARSE_FAIL,,,,,,,,,,,,,,,,,,,,,,,,,,,,,,,,1 numeric lines (expected 3),,,,,
"2025-01-23-LiTr/Day1_TestVthreshold/0,14V/L4/D1_all.txt",2025-01-23-LiTr,LiTr,L4,1,390,87.7476976,0.20241765999999473,0.0,1.4,SWEEP,,,,,,,,,,,,,False,,,POS,1.4,10,19,0.33695245862011236,10,0.7591329761347194,0.8834408364819906,0.029065453594123027,2.7963324101e-08,1.198207326616068,,,,,,,,,,,
"2025-01-23-LiTr/Day1_TestVthreshold/0,-14V/R5/D1_all.txt",2025-01-23-LiTr,LiTr,R5,1,390,87.74727562,0.20241610000000065,-1.4,0.0,SWEEP,,,,,,,,,,,,,False,,,NEG,1.4,10,19,0.3369550554779387,10,1.1390768831666764,1.1400183156300556,0.0328928163914326,7.3472074291e-07,1.0849529655298846,,,,,,,,,,,
"2025-01-23-LiTr/Day1_TestVthreshold/0,-1V/R5/D1_all.txt",2025-01-23-LiTr,LiTr,R5,1,270,99.45738558,0.20241683999999793,-1.0,0.0,SWEEP,,,,,,,,,,,,,False,,,NEG,1.0,10,13,0.34765077041204223,10,1.2159460309715624,1.0430970714095968,0.013312192767985252,3.0276169127e-07,1.0131531859575085,,,,,,,,,,,
"2025-01-23-LiTr/Day1_TestVthreshold/0,-16V/R5/D1_all.txt",2025-01-23-LiTr,LiTr,R5,1,430,95.41417224,0.2014141200000008,-1.6,0.0,SWEEP,,,,,,,,,,,,,False,,,NEG,1.6,10,21,0.3510065452144287,10,1.1633523754410375,1.2686855488203388,0.06372675524675764,8.3778286353e-07,0.947144445216485,,,,,,,,,,,
"2025-01-23-LiTr/Day1_TestVthreshold/0,12V/L4/D1_all.txt",2025-01-23-LiTr,LiTr,L4,1,330,75.60269426,0.2024171200000069,0.0,1.2,SWEEP,,,,,,,,,,,,,False,,,POS,1.2,10,16,0.34132937515812267,10,0.7771836007126132,0.8154301473494925,0.05913501799847359,1.9217623048e-08,1.0339596789969991,,,,,,,,,,,
"2025-01-23-LiTr/Day1_TestVthreshold/0,16V/L4/D1_all.txt",2025-01-23-LiTr,LiTr,L4,1,430,95.84423412,0.2024169200000001,0.0,1.6,SWEEP,,,,,,,,,,,,,False,,,POS,1.6,10,21,0.3492676127005816,10,0.927992799254211,0.9126490995648149,0.02471688693609945,3.5686753108e-08,1.220314735322448,,,,,,,,,,,
"2025-01-23-LiTr/Day1_TestVthreshold/0,-12V/R5/D1_all.txt",2025-01-23-LiTr,LiTr,R5,1,330,75.60255094,0.20241722000000095,-1.2,0.0,SWEEP,,,,,,,,,,,,,False,,,NEG,1.2,10,16,0.34132920653148363,10,1.087853205848972,1.0570124131165897,0.02057682540529741,5.0377275329e-07,1.3030398554551326,,,,,,,,,,,
"2025-01-23-LiTr/Day1_TestVthreshold/0,1V/L4/D1_all.txt",2025-01-23-LiTr,LiTr,L4,1,270,63.45742908,0.20241683999999793,0.0,1.0,SWEEP,,,,,,,,,,,,,False,,,POS,1.0,10,13,0.34765077041204223,10,0.9002779708163433,0.7941504445156096,0.07929673655878128,1.4368197299e-08,1.0371070031044558,,,,,,,,,,,
"2025-01-23-LiTr/R5_Day5_Pulses/Pulses_-1.5V,-3V pulses.txt",2025-01-23-LiTr,LiTr,R5,5,,,,,,PARSE_FAIL,,,,,,,,,,,,,,,,,,,,,,,,,,,,,,,,EMPTY,,,,,
"2025-01-23-LiTr/R4_Day5_Vconstant/-2.5V,2mins/D1_all.txt",2025-01-23-LiTr,LiTr,R4,5,6000,122.09292324,0.02034122000000238,-2.5,-2.5,VCONST,,,,,,,,,,,,,False,,,,,,,,,,,,,,-2.5,1.3253156794e-06,1.7211226805e-05,12.986511117707375,22.74429038,,,,,,
"2025-01-23-LiTr/R4_Day5_Vconstant/-3V, 6 min/-3V, constante 5 min.txt",2025-01-23-LiTr,LiTr,R4,5,30000,610.36749432,0.020343220000000883,-3.0,-3.0,VCONST,,,,,,,,,,,,,False,,,,,,,,,,,,,,-3.0,1.34779838845e-07,1.0499930795e-05,77.9043133229679,107.12659864,,,,,,
"2025-01-23-LiTr/R4_Day5_Vconstant/-2V,2mins/D1_all.txt",2025-01-23-LiTr,LiTr,R4,5,6000,122.12198132,0.020339780000000474,-2.0,-2.0,VCONST,,,,,,,,,,,,,False,,,,,,,,,,,,,,-2.0,3.8036796468e-07,6.18686681265e-06,16.265478134718713,54.62041352,,,,,,
"2025-01-23-LiTr/R4_Day5_Vconstant/-1.5V,2mins/D1_all.txt",2025-01-23-LiTr,LiTr,R4,5,6000,122.11864398,0.02033894000000025,-1.5,-1.5,VCONST,,,,,,,,,,,,,False,,,,,,,,,,,,,,-1.5,1.8868115603e-07,4.5016690819000005e-07,2.3858604518960242,14.01583764,,,,,,
"2025-01-23-LiTr/R4_Day5_Vconstant/-1V,2mins/D1_all.txt",2025-01-23-LiTr,LiTr,R4,5,6000,122.03771678,0.020341559999998537,-1.0,-1.0,VCONST,,,,,,,,,,,,,False,,,,,,,,,,,,,,-1.0,1.0005396689e-07,9.42860651775e-08,0.9423520936572033,11.14631758,,,,,,
"2025-01-23-LiTr/R4_Day5_Vconstant/-3V,2mins/D1_all.txt",2025-01-23-LiTr,LiTr,R4,5,6000,122.08789804,0.020339960000000268,-3.0,-3.0,VCONST,,,,,,,,,,,,,False,,,,,,,,,,,,,,-3.0,1.8354912754e-06,4.7549161536e-05,25.905414083560725,36.2106327,,,,,,
2025-02-10-KTr/Pixel 1/Vconstant/-1.2Vconstante.txt,2025-02-10-KTr,KTr,P1,,15000,307.87503824,0.02034349999999563,-1.2,-1.2,VCONST,,,,,,,,,,,,,False,,,,,,,,,,,,,,-1.2,1.80671122505e-08,9.8771124613e-10,0.054669015857952925,20.5744018,,,,,,
2025-02-10-KTr/Pixel 1/Vconstant/-1.5V constante.txt,2025-02-10-KTr,KTr,P1,,15000,307.7255247,0.020343060000001856,-1.5,-1.5,VCONST,,,,,,,,,,,,,False,,,,,,,,,,,,,,-1.5,2.47009666055e-08,2.4338078219e-09,0.0985308737415191,20.21149672,,,,,,
2025-02-10-KTr/Pixel 1/Vconstant/-1V constnte.txt,2025-02-10-KTr,KTr,P1,,15000,307.13258726,0.02034144000000282,-1.0,-1.0,VCONST,,,,,,,,,,,,,False,,,,,,,,,,,,,,-1.0,1.6004378267000002e-08,9.4223651104e-10,0.0588736716491406,23.57501928,,,,,,
"2025-02-10-KTr/Pixel 1/pulses/-3V, 3V, 20 pulses, 0.04dt, -1.5V constant.txt",2025-02-10-KTr,KTr,P1,,120,4.89358422,0.04140153999999996,-3.0,3.0,PULSE,-1.5,-3;3,40,0.1223396055,0.040251959999999976,True,40,2.2359017748225003e-08,1.23503923532875e-07,5.523673934320281,0.95,False,False,False,0.6557689345903043,,,,,,,,,,,,,,,,,,,,,,
"2025-02-10-KTr/Pixel 1/pulses/-5V, 5V, 20 pulses, -1.5Constante, 0.04dt2.txt",2025-02-10-KTr,KTr,P1,,120,4.89379646,0.041405,-5.0,5.0,PULSE,-1.5,-5;5,40,0.1223449115,0.040255860000000254,True,40,8.350252756000001e-08,2.632659743535e-07,3.1527904848668507,0.45,False,False,False,0.45431070496616116,,,,,,,,,,,,,,,,,,,,,,
"2025-02-10-KTr/Pixel 1/pulses/-5V, 5V, 20 pulses, 0.04dt, -1Vconstant.txt",2025-02-10-KTr,KTr,P1,,120,4.8935395,0.04140252000000011,-3.0,3.0,PULSE,-1.0,-3;3,40,0.12233848750000001,0.04026003999999972,True,40,2.5178451323825e-08,9.905306797e-08,3.9340413235134704,0.95,False,False,False,0.43650306941887235,,,,,,,,,,,,,,,,,,,,,,
"2025-02-10-KTr/Pixel 1/pulses/-5V, 5V, 50 pulses, 0.04dt, -1.5V contant.txt",2025-02-10-KTr,KTr,P1,,300,12.29693278,0.041410700000000134,-5.0,5.0,PULSE,-1.5,-5;5,100,0.1229693278,0.04025014000000127,True,100,6.7826476879e-08,3.2626703614400007e-07,4.810319673923927,0.47,False,False,False,0.3903701880442808,,,,,,,,,,,,,,,,,,,,,,
"2025-02-10-KTr/Pixel 1/pulses/-7V, 7V, 20 pulses, 0.04dt, -1.5V.txt",2025-02-10-KTr,KTr,P1,,120,4.89420518,0.04141669999999997,-7.0,7.0,PULSE,-1.5,-7;7,40,0.1223551295,0.04025790000000029,True,40,1.824992068575e-07,3.9446058508375e-07,2.161437257049313,0.95,False,False,False,0.1560170803374206,,,,,,,,,,,,,,,,,,,,,,
"2025-02-10-KTr/Pixel 1/pulses/pulses -3V, 0V, 50 pulses, -1.5V constnate.txt",2025-02-10-KTr,KTr,P1,,600,24.34367716,0.040266040000002334,-3.0,0.0,PULSE,-1.5,-3;0,100,0.2434367716,0.1610755399999988,True,100,3.02607077175e-08,3.54571966454e-08,1.1717239721030988,0.48,False,False,False,,,,,,,,,,,,,,,,,,,,,,,
"2025-02-10-KTr/Pixel 1/pulses/pulses, -7V, 0V, 50pulses, -1V constante.txt",2025-02-10-KTr,KTr,P1,,600,24.34512514,0.040266080000000315,-7.0,0.0,PULSE,-1.5,-7;0,100,0.2434512514,0.16107283999999922,True,100,1.8754508346e-07,3.4583499655200003e-07,1.8440099317546783,0.05,False,False,False,,,,,,,,,,,,,,,,,,,,,,,
"2025-02-10-KTr/Pixel 1/Dual/-3V, 3V, dual, 200 steps.txt",2025-02-10-KTr,KTr,P1,,4010,2516.885823,0.6124915999998848,-3.0,3.0,SWEEP,,,,,,,,,,,,,False,,,BIPOLAR,3.0,10,200,0.046415212356876984,10,1.1636443464476995,0.9868452639589431,0.12399008764870201,9.0694433311e-05,0.24313474873794172,,,,,,,,,,,
"2025-02-10-KTr/Pixel 1/neg hyst/-1.5V, 0V, 200steps.txt",2025-02-10-KTr,KTr,P1,,802,978.46765166,1.5045584599999984,-1.5,0.0,SWEEP,,,,,,,,,,,,,False,,,NEG,1.5,2,150,0.003729315089942441,2,0.6714227745355086,0.7740239412248231,0.7734972293917554,4.9030433047e-09,0.8748655878866359,,,,,,,,,,,
"2025-02-10-KTr/Pixel 1/neg hyst/-1V, 0V, 200steps.txt",2025-02-10-KTr,KTr,P1,,802,951.9382774,0.9158997600000021,-1.0,0.0,SWEEP,,,,,,,,,,,,,False,,,NEG,1.0,2,100,0.004084124204871897,2,1.240001846657907,1.19336466721453,0.8600299203907753,2.4652280217e-09,0.9804063986070176,,,,,,,,,,,
"2025-02-10-KTr/Pixel 1/neg hyst/-200V, 0V, 2000steps.txt",2025-02-10-KTr,KTr,P1,,8002,8851.7670683,0.9158901999999216,-2.0,0.0,SWEEP,,,,,,,,,,,,,False,,,NEG,2.0,2,200,0.0008186707826586073,2,0.6732810573914034,0.7251298074458454,0.044654362035715225,1.5805835574e-07,1.1021848739861455,,,,,,,,,,,
"2025-02-10-KTr/Pixel 1/neg hyst/-200V, 0V, 400 steps.txt",2025-02-10-KTr,KTr,P1,,1602,1987.3914891,1.5045737000000088,-2.0,0.0,SWEEP,,,,,,,,,,,,,False,,,NEG,2.0,2,200,0.0024892887281360186,2,0.5729076495241681,0.7548092032349613,0.04025547525279331,3.6580189544e-08,1.0375510895071727,,,,,,,,,,,
"2025-02-10-KTr/Pixel 1/neg hyst/-2V, 0V, 10 steps.txt",2025-02-10-KTr,KTr,P1,,42,39.59213288,0.6625263200000013,-2.0,0.0,SWEEP,,,,,,,,,,,,,False,,,NEG,2.0,2,10,0.21562485677118845,2,0.37079858357300927,0.4633252362374384,0.16930230146310737,3.9696459453e-08,0.7708089453979649,,,,,,,,,,,
"2025-02-10-KTr/Pixel 1/neg hyst/-2V, 0V, 100 steps.txt",2025-02-10-KTr,KTr,P1,,402,443.33903546,0.9158894600000167,-2.0,0.0,SWEEP,,,,,,,,,,,,,False,,,NEG,2.0,2,100,0.016296042029272928,2,0.24481315229402684,0.357767094930982,0.10484034346732177,3.5446376501e-08,0.7568332332994083,,,,,,,,,,,
"2025-02-10-KTr/Pixel 1/neg hyst/-2V, 0V, 150 steps.txt",2025-02-10-KTr,KTr,P1,,602,663.22108576,0.9158892199999968,-2.0,0.0,SWEEP,,,,,,,,,,,,,False,,,NEG,2.0,2,150,0.010882077429230917,2,0.3616857140385053,0.5148296300704064,0.06202280556121231,4.2389444843e-08,0.8188714174144723,,,,,,,,,,,
"2025-02-10-KTr/Pixel 1/neg hyst/-2V, 0V, 200steps.txt",2025-02-10-KTr,KTr,P1,,802,954.93542252,1.5045571600000187,-2.0,0.0,SWEEP,,,,,,,,,,,,,False,,,NEG,2.0,2,200,0.004972424416301103,2,0.43655232238124864,0.6393351883639797,0.03217099670427393,4.9204871289e-08,0.9231938910925498,,,,,,,,,,,
"2025-02-10-KTr/Pixel 1/neg hyst/-2V, 0V, 25steps.txt",2025-02-10-KTr,KTr,P1,,102,94.72437152,0.6625300199999984,-2.0,0.0,SWEEP,,,,,,,,,,,,,False,,,NEG,2.0,2,25,0.08878620988640613,2,0.31073630580450207,0.23104612933194402,0.18491571857907718,3.4226914636e-08,0.7017116427064208,,,,,,,,,,,
"2025-02-10-KTr/Pixel 1/neg hyst/-2V, 0V, 50 steps.txt",2025-02-10-KTr,KTr,P1,,202,206.68762734,0.9158809200000064,-2.0,0.0,SWEEP,,,,,,,,,,,,,False,,,NEG,2.0,2,50,0.03243103950350827,2,0.007620642848817784,0.11134754156384652,0.1746859997328577,2.9662587053e-08,0.7238606077964604,,,,,,,,,,,
"2025-02-10-KTr/Pixel 1/neg hyst/-2V, 0V, 500steps.txt",2025-02-10-KTr,KTr,P1,,2002,2330.3112354,0.9158973599999172,-2.0,0.0,SWEEP,,,,,,,,,,,,,False,,,NEG,2.0,2,200,0.003272203991289229,2,0.5317077803414013,0.5834820271623231,0.045807066483878625,3.4175158703e-08,1.1916264273570976,,,,,,,,,,,
"2025-02-10-KTr/Pixel 1/neg hyst/-2V, 0v, 1500 STEPS.txt",2025-02-10-KTr,KTr,P1,,6002,6635.9246013,0.9158889999998792,-2.0,0.0,SWEEP,,,,,,,,,,,,,False,,,NEG,2.0,2,200,0.0010914715404824,2,0.7731657883833349,0.8001336976969133,0.0468471286416269,1.2339160094e-07,1.092150624024443,,,,,,,,,,,
"2025-02-10-KTr/L6/vCONSTANT/-0.5V, 300s.txt",2025-02-10-KTr,KTr,L6,,15000,309.06149178,0.020342459999994844,-0.5,-0.5,VCONST,,,,,,,,,,,,,False,,,,,,,,,,,,,,-0.5,2.0354491426e-09,1.2842065189e-09,0.6309204646889909,0.10175138,,,,,,
"2025-02-10-KTr/L6/vCONSTANT/-1.2V, 300s.txt",2025-02-10-KTr,KTr,L6,,15000,307.19581312,0.020340860000004568,-1.2,-1.2,VCONST,,,,,,,,,,,,,False,,,,,,,,,,,,,,-1.2,4.2872670747e-08,1.6825651983e-09,0.03924563524929776,40.7610826,,,,,,
"2025-02-10-KTr/L6/vCONSTANT/-1.5V, 300s.txt",2025-02-10-KTr,KTr,L6,,15000,307.10690198,0.020341659999985495,-1.5,-1.5,VCONST,,,,,,,,,,,,,False,,,,,,,,,,,,,,-1.5,3.71295755035e-07,2.3706888896e-08,0.06384907065195314,0.0,,,,,,
"2025-02-10-KTr/L6/vCONSTANT/-1.75V, 300 s.txt",2025-02-10-KTr,KTr,L6,,15000,308.02821544,0.020341940000001557,-1.75,-1.75,VCONST,,,,,,,,,,,,,False,,,,,,,,,,,,,,-1.75,9.894301911150001e-07,2.03672243515e-07,0.2058480177216742,0.0,,,,,,
"2025-02-10-KTr/L6/vCONSTANT/-1V, 300s.txt",2025-02-10-KTr,KTr,L6,,15000,307.2653862,0.020341980000011972,-1.0,-1.0,VCONST,,,,,,,,,,,,,False,,,,,,,,,,,,,,-1.0,1.0151779861e-08,3.6197889131e-10,0.03565669235013763,20.29458924,,,,,,
"2025-02-10-KTr/L6/vCONSTANT/-2.25V, 300 s.txt",2025-02-10-KTr,KTr,L6,,15000,308.03128104,0.020340980000000286,-2.25,-2.25,VCONST,,,,,,,,,,,,,False,,,,,,,,,,,,,,-2.25,2.74775084105e-06,9.662064258e-06,3.516353853360237,14.35801192,,,,,,
"2025-02-10-KTr/L6/vCONSTANT/-2.5V, 300s.txt",2025-02-10-KTr,KTr,L6,,15000,307.1506226,0.02034103999997683,-2.5,-2.5,VCONST,,,,,,,,,,,,,False,,,,,,,,,,,,,,-2.5,1.26474187705e-05,4.5428692829e-05,3.5919339474203267,113.74295968,,,,,,
"2025-02-10-KTr/L6/vCONSTANT/-2V, 300 s.txt",2025-02-10-KTr,KTr,L6,,15000,308.39727326,0.020342219999999855,-2.0,-2.0,VCONST,,,,,,,,,,,,,False,,,,,,,,,,,,,,-2.0,3.248926987e-06,1.5736004570499999e-06,0.48434466620717564,0.0,,,,,,
"2025-02-10-KTr/L6/vCONSTANT/-3V, 300 s.txt",2025-02-10-KTr,KTr,L6,,15000,306.94290752,0.02034104000000525,-3.0,-3.0,VCONST,,,,,,,,,,,,,False,,,,,,,,,,,,,,-3.0,2.5108456612e-06,0.0004023835063,160.25816023581882,133.2182555,,,,,,
"2025-02-10-KTr/L6/VconstanteDelay/-3V constante, delay 10 min.txt",2025-02-10-KTr,KTr,L6,,12559,1104.5781202,0.0403477900000091,-3.0,-3.0,VCONST,,,,,,,,,,,,,False,,,,,,,,,,,,,,-3.0,1.0430812836e-07,0.00033880025148,3248.071428438389,334.23003242,,,,,,
"2025-02-10-KTr/L6/VconstanteDelay/-3V constante,1000s delay 10 min (2).txt",2025-02-10-KTr,KTr,L6,,25059,1608.8911585,0.040343919999999756,-3.0,-3.0,VCONST,,,,,,,,,,,,,False,,,,,,,,,,,,,,-3.0,1.2135133147e-06,0.0007058745250100001,581.6784343932012,544.51808098,,,,,,
"2025-02-10-KTr/L6/Pulses/-250pulses, -5V, -2V, 0.04dt.txt",2025-02-10-KTr,KTr,L6,,1500,61.64696826,0.04140328000000082,-5.0,5.0,PULSE,-2.0,-5;5,500,0.12329393652000001,0.04026327999999779,True,500,4.5634806156e-08,8.823350071900001e-07,19.33469387760272,0.494,False,False,False,1.0580162573673062,,,,,,,,,,,,,,,,,,,,,,
"2025-02-10-KTr/L6/Pulses/1000pulses, -5V, -2.25V, relaxation.txt",2025-02-10-KTr,KTr,L6,,1859,674.08256756,0.04177218000000593,-5.0,-2.25,PULSE,-2.25,-5,900,0.7489806306222223,598.82070004,False,901,2.3320317268e-06,2.2663292475000002e-05,9.718260782883274,0.9955604883462819,False,True,False,0.4803663288898535,,,,,,,,,,,,,,,,,,187.6615066266331,0.1619567285653327,19.523325595494455,True,0.7650365870769888
"2025-02-10-KTr/L6/Pulses/1000pulses, -5V. -2.25V, 0.022dt.txt",2025-02-10-KTr,KTr,L6,,2100,86.9482212,0.04140816000000003,-5.0,5.0,PULSE,-2.25,-5;5,1050,0.08280782971428571,0.0,True,1050,7.0780515671e-08,2.61306762696e-05,369.178947368226,0.9495238095238095,False,True,False,1.6056429565615573,,,,,,,,,,,,,,,,,,,,,,
"2025-02-10-KTr/L6/Pulses/250pulses, -3V, -1V, 0.04dt.txt",2025-02-10-KTr,KTr,L6,,1500,61.64775922,0.04140407999999951,-3.0,3.0,PULSE,-1.0,-3;3,500,0.12329551844,0.04025845999999689,True,500,6.426125764849999e-08,8.717179298440001e-08,1.3565217391358477,0.492,False,False,False,,,,,,,,,,,,,,,,,,,,,,,
"2025-02-10-KTr/L6/Pulses/250pulses, -3V, -2V, 0.04dt.txt",2025-02-10-KTr,KTr,L6,,1500,61.64630014,0.04140132000000207,-3.0,3.0,PULSE,-2.0,-3;3,500,0.12329260028,0.04026996000000338,True,500,7.4505805967499994e-09,6.146728992393e-08,8.250000000099659,0.57,False,False,False,0.4229444368698308,,,,,,,,,,,,,,,,,,,,,,
"2025-02-10-KTr/L6/Pulses/250pulses, -5V, -1V, 0.04dt.txt",2025-02-10-KTr,KTr,L6,,1500,61.64757434,0.041402860000001596,-5.0,5.0,PULSE,-1.0,-5;5,500,0.12329514868,0.04027699999999612,True,500,9.499490261300001e-08,9.162351489100001e-07,9.64509803902482,0.494,False,False,False,0.6802781994558103,,,,,,,,,,,,,,,,,,,,,,
"2025-02-10-KTr/L6/Pulses/250pulses, -5V, -2.25, 0.02dt.txt",2025-02-10-KTr,KTr,L6,,1000,41.5132793,0.04168690000000197,-5.0,5.0,PULSE,-2.25,-5;5,500,0.0830265586,0.0,True,500,7.4505805969e-09,6.087124347700001e-06,817.000000004389,0.494,False,False,False,2.0208311616904826,,,,,,,,,,,,,,,,,,,,,,
"2025-02-10-KTr/L6/Pulses/250pulses, -5V, -2V , 0.06DT.txt",2025-02-10-KTr,KTr,L6,,2000,81.77464936,0.04029561999999487,-5.0,5.0,PULSE,-2.0,-5;5,500,0.16354929871999999,0.080524099999991,True,500,7.4505805969e-09,6.079673767099999e-07,81.60000000039727,0.494,False,False,False,1.4144086544101446,,,,,,,,,,,,,,,,,,,,,,
"2025-02-10-KTr/L6/Pulses/250pulses, -5V, -2V 0.15dt.txt",2025-02-10-KTr,KTr,L6,,,,,,,PARSE_FAIL,,,,,,,,,,,,,,,,,,,,,,,,,,,,,,,,EMPTY,,,,,
"2025-02-10-KTr/L6/Pulses/250pulses, -5V, -2V, 0.08dt.txt",2025-02-10-KTr,KTr,L6,,2500,101.9089468,0.04027012000000241,-5.0,5.0,PULSE,-2.0,-5;5,500,0.2038178936,0.12076947999999277,True,500,1.02445483206e-08,3.8519501686e-07,37.60000000053102,0.494,False,False,False,1.1597696114609515,,,,,,,,,,,,,,,,,,,,,,
"2025-02-10-KTr/L6/Pulses/250pulses,-5V,-2V, 0.1s.txt",2025-02-10-KTr,KTr,L6,,3000,122.0425018,0.04026661999999703,-5.0,5.0,PULSE,-2.0,-5;5,500,0.2440850036,0.16105584000000306,True,500,1.4901161194e-08,2.5890767574e-07,17.374999999614122,0.494,False,False,False,0.9778865462271444,,,,,,,,,,,,,,,,,,,,,,
"2025-02-10-KTr/L6/Pulses/250pulses,-5V,-2V, 0.2s.txt",2025-02-10-KTr,KTr,L6,,5500,222.69743334,0.040261779999994474,-5.0,5.0,PULSE,-2.0,-5;5,500,0.44539486668,0.36239285999999993,True,500,1.4901161194e-08,7.152557373060001e-08,4.799999999959735,0.494,False,False,False,0.38848400766565655,,,,,,,,,,,,,,,,,,,,,,
"2025-02-10-KTr/L6/Pulses/500pulses, -5V, -2.25V constant, 0.04dt.txt",2025-02-10-KTr,KTr,L6,,3000,123.33900764,0.041401460000000334,-5.0,5.0,PULSE,-2.25,-5;5,1000,0.12333900764000001,0.040247640000004026,True,1000,1.9557774067025e-08,1.50695443153e-05,770.5142857083982,0.497,False,False,False,1.7523656240239562,,,,,,,,,,,,,,,,,,,,,,
"2025-02-10-KTr/L6/Pulses/500pulses, -5V, -2V constant, 0.04dt (2).txt",2025-02-10-KTr,KTr,L6,,3000,123.33476326,0.04140253999999999,-5.0,5.0,PULSE,-2.0,-5;5,1000,0.12333476326000001,0.04028616000000795,True,1000,2.5611370802e-08,1.312978565705e-06,51.26545454577812,0.497,False,False,False,1.0349485226783872,,,,,,,,,,,,,,,,,,,,,,
"2025-02-10-KTr/L6/Pulses/pulses 250, -5V, 5V, -2.25V constant, 0.04dt.txt",2025-02-10-KTr,KTr,L6,,1500,61.65167468,0.04141130000000004,-5.0,5.0,PULSE,-2.25,-5;5,500,0.12330334936,0.04026721999999694,True,500,3.4757249523e-08,1.04449311039e-05,300.5108645604495,0.494,False,False,False,1.1902017132784501,,,,,,,,,,,,,,,,,,,,,,
"2025-02-10-KTr/L6/Pulses/pulses 50, -5V, -2.25constant, 0.04dt.txt",2025-02-10-KTr,KTr,L6,,300,12.2961244,0.041403639999999964,-5.0,5.0,PULSE,-2.25,-5;5,100,0.122961244,0.040258319999999514,True,100,4.97966539115e-08,6.81046367391e-06,136.76548801880836,0.47,False,False,False,1.3824952869814346,,,,,,,,,,,,,,,,,,,,,,
"2025-02-10-KTr/L6/Pulses/pulses 50, -5V, 5V, -2,25 constant, 0.12dt.txt",2025-02-10-KTr,KTr,L6,,700,28.40105472,0.04026507999999751,-5.0,5.0,PULSE,-2.25,-5;5,100,0.2840105472,0.20131508000000053,True,100,5.459878593675e-08,2.1843297872700004e-06,40.006929637601075,0.47,False,False,False,1.3239997042773641,,,,,,,,,,,,,,,,,,,,,,
"2025-02-10-KTr/L6/Pulses/pulses 50, -5V, 5V, -2.25 constant, 0.18dt.txt",2025-02-10-KTr,KTr,L6,,1000,40.47911838,0.040262539999999625,-5.0,5.0,PULSE,-2.25,-5;5,100,0.4047911838,0.32216496000000205,True,100,4.9032678362e-08,1.4291639672399999e-06,29.14717317069084,0.47,False,False,False,1.2055127052636063,,,,,,,,,,,,,,,,,,,,,,
"2025-02-10-KTr/L6/Pulses/pulses 50, -5V, 5V, -2.25, 0.25dt.txt",2025-02-10-KTr,KTr,L6,,1300,52.5571962,0.040261779999994474,-5.0,5.0,PULSE,-2.25,-5;5,100,0.525571962,0.4429109800000006,True,100,4.6107743401e-08,1.33943685795e-06,29.05014991301764,0.47,False,False,False,1.2052303174141858,,,,,,,,,,,,,,,,,,,,,,
"2025-02-10-KTr/L6/Pulses/pulses 50, -5V, 5V, -2.25constant, 0.06dt.txt",2025-02-10-KTr,KTr,L6,,400,16.32254874,0.040293659999999676,-5.0,5.0,PULSE,-2.25,-5;5,100,0.16322548739999998,0.08051667999999879,True,100,5.32672856935e-08,6.152156856860001e-06,115.49597049602859,0.47,False,False,False,1.5158711539362302,,,,,,,,,,,,,,,,,,,,,,
"2025-02-10-KTr/L6/Pulses/pulses 50, -5V, 5V, -2.25constant, 0.16dt.txt",2025-02-10-KTr,KTr,L6,,900,36.45219314,0.040262380000001485,-5.0,5.0,PULSE,-2.25,-5;5,100,0.3645219314,0.2818331599999979,True,100,5.017864168625e-08,1.5117373550400002e-06,30.127107953467142,0.47,False,False,False,1.2233220803982663,,,,,,,,,,,,,,,,,,,,,,
"2025-02-10-KTr/L6/Pulses/pulses 50, -5V, 5V, -2.25constant, 0.1dt.txt",2025-02-10-KTr,KTr,L6,,600,24.37486354,0.040267080000000455,-5.0,5.0,PULSE,-2.25,-5;5,100,0.2437486354,0.16105561999999907,True,100,5.47879608345e-08,3.0714581953400005e-06,56.06082337355221,0.47,False,False,False,1.4301224951712186,,,,,,,,,,,,,,,,,,,,,,
"2025-02-10-KTr/L6/Pulses/pulses 50, -5V, 5V, -2.25constant, 0.2dt.txt",2025-02-10-KTr,KTr,L6,,1100,44.50465358,0.0402613599999988,-5.0,5.0,PULSE,-2.25,-5;5,100,0.44504653580000003,0.3623826800000032,True,100,4.7639332479e-08,1.35981244966e-06,28.543902252606543,0.47,False,False,False,1.2013010614770177,,,,,,,,,,,,,,,,,,,,,,
"2025-02-10-KTr/L6/Pulses/pulses 50, -5V, 5V, -2.25constant, 0.3dt.txt",2025-02-10-KTr,KTr,L6,,1600,64.63616908,0.04026123999999953,-5.0,5.0,PULSE,-2.25,-5;5,100,0.6463616908,0.5636853799999955,True,100,4.3401087169000004e-08,1.2312753824600001e-06,28.36968985743427,0.47,False,False,False,1.1909372887800336,,,,,,,,,,,,,,,,,,,,,,
"2025-02-10-KTr/L6/Pulses/pulses 50, -5v, 5V, -2.25constant, 0.14dt.txt",2025-02-10-KTr,KTr,L6,,800,32.42750342,0.040264520000000914,-5.0,5.0,PULSE,-2.25,-5;5,100,0.32427503420000003,0.241604940000002,True,100,5.2001269069e-08,1.7862097592999999e-06,34.349349377029526,0.47,False,False,False,1.2666194593495228,,,,,,,,,,,,,,,,,,,,,,
"2025-02-10-KTr/L6/Pulses/pulses, 50, -5V, 5V, -2.25 constant, 0.08dt.txt",2025-02-10-KTr,KTr,L6,,500,20.34915148,0.04026874000000191,-5.0,5.0,PULSE,-2.25,-5;5,100,0.2034915148,0.12078057999999814,True,100,5.4245901992499996e-08,4.4384112698100005e-06,81.82021326557815,0.47,False,False,False,1.5039024301471187,,,,,,,,,,,,,,,,,,,,,,
"2025-02-10-KTr/L6/Dual/-3V, 3V, 200steps.txt",2025-02-10-KTr,KTr,L6,,4010,3000.1635569,0.612510100000236,-3.0,3.0,SWEEP,,,,,,,,,,,,,False,,,BIPOLAR,3.0,10,200,0.04641381045110449,10,26.988582433854987,1.1229664101069257,0.12014411397901853,1.6019730538e-06,1.0222882764720436,,,,,,,,,,,
"2025-02-10-KTr/L6/pulses levels constant/-2.2V constant, 100s pulses, 0.02bp, daly time 10 min.txt",2025-02-10-KTr,KTr,L6,,2459,699.00167298,0.04175973999999627,-5.0,-2.25,PULSE,-2.25,-5,1200,0.58250139415,598.8205525999999,False,1201,4.0745362639500003e-08,1.7456943169199998e-05,428.43999999834625,0.9966694421315571,False,True,False,1.1222880202104666,,,,,,,,,,,,,,,,,,1.068878161939229,0.8799423003419555,0.7047517866954958,True,0.3769562673643012
"2025-02-10-KTr/L6/pulses levels constant/-2.2V constant, 25s pulses, 0.02s bp, delay time - Copy.txt",2025-02-10-KTr,KTr,L6,,719,626.35481636,0.04160687000000074,-5.0,-2.25,PULSE,-2.25,-5,330,1.898044898060606,598.82044816,False,331,1.3973331079e-06,5.64404763282e-06,4.039156877419322,0.9879154078549849,False,False,False,0.22574402278331057,,,,,,,,,,,,,,,,,,0.654634325143358,0.999999999993525,0.4537579367698042,True,0.30578410603008377
"2025-02-10-KTr/L6/pulses levels constant/-2.2V constant, 75s pulses, 0.02s bp, delay time.txt",2025-02-10-KTr,KTr,L6,,1859,673.95515112,0.04174459999999769,-5.0,-2.25,PULSE,-2.25,-5,900,0.7488390568,598.82055094,False,901,5.7485885918e-07,1.63816846908e-05,28.496881328692474,0.9955604883462819,False,True,False,0.9053094145759262,,,,,,,,,,,,,,,,,,0.8409622034946207,0.9540680724796028,0.5727152668982095,True,0.3796101029883022
"2025-02-10-KTr/L6/Neg Hyst/-2V, 100 steps.txt",2025-02-10-KTr,KTr,L6,,402,444.64874716,0.915889380000003,-2.0,0.0,SWEEP,,,,,,,,,,,,,False,,,NEG,2.0,2,100,0.01629604345268018,2,0.0695239306450721,0.22313996569542974,0.2533626176489634,1.4316768215e-08,0.7619710299263234,,,,,,,,,,,
"2025-02-10-KTr/L6/Neg Hyst/-2V, 200steps.txt",2025-02-10-KTr,KTr,L6,,802,881.17561116,0.9158880799999984,-2.0,0.0,SWEEP,,,,,,,,,,,,,False,,,NEG,2.0,2,200,0.008168352576555807,2,0.2689770627155973,0.47736847906257346,0.16785765385417295,1.6833809013e-08,0.8406887201863255,,,,,,,,,,,
"2025-02-10-KTr/L6/Neg Hyst/-2V, 25 steps.txt",2025-02-10-KTr,KTr,L6,,102,98.06220546,0.9158689199999941,-2.0,0.0,SWEEP,,,,,,,,,,,,,False,,,NEG,2.0,2,25,0.06422701778303067,2,0.46127355090152433,0.3668499923660926,0.1665205040368841,1.8179022732e-08,0.8279979831646321,,,,,,,,,,,
"2025-02-10-KTr/L6/Neg Hyst/-2V, 400 steps.txt",2025-02-10-KTr,KTr,L6,,1602,1833.3689437,0.9158941000000596,-2.0,0.0,SWEEP,,,,,,,,,,,,,False,,,NEG,2.0,2,200,0.0040892482570415965,2,0.6939551497160568,0.7303515516544238,0.03275683846642384,2.534697785e-08,1.1964072265802588,,,,,,,,,,,
"2025-02-10-KTr/L6/Neg Hyst/-2V, 50 steps.txt",2025-02-10-KTr,KTr,L6,,202,208.33766332,0.915880180000002,-2.0,0.0,SWEEP,,,,,,,,,,,,,False,,,NEG,2.0,2,50,0.032431065706684074,2,0.1911433495739188,0.13296553571607667,0.20655091307007287,1.6566332306e-08,0.7686411860993609,,,,,,,,,,,
"2025-02-10-KTr/L6/Neg Hyst/-2v, 10 STEPS.txt",2025-02-10-KTr,KTr,L6,,42,39.14705522,0.9158536600000033,-2.0,0.0,SWEEP,,,,,,,,,,,,,False,,,NEG,2.0,2,10,0.15598249927520336,2,0.5838706873777788,0.6010293923450558,0.11603330998088218,2.5364613521e-08,0.8478185599475351,,,,,,,,,,,
"2025-02-10-KTr/L6/Neg Hyst/-3V, 10 steps.txt",2025-02-10-KTr,KTr,L6,,42,38.99357234,0.662519200000002,-3.0,0.0,SWEEP,,,,,,,,,,,,,False,,,NEG,3.0,2,10,0.32344076109147274,2,0.6057336236675105,0.6220516656580191,0.059689439221792456,7.2030289289e-08,0.9087174750108339,,,,,,,,,,,
"2025-02-10-KTr/L6/Neg Hyst/-3V, 100 steps.txt",2025-02-10-KTr,KTr,L6,,402,366.1604332,0.9158604200000013,-3.0,0.0,SWEEP,,,,,,,,,,,,,False,,,NEG,3.0,2,100,0.02444483811353318,2,0.9572303011279062,0.7338908892482371,0.19034065417790785,8.6191016635e-07,0.6491094965839069,,,,,,,,,,,
"2025-02-10-KTr/L6/Neg Hyst/-3V, 200 steps.txt",2025-02-10-KTr,KTr,L6,,802,665.98064062,0.9158664199999862,-3.0,0.0,SWEEP,,,,,,,,,,,,,False,,,NEG,3.0,2,200,0.012252818633919646,2,0.8534487880930255,0.9360590911212275,0.18990892745641064,1.9024064386e-06,0.8332251288355158,,,,,,,,,,,
"2025-02-10-KTr/L6/Neg Hyst/-3V, 25 steps.txt",2025-02-10-KTr,KTr,L6,,102,90.08902308,0.61254074,-3.0,0.0,SWEEP,,,,,,,,,,,,,False,,,NEG,3.0,2,25,0.14404804179661104,2,1.2834820944066871,1.2133860329946944,0.14295751129866552,2.1746632228e-07,0.8469438859726321,,,,,,,,,,,
"2025-02-10-KTr/L6/Neg Hyst/-3V, 400steps.txt",2025-02-10-KTr,KTr,L6,,1602,1354.1440696,0.915865019999984,-3.0,0.0,SWEEP,,,,,,,,,,,,,False,,,NEG,3.0,2,300,0.006134067144621361,2,1.582592955890438,1.6807384185866614,0.17678288475193774,4.9344725994e-06,0.9106745725260295,,,,,,,,,,,
"2025-02-10-KTr/L6/Neg Hyst/-3V, 50 steps.txt",2025-02-10-KTr,KTr,L6,,202,179.93121258,0.6625425600000003,-3.0,0.0,SWEEP,,,,,,,,,,,,,False,,,NEG,3.0,2,50,0.06724768812669867,2,1.1366643241876206,1.049702599810089,0.17836995810687206,3.8729604057e-07,0.6452499961843337,,,,,,,,,,,
"2025-02-10-KTr/L6/Neg Hyst/-3V, 600 steps.txt",2025-02-10-KTr,KTr,L6,,2402,2007.6095025,0.9158680600000366,-3.0,0.0,SWEEP,,,,,,,,,,,,,False,,,NEG,3.0,2,300,0.004091067005872205,2,1.6966776378429775,2.0791427973689944,0.17261571717575366,7.4381114246e-06,0.7052596569675754,,,,,,,,,,,
"2025-02-12-LiTr/Pulses relaxation/-1V, -5V pulses, xs, relaxation.txt",2025-02-12-LiTr,LiTr,unk,,2459,698.9172458,0.04161086999999952,-5.0,-1.0,PULSE,-5.0,-2.25;-1,1202,0.5814619349417638,0.0,False,1200,1.88418198375e-07,8.588866330700001e-06,45.584059314727014,0.9975,False,False,False,0.9996320094971771,,,,,,,,,,,,,,,,,,,,,,
"2025-02-12-LiTr/Pulses relaxation/-2.25V, -5V pulses, 100 s, relaxation.txt",2025-02-12-LiTr,LiTr,unk,,2519,701.36278902,0.04161398000000016,-5.0,-2.25,PULSE,-2.25,-5,1230,0.5702136496097562,598.8206304,False,1231,8.8009983301e-08,2.65939394012e-05,302.1695767200291,0.9967506092607636,False,False,False,1.5043438507021618,,,,,,,,,,,,,,,,,,5.2736360834736296,0.34358328934683124,1.8148146404537444,True,0.9754452031704767
"2025-02-12-LiTr/Pulses relaxation/-2.25V, -5V pulses, 100s relaxation b.txt",2025-02-12-LiTr,LiTr,unk,,2519,701.28173862,0.04161289999999518,-5.0,-2.25,PULSE,-2.25,-5,1230,0.5701477549756098,598.8205804,False,1231,1.4377292246000001e-08,2.3477943614000003e-06,163.2987854199872,0.9967506092607636,False,False,False,1.5039612936691864,,,,,,,,,,,,,,,,,,6.715870102569596,0.4463833139293089,2.9547120992474825,True,0.9675628170813415
"2025-02-12-LiTr/Pulses relaxation/-2.25V, -5V pulses, 6000s, relaxation.txt",2025-02-12-LiTr,LiTr,unk,,14459,1200.5695352,0.041608849999988706,-5.0,-2.25,PULSE,-2.25,-5,7200,0.16674576877777778,598.82026548,False,7201,6.4435880631e-08,3.34358075632e-05,518.9004516703088,0.7718372448271074,False,False,False,1.157953295129847,,,,,,,,,,,,,,,,,,9.09156657824937,0.35594712972019393,3.2467796818912418,True,0.9649727669019611
"2025-02-12-LiTr/Pulses relaxation/-2.25V, -5V pulses, 75s, relaxation.txt",2025-02-12-LiTr,LiTr,unk,,1919,676.34943058,0.041614389999999446,-5.0,-2.25,PULSE,-2.25,-5,930,0.7272574522365591,598.8203415199999,False,931,1.7695128918e-08,6.91770110278e-06,390.9381578872315,0.9957035445757251,False,False,False,1.5759592347175295,,,,,,,,,,,,,,,,,,7.1722956917515015,0.3903005752750474,2.804352845388224,True,0.9760930184956889
"2025-02-12-LiTr/Pulses relaxation/-2.25v, -5v PULSES, 50 S, RELAXATION.txt",2025-02-12-LiTr,LiTr,unk,,1319,651.3476194,0.041614639999999925,-5.0,-2.25,PULSE,-2.25,-5,630,1.03388511015873,598.82043666,False,631,4.8486981541e-08,4.8370100557600005e-06,99.75894357684203,0.993660855784469,False,False,False,1.4114146978861377,,,,,,,,,,,,,,,,,,6.589618273991027,0.39559005830437166,2.609082503328718,True,0.9717761857707518
2025-02-12-LiTr/V constant/-1.5V constnat.txt,2025-02-12-LiTr,LiTr,unk,,15000,307.69156454,0.020342160000012655,-1.5,-1.5,VCONST,,,,,,,,,,,,,False,,,,,,,,,,,,,,-1.5,8.4936618805e-07,6.5565109253e-07,0.7719298245616101,81.5354459,,,,,,
2025-02-12-LiTr/V constant/-1V constant.txt,2025-02-12-LiTr,LiTr,unk,,15000,307.95999744,0.02033857999998645,-1.0,-1.0,VCONST,,,,,,,,,,,,,False,,,,,,,,,,,,,,-1.0,8.9406967163e-07,8.6426734924e-07,0.9666666666640569,0.14245788,,,,,,
2025-02-12-LiTr/V constant/-2.5V constant.txt,2025-02-12-LiTr,LiTr,unk,,15000,308.92985578,0.02034100000000194,-2.5,-2.5,VCONST,,,,,,,,,,,,,False,,,,,,,,,,,,,,-2.5,7.5995922089e-07,1.5795230865e-05,20.784313724757443,123.34837346,,,,,,
2025-02-12-LiTr/V constant/-2V constant.txt,2025-02-12-LiTr,LiTr,unk,,15000,308.34885636,0.020345199999979968,-2.0,-2.0,VCONST,,,,,,,,,,,,,False,,,,,,,,,,,,,,-2.0,8.0466270447e-07,1.1473894119e-06,1.4259259258893338,192.64718352,,,,,,
2025-02-12-LiTr/V constant/-3V constant.txt,2025-02-12-LiTr,LiTr,unk,,15000,307.64683808,0.020341479999984813,-3.0,-3.0,VCONST,,,,,,,,,,,,,False,,,,,,,,,,,,,,-3.0,4.0233135223e-07,4.954636097e-05,123.14814815047257,128.7100966,,,,,,
"2025-02-12-LiTr/NegHys/-1.5V, 200 steps.txt",2025-02-12-LiTr,LiTr,unk,,802,989.85510252,1.5045736199999737,-1.5,0.0,SWEEP,,,,,,,,,,,,,False,,,NEG,1.5,2,150,0.0037292775135713547,2,0.2448177977355247,0.19641495436005152,0.0449691845807117,1.5679148646e-08,1.2252925184919454,,,,,,,,,,,
2025-02-12-LiTr/NegHys/-1V 200 stes.txt,2025-02-12-LiTr,LiTr,unk,,802,1048.4088451,1.5045817000000028,-1.0,0.0,SWEEP,,,,,,,,,,,,,False,,,NEG,1.0,2,100,0.0024861716575792212,2,0.27634813964983584,0.41519313393586293,0.17929909418616963,1.4229044609e-09,0.9313878235800532,,,,,,,,,,,
"2025-02-12-LiTr/NegHys/-2V, 0V, 200steps.txt",2025-02-12-LiTr,LiTr,unk,,802,831.63994376,0.9158808399999998,-2.0,0.0,SWEEP,,,,,,,,,,,,,False,,,NEG,2.0,2,200,0.008168417147043649,2,0.279501687878244,0.3989399585828197,0.10982404533358472,7.3776845966e-08,1.4485927406554058,,,,,,,,,,,
"2025-02-12-LiTr/NegHys/-3V, 0V, 100steps.txt",2025-02-12-LiTr,LiTr,unk,,402,259.92821212,0.6124952400000012,-3.0,0.0,SWEEP,,,,,,,,,,,,,False,,,NEG,3.0,2,100,0.03655221826947176,2,31.95594809013825,27.851803468256467,0.2192515866052387,6.9495345087e-06,0.9393623478561833,,,,,,,,,,,
"2025-02-12-LiTr/NegHys/-3V, 0V, 10steps.txt",2025-02-12-LiTr,LiTr,unk,,42,33.42380304,0.6625109599999988,-3.0,0.0,SWEEP,,,,,,,,,,,,,False,,,NEG,3.0,2,10,0.3234447838956727,2,34.989329619466616,23.046886697990054,0.16128753657376182,2.5748449843e-06,1.1312812283034521,,,,,,,,,,,
"2025-02-12-LiTr/NegHys/-3V, 0V, 200steps.txt",2025-02-12-LiTr,LiTr,unk,,802,576.6155012,0.6124979399999688,-3.0,0.0,SWEEP,,,,,,,,,,,,,False,,,NEG,3.0,2,200,0.018321604701491207,2,29.5335176993822,27.121955979595903,0.2212867238824813,1.0241181371e-05,0.7240598783747485,,,,,,,,,,,
"2025-02-12-LiTr/NegHys/-3V, 0V, 25steps.txt",2025-02-12-LiTr,LiTr,unk,,102,75.13610502,0.6125013400000014,-3.0,0.0,SWEEP,,,,,,,,,,,,,False,,,NEG,3.0,2,25,0.14405730788710902,2,30.83400766799219,23.310979923526396,0.19041693260233705,3.674045729e-06,1.061314523696988,,,,,,,,,,,
"2025-02-12-LiTr/NegHys/-3V, 0V, 400 steps.txt",2025-02-12-LiTr,LiTr,unk,,1602,1141.556154,0.6125062799999341,-3.0,0.0,SWEEP,,,,,,,,,,,,,False,,,NEG,3.0,2,300,0.009172114166879223,2,28.19768319175524,24.155534632859357,0.22322539829231747,1.2787859305e-05,0.5360685328950764,,,,,,,,,,,
"2025-02-12-LiTr/NegHys/-3V, 0V, 50steps.txt",2025-02-12-LiTr,LiTr,unk,,202,146.14534988,0.6124934999999994,-3.0,0.0,SWEEP,,,,,,,,,,,,,False,,,NEG,3.0,2,50,0.07274274003813037,2,21.73458515165538,24.05959035191821,0.20743413573158812,5.1670067478e-06,0.9029557923040264,,,,,,,,,,,
"2025-02-12-LiTr/NegHys/-3V, 0V, 600steps.txt",2025-02-12-LiTr,LiTr,unk,,2402,1785.7429091,0.6125087000000349,-3.0,0.0,SWEEP,,,,,,,,,,,,,False,,,NEG,3.0,2,300,0.0061172642968142675,2,23.67726151697495,20.518702543708617,0.22768130687593743,7.8241573647e-06,0.798057412325502,,,,,,,,,,,
"2025-02-12-LiTr/Pulses, pot-depot/-2.25V, -5v, 5v, pot depot, 600 s.txt",2025-02-12-LiTr,LiTr,unk,,1950,79.982093,0.041396459999999635,-5.0,5.0,PULSE,-2.25,-5;5,650,0.12304937384615386,0.04026468000000705,True,650,5.54136931895e-08,9.171664714820002e-07,16.55126050425003,0.9184615384615384,False,False,False,0.8147437762694583,,,,,,,,,,,,,,,,,,,,,,
"2025-02-17-NaTr/pulse, relaxation/-6000, -2.25V, -5, 5VV pulses, 0.02s.txt",2025-02-17-NaTr,NaTr,unk,,14519,1200.4593533,0.041603920000000016,-5.0,-2.25,PULSE,-2.25,-5,7230,0.16603863807745506,598.82074786,False,7231,4.4726766646000005e-07,3.19478567688e-06,7.1428943258202535,0.9632139399806389,False,False,False,0.27950642213670585,,,,,,,,,,,,,,,,,,28.287055900627575,0.35670397008903204,10.123965724114584,True,0.931068967398488
"2025-02-17-NaTr/pulse, relaxation/-600s, -2.25V, -5V pulses, 0.02_second.txt",2025-02-17-NaTr,NaTr,unk,,14459,1198.9149951,0.0416028699999913,-5.0,-2.25,PULSE,-2.25,-5,7200,0.16651597154166667,598.8205584,False,7201,5.0204107538e-07,3.2526673749200004e-06,6.478886956526463,0.5925565893625885,False,False,False,0.29890923997778185,,,,,,,,,,,,,,,,,,39.55048732267486,0.3409820112830851,13.50018466470739,True,0.9168005139747766
"2025-02-17-NaTr/pulse, relaxation/-600s, -2.25V, -5V, 0.02s.txt",2025-02-17-NaTr,NaTr,unk,,14519,1200.4172204,0.04160260000003291,-5.0,-2.25,PULSE,-2.25,-5,7230,0.16603281056708158,598.8204256799999,False,7231,1.4551915228e-08,5.511334165940001e-07,37.87360000101837,0.9994468261651224,False,False,False,1.2040199673304017,,,,,,,,,,,,,,,,,,76.33922581769119,0.4335141604774043,32.7774460248405,True,0.8426831360433849
"2025-02-17-NaTr/pulse, relaxation/1500s, -2.25V, -5V, pulses 0.02s.txt",2025-02-17-NaTr,NaTr,unk,,36119,2098.9008281,0.041601900000046044,-5.0,-2.25,PULSE,-2.25,-5,18030,0.11641158225734886,598.8207648000002,False,18031,1.4842953533e-08,2.27976124734e-06,153.59215686227537,0.9990017192612722,False,False,False,1.012265550788965,,,,,,,,,,,,,,,,,,74.7893460165938,0.3516429892674845,26.374257239967623,True,0.734214604795598
"2025-02-17-NaTr/pulse, relaxation/600, -2.25V, -5V, 5V, 0.02s.txt",2025-02-17-NaTr,NaTr,unk,,14519,1200.3735866,0.04159844999999507,-5.0,-2.25,PULSE,-2.25,-5,7230,0.16602677546334715,598.8204849599999,False,7231,2.1595042199e-08,1.10673252492e-05,512.4938005313319,0.9977873046604896,False,False,False,1.4980295853942083,,,,,,,,,,,,,,,,,,17.8235985824379,0.3612259286665299,6.461665457383161,True,0.945038549452749
"2025-02-17-NaTr/pulse, relaxation/600s, -2.25V, -5V,5V, 0.02sthirdNa2.txt",2025-02-17-NaTr,NaTr,unk,,14519,1200.4661455,0.04160751000001284,-5.0,-2.25,PULSE,-2.25,-5,7230,0.1660395775242047,598.82052634,False,7231,7.724156603199999e-08,2.2967252880200004e-05,297.34318010441456,0.44475176324159865,False,False,False,0.9652196952938562,,,,,,,,,,,,,,,,,,14.443225921267738,0.37410418855635097,5.422285282001174,True,0.9243326935570279
"2025-02-17-NaTr/pulse, relaxation/7200 pulses, -2.25V, -5V, 5V, 0.02 s.txt",2025-02-17-NaTr,NaTr,unk,,28800,1196.7445784,0.04168030000005274,-5.0,5.0,PULSE,-2.25,-5;5,14400,0.08310726238888888,0.0,True,14400,7.357448339450001e-08,2.74665653706e-06,37.33164556973735,0.49993055555555554,False,False,False,0.8989464491777481,,,,,,,,,,,,,,,,,,,,,,
"2025-02-17-NaTr/pulse, relaxation/7200 pulses, -2.25V, -5V, 5V, 0.02 s_second.txt",2025-02-17-NaTr,NaTr,unk,,28800,1196.7118641,0.041679400000020905,-5.0,5.0,PULSE,-2.25,-5;5,14400,0.0831049905625,0.0,True,14400,4.0978193283e-08,1.2541562319e-05,306.0545454599856,0.44055555555555553,False,False,False,1.0499101037506122,,,,,,,,,,,,,,,,,,,,,,
"2025-02-17-NaTr/pulse, relaxation/pulses python.txt",2025-02-17-NaTr,NaTr,unk,,,,,,,PARSE_FAIL,,,,,,,,,,,,,,,,,,,,,,,,,,,,,,,,TSP_SCRIPT,,,,,
"2025-02-17-NaTr/neg Hyst/-3V, 0V, 200 steps-B.txt",2025-02-17-NaTr,NaTr,unk,,802,1050.4040345,1.5045787600000722,-3.0,0.0,SWEEP,,,,,,,,,,,,,False,,,NEG,3.0,2,200,0.007458529546938818,2,0.08462732919572792,0.41391860286878246,0.1556309075092825,6.8524741437e-11,0.29655744504608045,,,,,,,,,,,
"2025-02-17-NaTr/neg Hyst/-3V, 0V, 200 steps.txt",2025-02-17-NaTr,NaTr,unk,,802,231.50823504,0.20243877999999427,-3.0,0.0,SWEEP,,,,,,,,,,,,,False,,,NEG,3.0,2,200,0.055433771815644343,2,1.3135298434633689,1.1315977389753051,0.03334627814269164,8.9691020548e-06,0.9373616861791269,,,,,,,,,,,
"2025-02-21-NaTr/NegHyst/100steps, -3V.txt",2025-02-21-NaTr,NaTr,unk,,102,20.44379176,0.20141435999999935,-3.0,0.0,SWEEP,,,,,,,,,,,,,False,,,NEG,3.0,2,25,0.4380784672833027,2,1.3571428571401178,1.400793650795595,0.12376583840599148,2.1979212761e-07,0.8728813559256486,,,,,,,,,,,
"2025-02-21-NaTr/NegHyst/25steps, -3V.txt",2025-02-21-NaTr,NaTr,unk,,102,20.44380376,0.2014163,-3.0,0.0,SWEEP,,,,,,,,,,,,,False,,,NEG,3.0,2,25,0.43807424780242243,2,1.4285714285056892,1.8642857142635818,0.013194015409801729,5.1595270634e-07,0.7003610108246574,,,,,,,,,,,
2025-02-21-NaTr/NegHyst/50steps -3V.txt,2025-02-21-NaTr,NaTr,unk,,102,20.44379176,0.20141435999999935,-3.0,0.0,SWEEP,,,,,,,,,,,,,False,,,NEG,3.0,2,25,0.4380784672833027,2,1.3571428571401178,1.400793650795595,0.12376583840599148,2.1979212761e-07,0.8728813559256486,,,,,,,,,,,
